Vytváøení sestavení bylo zahájeno 6. 9. 2026 0:35:54.
Podrobnost protokolování je nastavená na: Normal.
Projekt C:\Users\ratho\OneDrive\Plocha\work_2026\FASK_2026\0x_Zdrojove_Kody\Konzola\Konzola.sln v uzlu 1 (poèet cílù: Build).
ValidateSolutionConfiguration:
  Probíhá vytváøení konfigurace øešení Debug|Any CPU.
Probíhá sestavení projektu C:\Users\ratho\OneDrive\Plocha\work_2026\FASK_2026\0x_Zdrojove_Kody\Konzola\Konzola.sln (1) – C:\Users\ratho\OneDrive\Plocha\work_2026\FASK_2026\0x_Zdrojove_Kody\Konzola\Konzola\Konzola.csproj (2) v uzlu 1 (výchozí cíle).
Probíhá sestavení projektu C:\Users\ratho\OneDrive\Plocha\work_2026\FASK_2026\0x_Zdrojove_Kody\Konzola\Konzola\Konzola.csproj (2) – C:\Users\ratho\OneDrive\Plocha\work_2026\FASK_2026\0x_Zdrojove_Kody\_SdileneProjekty_\AdvanceDataGridView\AdvancedDataGridView\AdvancedDataGridView.csproj (3:2) v uzlu 1 (výchozí cíle).
CoreResGen:
  Probíhá zpracování souboru prostøedku AdvancedDataGridViewSearchToolBar.resx do obj\Debug\Zuby.ADGV.AdvancedDataGridViewSearchToolBar.resources.
  Probíhá zpracování souboru prostøedku Properties\Resources.resx do obj\Debug\Zuby.Properties.Resources.resources.
  Probíhá zpracování souboru prostøedku FormCustomFilter.resx do obj\Debug\Zuby.ADGV.FormCustomFilter.resources.
GenerateTargetFrameworkMonikerAttribute:
Cíl GenerateTargetFrameworkMonikerAttribute bude vynechán, protože všechny výstupní soubory jsou aktuální vzhledem ke vstupním souborùm.
CoreCompile:
  Setting DOTNET_TieredCompilation to '0'
  C:\Program Files\Microsoft Visual Studio\18\Community\MSBuild\Current\Bin\Roslyn\csc.exe /noconfig /nowarn:1701,1702 /fullpaths /nostdlib+ /errorreport:prompt /warn:4 /define:DEBUG;TRACE /highentropyva+ /reference:C:\Users\ratho\OneDrive\Plocha\work_2026\FASK_2026\0x_Zdrojove_Kody\Konzola\packages\Dapper.2.1.35\lib\net461\Dapper.dll /reference:"C:\Program Files (x86)\Reference Assemblies\Microsoft\Framework\.NETFramework\v4.7\Microsoft.CSharp.dll" /reference:"C:\Program Files (x86)\Reference Assemblies\Microsoft\Framework\.NETFramework\v4.7\mscorlib.dll" /reference:"C:\Program Files (x86)\Reference Assemblies\Microsoft\Framework\.NETFramework\v4.7\System.Configuration.dll" /reference:"C:\Program Files (x86)\Reference Assemblies\Microsoft\Framework\.NETFramework\v4.7\System.Core.dll" /reference:"C:\Program Files (x86)\Reference Assemblies\Microsoft\Framework\.NETFramework\v4.7\System.Data.DataSetExtensions.dll" /reference:"C:\Program Files (x86)\Reference Assemblies\Microsoft\Framework\.NETFramework\v4.7\System.Data.dll" /reference:"C:\Program Files (x86)\Reference Assemblies\Microsoft\Framework\.NETFramework\v4.7\System.dll" /reference:"C:\Program Files (x86)\Reference Assemblies\Microsoft\Framework\.NETFramework\v4.7\System.Drawing.dll" /reference:"C:\Program Files (x86)\Reference Assemblies\Microsoft\Framework\.NETFramework\v4.7\System.Windows.Forms.dll" /reference:"C:\Program Files (x86)\Reference Assemblies\Microsoft\Framework\.NETFramework\v4.7\System.Xml.dll" /reference:"C:\Program Files (x86)\Reference Assemblies\Microsoft\Framework\.NETFramework\v4.7\System.Xml.Linq.dll" /debug+ /debug:full /filealign:512 /optimize- /out:obj\Debug\AdvancedDataGridView.dll /subsystemversion:6.00 /resource:obj\Debug\Zuby.ADGV.AdvancedDataGridViewSearchToolBar.resources /resource:obj\Debug\Zuby.Properties.Resources.resources /resource:obj\Debug\Zuby.ADGV.FormCustomFilter.resources /target:library /utf8output /langversion:7.3 ColumnHeaderCell.cs AdvancedDataGridView.cs MenuStrip.cs MenuStrip.designer.cs MyColumnTypeConverter.cs Properties\AssemblyInfo.cs Properties\Resources.Designer.cs AdvancedDataGridViewSearchToolBar.cs AdvancedDataGridViewSearchToolBar.designer.cs FormCustomFilter.cs FormCustomFilter.Designer.cs Properties\Settings.Designer.cs TreeNodeItemSelector.cs "obj\Debug\.NETFramework,Version=v4.7.AssemblyAttributes.cs"
  Compilation request AdvancedDataGridView, PathToTool=C:\Program Files\Microsoft Visual Studio\18\Community\MSBuild\Current\Bin\Roslyn\csc.exe
  CommandLine = ' /noconfig'
  BuildResponseFile = '/nowarn:1701,1702 /fullpaths /nostdlib+ /errorreport:prompt /warn:4 /define:DEBUG;TRACE /highentropyva+ /reference:C:\Users\ratho\OneDrive\Plocha\work_2026\FASK_2026\0x_Zdrojove_Kody\Konzola\packages\Dapper.2.1.35\lib\net461\Dapper.dll /reference:"C:\Program Files (x86)\Reference Assemblies\Microsoft\Framework\.NETFramework\v4.7\Microsoft.CSharp.dll" /reference:"C:\Program Files (x86)\Reference Assemblies\Microsoft\Framework\.NETFramework\v4.7\mscorlib.dll" /reference:"C:\Program Files (x86)\Reference Assemblies\Microsoft\Framework\.NETFramework\v4.7\System.Configuration.dll" /reference:"C:\Program Files (x86)\Reference Assemblies\Microsoft\Framework\.NETFramework\v4.7\System.Core.dll" /reference:"C:\Program Files (x86)\Reference Assemblies\Microsoft\Framework\.NETFramework\v4.7\System.Data.DataSetExtensions.dll" /reference:"C:\Program Files (x86)\Reference Assemblies\Microsoft\Framework\.NETFramework\v4.7\System.Data.dll" /reference:"C:\Program Files (x86)\Reference Assemblies\Microsoft\Framework\.NETFramework\v4.7\System.dll" /reference:"C:\Program Files (x86)\Reference Assemblies\Microsoft\Framework\.NETFramework\v4.7\System.Drawing.dll" /reference:"C:\Program Files (x86)\Reference Assemblies\Microsoft\Framework\.NETFramework\v4.7\System.Windows.Forms.dll" /reference:"C:\Program Files (x86)\Reference Assemblies\Microsoft\Framework\.NETFramework\v4.7\System.Xml.dll" /reference:"C:\Program Files (x86)\Reference Assemblies\Microsoft\Framework\.NETFramework\v4.7\System.Xml.Linq.dll" /debug+ /debug:full /filealign:512 /optimize- /out:obj\Debug\AdvancedDataGridView.dll /subsystemversion:6.00 /resource:obj\Debug\Zuby.ADGV.AdvancedDataGridViewSearchToolBar.resources /resource:obj\Debug\Zuby.Properties.Resources.resources /resource:obj\Debug\Zuby.ADGV.FormCustomFilter.resources /target:library /utf8output /langversion:7.3 ColumnHeaderCell.cs AdvancedDataGridView.cs MenuStrip.cs MenuStrip.designer.cs MyColumnTypeConverter.cs Properties\AssemblyInfo.cs Properties\Resources.Designer.cs AdvancedDataGridViewSearchToolBar.cs AdvancedDataGridViewSearchToolBar.designer.cs FormCustomFilter.cs FormCustomFilter.Designer.cs Properties\Settings.Designer.cs TreeNodeItemSelector.cs "obj\Debug\.NETFramework,Version=v4.7.AssemblyAttributes.cs"'
  Attempt to open named pipe '9u7Mq5B0RaDaiN3atZFkuOIPV_m2MrBWEDBJPGpczys'
  Attempt to connect named pipe '9u7Mq5B0RaDaiN3atZFkuOIPV_m2MrBWEDBJPGpczys'
  Named pipe '9u7Mq5B0RaDaiN3atZFkuOIPV_m2MrBWEDBJPGpczys' connected
  Begin writing request for AdvancedDataGridView
  End writing request for AdvancedDataGridView
  Begin reading response for AdvancedDataGridView
  End reading response for AdvancedDataGridView
  CompilerServer: server - server processed compilation - AdvancedDataGridView
_CopyAppConfigFile:
Cíl _CopyAppConfigFile bude vynechán, protože všechny výstupní soubory jsou aktuální vzhledem ke vstupním souborùm.
CopyFilesToOutputDirectory:
  Probíhá kopírování souboru z umístìní C:\Users\ratho\OneDrive\Plocha\work_2026\FASK_2026\0x_Zdrojove_Kody\_SdileneProjekty_\AdvanceDataGridView\AdvancedDataGridView\obj\Debug\AdvancedDataGridView.dll do umístìní C:\Users\ratho\OneDrive\Plocha\work_2026\FASK_2026\0x_Zdrojove_Kody\_SdileneProjekty_\AdvanceDataGridView\AdvancedDataGridView\!Build!\Debug\AdvancedDataGridView.dll.
  AdvancedDataGridView -> C:\Users\ratho\OneDrive\Plocha\work_2026\FASK_2026\0x_Zdrojove_Kody\_SdileneProjekty_\AdvanceDataGridView\AdvancedDataGridView\!Build!\Debug\AdvancedDataGridView.dll
  Probíhá kopírování souboru z umístìní C:\Users\ratho\OneDrive\Plocha\work_2026\FASK_2026\0x_Zdrojove_Kody\_SdileneProjekty_\AdvanceDataGridView\AdvancedDataGridView\obj\Debug\AdvancedDataGridView.pdb do umístìní C:\Users\ratho\OneDrive\Plocha\work_2026\FASK_2026\0x_Zdrojove_Kody\_SdileneProjekty_\AdvanceDataGridView\AdvancedDataGridView\!Build!\Debug\AdvancedDataGridView.pdb.
Sestavení projektu C:\Users\ratho\OneDrive\Plocha\work_2026\FASK_2026\0x_Zdrojove_Kody\_SdileneProjekty_\AdvanceDataGridView\AdvancedDataGridView\AdvancedDataGridView.csproj (s výchozími cíli) bylo dokonèeno.
Probíhá sestavení projektu C:\Users\ratho\OneDrive\Plocha\work_2026\FASK_2026\0x_Zdrojove_Kody\Konzola\Konzola\Konzola.csproj (2) – C:\Users\ratho\OneDrive\Plocha\work_2026\FASK_2026\0x_Zdrojove_Kody\_SdileneProjekty_\AdvancedButtonsPanel\AdvancedButtonsPanel.csproj (4:2) v uzlu 1 (výchozí cíle).
Probíhá sestavení projektu C:\Users\ratho\OneDrive\Plocha\work_2026\FASK_2026\0x_Zdrojove_Kody\_SdileneProjekty_\AdvancedButtonsPanel\AdvancedButtonsPanel.csproj (4:2) – C:\Users\ratho\OneDrive\Plocha\work_2026\FASK_2026\0x_Zdrojove_Kody\_SdileneProjekty_\Fask.Logging\Fask.Logging.csproj (8:3) v uzlu 1 (výchozí cíle).
GenerateTargetFrameworkMonikerAttribute:
Cíl GenerateTargetFrameworkMonikerAttribute bude vynechán, protože všechny výstupní soubory jsou aktuální vzhledem ke vstupním souborùm.
CoreCompile:
  Setting DOTNET_TieredCompilation to '0'
  C:\Program Files\Microsoft Visual Studio\18\Community\MSBuild\Current\Bin\Roslyn\csc.exe /noconfig /nowarn:1701,1702 /fullpaths /nostdlib+ /errorreport:prompt /warn:4 /define:DEBUG;TRACE /highentropyva+ /reference:C:\Users\ratho\OneDrive\Plocha\work_2026\FASK_2026\0x_Zdrojove_Kody\Konzola\packages\Dapper.2.1.35\lib\net461\Dapper.dll /reference:"C:\Program Files (x86)\Reference Assemblies\Microsoft\Framework\.NETFramework\v4.7\mscorlib.dll" /reference:"C:\Program Files (x86)\Reference Assemblies\Microsoft\Framework\.NETFramework\v4.7\System.Core.dll" /reference:"C:\Program Files (x86)\Reference Assemblies\Microsoft\Framework\.NETFramework\v4.7\System.Data.DataSetExtensions.dll" /reference:"C:\Program Files (x86)\Reference Assemblies\Microsoft\Framework\.NETFramework\v4.7\System.Data.dll" /reference:"C:\Program Files (x86)\Reference Assemblies\Microsoft\Framework\.NETFramework\v4.7\System.dll" /reference:"C:\Program Files (x86)\Reference Assemblies\Microsoft\Framework\.NETFramework\v4.7\System.Windows.Forms.dll" /reference:"C:\Program Files (x86)\Reference Assemblies\Microsoft\Framework\.NETFramework\v4.7\System.Xml.dll" /reference:"C:\Program Files (x86)\Reference Assemblies\Microsoft\Framework\.NETFramework\v4.7\System.Xml.Linq.dll" /debug+ /debug:full /filealign:512 /optimize- /out:obj\Debug\Fask.Logging.dll /subsystemversion:6.00 /target:library /utf8output /langversion:7.3 Classes\ILog2.cs Classes\ListException2String.cs Classes\Log3.cs Classes\LogLevel.cs Email.cs ExceptionHandler2.cs Properties\AssemblyInfo.cs "obj\Debug\.NETFramework,Version=v4.7.AssemblyAttributes.cs"
  Compilation request Fask.Logging, PathToTool=C:\Program Files\Microsoft Visual Studio\18\Community\MSBuild\Current\Bin\Roslyn\csc.exe
  CommandLine = ' /noconfig'
  BuildResponseFile = '/nowarn:1701,1702 /fullpaths /nostdlib+ /errorreport:prompt /warn:4 /define:DEBUG;TRACE /highentropyva+ /reference:C:\Users\ratho\OneDrive\Plocha\work_2026\FASK_2026\0x_Zdrojove_Kody\Konzola\packages\Dapper.2.1.35\lib\net461\Dapper.dll /reference:"C:\Program Files (x86)\Reference Assemblies\Microsoft\Framework\.NETFramework\v4.7\mscorlib.dll" /reference:"C:\Program Files (x86)\Reference Assemblies\Microsoft\Framework\.NETFramework\v4.7\System.Core.dll" /reference:"C:\Program Files (x86)\Reference Assemblies\Microsoft\Framework\.NETFramework\v4.7\System.Data.DataSetExtensions.dll" /reference:"C:\Program Files (x86)\Reference Assemblies\Microsoft\Framework\.NETFramework\v4.7\System.Data.dll" /reference:"C:\Program Files (x86)\Reference Assemblies\Microsoft\Framework\.NETFramework\v4.7\System.dll" /reference:"C:\Program Files (x86)\Reference Assemblies\Microsoft\Framework\.NETFramework\v4.7\System.Windows.Forms.dll" /reference:"C:\Program Files (x86)\Reference Assemblies\Microsoft\Framework\.NETFramework\v4.7\System.Xml.dll" /reference:"C:\Program Files (x86)\Reference Assemblies\Microsoft\Framework\.NETFramework\v4.7\System.Xml.Linq.dll" /debug+ /debug:full /filealign:512 /optimize- /out:obj\Debug\Fask.Logging.dll /subsystemversion:6.00 /target:library /utf8output /langversion:7.3 Classes\ILog2.cs Classes\ListException2String.cs Classes\Log3.cs Classes\LogLevel.cs Email.cs ExceptionHandler2.cs Properties\AssemblyInfo.cs "obj\Debug\.NETFramework,Version=v4.7.AssemblyAttributes.cs"'
  Attempt to open named pipe '9u7Mq5B0RaDaiN3atZFkuOIPV_m2MrBWEDBJPGpczys'
  Attempt to connect named pipe '9u7Mq5B0RaDaiN3atZFkuOIPV_m2MrBWEDBJPGpczys'
  Named pipe '9u7Mq5B0RaDaiN3atZFkuOIPV_m2MrBWEDBJPGpczys' connected
  Begin writing request for Fask.Logging
  End writing request for Fask.Logging
  Begin reading response for Fask.Logging
  End reading response for Fask.Logging
  CompilerServer: server - server processed compilation - Fask.Logging
CopyFilesToOutputDirectory:
  Probíhá kopírování souboru z umístìní C:\Users\ratho\OneDrive\Plocha\work_2026\FASK_2026\0x_Zdrojove_Kody\_SdileneProjekty_\Fask.Logging\obj\Debug\Fask.Logging.dll do umístìní C:\Users\ratho\OneDrive\Plocha\work_2026\FASK_2026\0x_Zdrojove_Kody\_SdileneProjekty_\Fask.Logging\!Build!\Debug\Fask.Logging.dll.
  Fask.Logging -> C:\Users\ratho\OneDrive\Plocha\work_2026\FASK_2026\0x_Zdrojove_Kody\_SdileneProjekty_\Fask.Logging\!Build!\Debug\Fask.Logging.dll
  Probíhá kopírování souboru z umístìní C:\Users\ratho\OneDrive\Plocha\work_2026\FASK_2026\0x_Zdrojove_Kody\_SdileneProjekty_\Fask.Logging\obj\Debug\Fask.Logging.pdb do umístìní C:\Users\ratho\OneDrive\Plocha\work_2026\FASK_2026\0x_Zdrojove_Kody\_SdileneProjekty_\Fask.Logging\!Build!\Debug\Fask.Logging.pdb.
Sestavení projektu C:\Users\ratho\OneDrive\Plocha\work_2026\FASK_2026\0x_Zdrojove_Kody\_SdileneProjekty_\Fask.Logging\Fask.Logging.csproj (s výchozími cíli) bylo dokonèeno.
GenerateTargetFrameworkMonikerAttribute:
Cíl GenerateTargetFrameworkMonikerAttribute bude vynechán, protože všechny výstupní soubory jsou aktuální vzhledem ke vstupním souborùm.
CoreCompile:
  Setting DOTNET_TieredCompilation to '0'
  C:\Program Files\Microsoft Visual Studio\18\Community\MSBuild\Current\Bin\Roslyn\csc.exe /noconfig /nowarn:1701,1702 /fullpaths /nostdlib+ /errorreport:prompt /warn:4 /define:DEBUG;TRACE /highentropyva+ /reference:C:\Users\ratho\OneDrive\Plocha\work_2026\FASK_2026\0x_Zdrojove_Kody\Konzola\packages\Dapper.2.1.35\lib\net461\Dapper.dll /reference:"C:\Users\ratho\OneDrive\Plocha\work_2026\FASK_2026\0x_Zdrojove_Kody\_SdileneProjekty_\Fask.Logging\!Build!\Debug\Fask.Logging.dll" /reference:"C:\Program Files (x86)\Reference Assemblies\Microsoft\Framework\.NETFramework\v4.7\Microsoft.CSharp.dll" /reference:"C:\Program Files (x86)\Reference Assemblies\Microsoft\Framework\.NETFramework\v4.7\mscorlib.dll" /reference:"C:\Program Files (x86)\Reference Assemblies\Microsoft\Framework\.NETFramework\v4.7\System.Core.dll" /reference:"C:\Program Files (x86)\Reference Assemblies\Microsoft\Framework\.NETFramework\v4.7\System.Data.DataSetExtensions.dll" /reference:"C:\Program Files (x86)\Reference Assemblies\Microsoft\Framework\.NETFramework\v4.7\System.Data.dll" /reference:"C:\Program Files (x86)\Reference Assemblies\Microsoft\Framework\.NETFramework\v4.7\System.dll" /reference:"C:\Program Files (x86)\Reference Assemblies\Microsoft\Framework\.NETFramework\v4.7\System.Drawing.dll" /reference:"C:\Program Files (x86)\Reference Assemblies\Microsoft\Framework\.NETFramework\v4.7\System.Windows.Forms.dll" /reference:"C:\Program Files (x86)\Reference Assemblies\Microsoft\Framework\.NETFramework\v4.7\System.Xml.dll" /reference:"C:\Program Files (x86)\Reference Assemblies\Microsoft\Framework\.NETFramework\v4.7\System.Xml.Linq.dll" /debug+ /debug:full /filealign:512 /optimize- /out:obj\Debug\AdvancedButtonsPanel.dll /subsystemversion:6.00 /target:library /utf8output /langversion:7.3 ButtonsPanel.cs Properties\AssemblyInfo.cs "obj\Debug\.NETFramework,Version=v4.7.AssemblyAttributes.cs"
  Compilation request AdvancedButtonsPanel, PathToTool=C:\Program Files\Microsoft Visual Studio\18\Community\MSBuild\Current\Bin\Roslyn\csc.exe
  CommandLine = ' /noconfig'
  BuildResponseFile = '/nowarn:1701,1702 /fullpaths /nostdlib+ /errorreport:prompt /warn:4 /define:DEBUG;TRACE /highentropyva+ /reference:C:\Users\ratho\OneDrive\Plocha\work_2026\FASK_2026\0x_Zdrojove_Kody\Konzola\packages\Dapper.2.1.35\lib\net461\Dapper.dll /reference:"C:\Users\ratho\OneDrive\Plocha\work_2026\FASK_2026\0x_Zdrojove_Kody\_SdileneProjekty_\Fask.Logging\!Build!\Debug\Fask.Logging.dll" /reference:"C:\Program Files (x86)\Reference Assemblies\Microsoft\Framework\.NETFramework\v4.7\Microsoft.CSharp.dll" /reference:"C:\Program Files (x86)\Reference Assemblies\Microsoft\Framework\.NETFramework\v4.7\mscorlib.dll" /reference:"C:\Program Files (x86)\Reference Assemblies\Microsoft\Framework\.NETFramework\v4.7\System.Core.dll" /reference:"C:\Program Files (x86)\Reference Assemblies\Microsoft\Framework\.NETFramework\v4.7\System.Data.DataSetExtensions.dll" /reference:"C:\Program Files (x86)\Reference Assemblies\Microsoft\Framework\.NETFramework\v4.7\System.Data.dll" /reference:"C:\Program Files (x86)\Reference Assemblies\Microsoft\Framework\.NETFramework\v4.7\System.dll" /reference:"C:\Program Files (x86)\Reference Assemblies\Microsoft\Framework\.NETFramework\v4.7\System.Drawing.dll" /reference:"C:\Program Files (x86)\Reference Assemblies\Microsoft\Framework\.NETFramework\v4.7\System.Windows.Forms.dll" /reference:"C:\Program Files (x86)\Reference Assemblies\Microsoft\Framework\.NETFramework\v4.7\System.Xml.dll" /reference:"C:\Program Files (x86)\Reference Assemblies\Microsoft\Framework\.NETFramework\v4.7\System.Xml.Linq.dll" /debug+ /debug:full /filealign:512 /optimize- /out:obj\Debug\AdvancedButtonsPanel.dll /subsystemversion:6.00 /target:library /utf8output /langversion:7.3 ButtonsPanel.cs Properties\AssemblyInfo.cs "obj\Debug\.NETFramework,Version=v4.7.AssemblyAttributes.cs"'
  Attempt to open named pipe '9u7Mq5B0RaDaiN3atZFkuOIPV_m2MrBWEDBJPGpczys'
  Attempt to connect named pipe '9u7Mq5B0RaDaiN3atZFkuOIPV_m2MrBWEDBJPGpczys'
  Named pipe '9u7Mq5B0RaDaiN3atZFkuOIPV_m2MrBWEDBJPGpczys' connected
  Begin writing request for AdvancedButtonsPanel
  End writing request for AdvancedButtonsPanel
  Begin reading response for AdvancedButtonsPanel
  End reading response for AdvancedButtonsPanel
  CompilerServer: server - server processed compilation - AdvancedButtonsPanel
_CopyFilesMarkedCopyLocal:
  Probíhá kopírování souboru z umístìní C:\Users\ratho\OneDrive\Plocha\work_2026\FASK_2026\0x_Zdrojove_Kody\_SdileneProjekty_\Fask.Logging\!Build!\Debug\Fask.Logging.dll do umístìní C:\Users\ratho\OneDrive\Plocha\work_2026\FASK_2026\0x_Zdrojove_Kody\_SdileneProjekty_\AdvancedButtonsPanel\!Build!\Debug\Fask.Logging.dll.
  Probíhá kopírování souboru z umístìní C:\Users\ratho\OneDrive\Plocha\work_2026\FASK_2026\0x_Zdrojove_Kody\_SdileneProjekty_\Fask.Logging\!Build!\Debug\Fask.Logging.pdb do umístìní C:\Users\ratho\OneDrive\Plocha\work_2026\FASK_2026\0x_Zdrojove_Kody\_SdileneProjekty_\AdvancedButtonsPanel\!Build!\Debug\Fask.Logging.pdb.
  Probíhá aktualizace èasového razítka pro C:\Users\ratho\OneDrive\Plocha\work_2026\FASK_2026\0x_Zdrojove_Kody\_SdileneProjekty_\AdvancedButtonsPanel\obj\Debug\Advanced.64B7F386.Up2Date.
CopyFilesToOutputDirectory:
  Probíhá kopírování souboru z umístìní C:\Users\ratho\OneDrive\Plocha\work_2026\FASK_2026\0x_Zdrojove_Kody\_SdileneProjekty_\AdvancedButtonsPanel\obj\Debug\AdvancedButtonsPanel.dll do umístìní C:\Users\ratho\OneDrive\Plocha\work_2026\FASK_2026\0x_Zdrojove_Kody\_SdileneProjekty_\AdvancedButtonsPanel\!Build!\Debug\AdvancedButtonsPanel.dll.
  AdvancedButtonsPanel -> C:\Users\ratho\OneDrive\Plocha\work_2026\FASK_2026\0x_Zdrojove_Kody\_SdileneProjekty_\AdvancedButtonsPanel\!Build!\Debug\AdvancedButtonsPanel.dll
  Probíhá kopírování souboru z umístìní C:\Users\ratho\OneDrive\Plocha\work_2026\FASK_2026\0x_Zdrojove_Kody\_SdileneProjekty_\AdvancedButtonsPanel\obj\Debug\AdvancedButtonsPanel.pdb do umístìní C:\Users\ratho\OneDrive\Plocha\work_2026\FASK_2026\0x_Zdrojove_Kody\_SdileneProjekty_\AdvancedButtonsPanel\!Build!\Debug\AdvancedButtonsPanel.pdb.
Sestavení projektu C:\Users\ratho\OneDrive\Plocha\work_2026\FASK_2026\0x_Zdrojove_Kody\_SdileneProjekty_\AdvancedButtonsPanel\AdvancedButtonsPanel.csproj (s výchozími cíli) bylo dokonèeno.
Probíhá sestavení projektu C:\Users\ratho\OneDrive\Plocha\work_2026\FASK_2026\0x_Zdrojove_Kody\Konzola\Konzola\Konzola.csproj (2) – C:\Users\ratho\OneDrive\Plocha\work_2026\FASK_2026\0x_Zdrojove_Kody\_SdileneProjekty_\Fask.BarCodeGraphics\Fask.BarCodeGraphics.ZPL_Zxing\Fask.BarCodeGraphics.ZPL_Zxing.csproj (5:2) v uzlu 1 (výchozí cíle).
Probíhá sestavení projektu C:\Users\ratho\OneDrive\Plocha\work_2026\FASK_2026\0x_Zdrojove_Kody\_SdileneProjekty_\Fask.BarCodeGraphics\Fask.BarCodeGraphics.ZPL_Zxing\Fask.BarCodeGraphics.ZPL_Zxing.csproj (5:2) – C:\Users\ratho\OneDrive\Plocha\work_2026\FASK_2026\0x_Zdrojove_Kody\_SdileneProjekty_\Fask.BarCodeGraphics\Fask.BarCodeGraphics\Fask.BarCodeGraphics.csproj (6:3) v uzlu 1 (výchozí cíle).
GenerateTargetFrameworkMonikerAttribute:
Cíl GenerateTargetFrameworkMonikerAttribute bude vynechán, protože všechny výstupní soubory jsou aktuální vzhledem ke vstupním souborùm.
CoreCompile:
  Setting DOTNET_TieredCompilation to '0'
  C:\Program Files\Microsoft Visual Studio\18\Community\MSBuild\Current\Bin\Roslyn\csc.exe /noconfig /nowarn:1701,1702 /fullpaths /nostdlib+ /errorreport:prompt /warn:4 /define:DEBUG;TRACE /highentropyva+ /reference:C:\Users\ratho\OneDrive\Plocha\work_2026\FASK_2026\0x_Zdrojove_Kody\Konzola\packages\Dapper.2.1.35\lib\net461\Dapper.dll /reference:"C:\Program Files (x86)\Reference Assemblies\Microsoft\Framework\.NETFramework\v4.7\mscorlib.dll" /reference:"C:\Program Files (x86)\Reference Assemblies\Microsoft\Framework\.NETFramework\v4.7\System.Core.dll" /reference:"C:\Program Files (x86)\Reference Assemblies\Microsoft\Framework\.NETFramework\v4.7\System.Data.DataSetExtensions.dll" /reference:"C:\Program Files (x86)\Reference Assemblies\Microsoft\Framework\.NETFramework\v4.7\System.Data.dll" /reference:"C:\Program Files (x86)\Reference Assemblies\Microsoft\Framework\.NETFramework\v4.7\System.dll" /reference:"C:\Program Files (x86)\Reference Assemblies\Microsoft\Framework\.NETFramework\v4.7\System.Xml.dll" /reference:"C:\Program Files (x86)\Reference Assemblies\Microsoft\Framework\.NETFramework\v4.7\System.Xml.Linq.dll" /debug+ /debug:full /filealign:512 /optimize- /out:obj\Debug\Fask.BarCodeGraphics.dll /subsystemversion:6.00 /target:library /utf8output /langversion:7.3 IBarCodeGraphics.cs Properties\AssemblyInfo.cs "obj\Debug\.NETFramework,Version=v4.7.AssemblyAttributes.cs"
  Compilation request Fask.BarCodeGraphics, PathToTool=C:\Program Files\Microsoft Visual Studio\18\Community\MSBuild\Current\Bin\Roslyn\csc.exe
  CommandLine = ' /noconfig'
  BuildResponseFile = '/nowarn:1701,1702 /fullpaths /nostdlib+ /errorreport:prompt /warn:4 /define:DEBUG;TRACE /highentropyva+ /reference:C:\Users\ratho\OneDrive\Plocha\work_2026\FASK_2026\0x_Zdrojove_Kody\Konzola\packages\Dapper.2.1.35\lib\net461\Dapper.dll /reference:"C:\Program Files (x86)\Reference Assemblies\Microsoft\Framework\.NETFramework\v4.7\mscorlib.dll" /reference:"C:\Program Files (x86)\Reference Assemblies\Microsoft\Framework\.NETFramework\v4.7\System.Core.dll" /reference:"C:\Program Files (x86)\Reference Assemblies\Microsoft\Framework\.NETFramework\v4.7\System.Data.DataSetExtensions.dll" /reference:"C:\Program Files (x86)\Reference Assemblies\Microsoft\Framework\.NETFramework\v4.7\System.Data.dll" /reference:"C:\Program Files (x86)\Reference Assemblies\Microsoft\Framework\.NETFramework\v4.7\System.dll" /reference:"C:\Program Files (x86)\Reference Assemblies\Microsoft\Framework\.NETFramework\v4.7\System.Xml.dll" /reference:"C:\Program Files (x86)\Reference Assemblies\Microsoft\Framework\.NETFramework\v4.7\System.Xml.Linq.dll" /debug+ /debug:full /filealign:512 /optimize- /out:obj\Debug\Fask.BarCodeGraphics.dll /subsystemversion:6.00 /target:library /utf8output /langversion:7.3 IBarCodeGraphics.cs Properties\AssemblyInfo.cs "obj\Debug\.NETFramework,Version=v4.7.AssemblyAttributes.cs"'
  Attempt to open named pipe '9u7Mq5B0RaDaiN3atZFkuOIPV_m2MrBWEDBJPGpczys'
  Attempt to connect named pipe '9u7Mq5B0RaDaiN3atZFkuOIPV_m2MrBWEDBJPGpczys'
  Named pipe '9u7Mq5B0RaDaiN3atZFkuOIPV_m2MrBWEDBJPGpczys' connected
  Begin writing request for Fask.BarCodeGraphics
  End writing request for Fask.BarCodeGraphics
  Begin reading response for Fask.BarCodeGraphics
  End reading response for Fask.BarCodeGraphics
  CompilerServer: server - server processed compilation - Fask.BarCodeGraphics
CopyFilesToOutputDirectory:
  Probíhá kopírování souboru z umístìní C:\Users\ratho\OneDrive\Plocha\work_2026\FASK_2026\0x_Zdrojove_Kody\_SdileneProjekty_\Fask.BarCodeGraphics\Fask.BarCodeGraphics\obj\Debug\Fask.BarCodeGraphics.dll do umístìní C:\Users\ratho\OneDrive\Plocha\work_2026\FASK_2026\0x_Zdrojove_Kody\_SdileneProjekty_\Fask.BarCodeGraphics\Fask.BarCodeGraphics\!Build!\Debug\Fask.BarCodeGraphics.dll.
  Fask.BarCodeGraphics -> C:\Users\ratho\OneDrive\Plocha\work_2026\FASK_2026\0x_Zdrojove_Kody\_SdileneProjekty_\Fask.BarCodeGraphics\Fask.BarCodeGraphics\!Build!\Debug\Fask.BarCodeGraphics.dll
  Probíhá kopírování souboru z umístìní C:\Users\ratho\OneDrive\Plocha\work_2026\FASK_2026\0x_Zdrojove_Kody\_SdileneProjekty_\Fask.BarCodeGraphics\Fask.BarCodeGraphics\obj\Debug\Fask.BarCodeGraphics.pdb do umístìní C:\Users\ratho\OneDrive\Plocha\work_2026\FASK_2026\0x_Zdrojove_Kody\_SdileneProjekty_\Fask.BarCodeGraphics\Fask.BarCodeGraphics\!Build!\Debug\Fask.BarCodeGraphics.pdb.
Sestavení projektu C:\Users\ratho\OneDrive\Plocha\work_2026\FASK_2026\0x_Zdrojove_Kody\_SdileneProjekty_\Fask.BarCodeGraphics\Fask.BarCodeGraphics\Fask.BarCodeGraphics.csproj (s výchozími cíli) bylo dokonèeno.
GenerateTargetFrameworkMonikerAttribute:
Cíl GenerateTargetFrameworkMonikerAttribute bude vynechán, protože všechny výstupní soubory jsou aktuální vzhledem ke vstupním souborùm.
CoreCompile:
  Setting DOTNET_TieredCompilation to '0'
  C:\Program Files\Microsoft Visual Studio\18\Community\MSBuild\Current\Bin\Roslyn\csc.exe /noconfig /nowarn:1701,1702 /fullpaths /nostdlib+ /errorreport:prompt /warn:4 /define:DEBUG;TRACE /highentropyva+ /reference:C:\Users\ratho\OneDrive\Plocha\work_2026\FASK_2026\0x_Zdrojove_Kody\Konzola\packages\Dapper.2.1.35\lib\net461\Dapper.dll /reference:"C:\Users\ratho\OneDrive\Plocha\work_2026\FASK_2026\0x_Zdrojove_Kody\_SdileneProjekty_\Fask.BarCodeGraphics\Fask.BarCodeGraphics\!Build!\Debug\Fask.BarCodeGraphics.dll" /reference:"C:\Program Files (x86)\Reference Assemblies\Microsoft\Framework\.NETFramework\v4.7\mscorlib.dll" /reference:"C:\Program Files (x86)\Reference Assemblies\Microsoft\Framework\.NETFramework\v4.7\System.Core.dll" /reference:"C:\Program Files (x86)\Reference Assemblies\Microsoft\Framework\.NETFramework\v4.7\System.Data.DataSetExtensions.dll" /reference:"C:\Program Files (x86)\Reference Assemblies\Microsoft\Framework\.NETFramework\v4.7\System.Data.dll" /reference:"C:\Program Files (x86)\Reference Assemblies\Microsoft\Framework\.NETFramework\v4.7\System.dll" /reference:"C:\Program Files (x86)\Reference Assemblies\Microsoft\Framework\.NETFramework\v4.7\System.Drawing.dll" /reference:"C:\Program Files (x86)\Reference Assemblies\Microsoft\Framework\.NETFramework\v4.7\System.Xml.dll" /reference:"C:\Program Files (x86)\Reference Assemblies\Microsoft\Framework\.NETFramework\v4.7\System.Xml.Linq.dll" /reference:"C:\Users\ratho\OneDrive\Plocha\work_2026\FASK_2026\0x_Zdrojove_Kody\_SdileneProjekty_\Fask.BarCodeGraphics\!!!Support!!!\zxing.dll" /debug+ /debug:full /filealign:512 /optimize- /out:obj\Debug\Fask.BarCodeGraphics.ZPL_Zxing.dll /subsystemversion:6.00 /target:library /utf8output /langversion:7.3 ProviderBarCodeGraphics.cs Properties\AssemblyInfo.cs "obj\Debug\.NETFramework,Version=v4.7.AssemblyAttributes.cs"
  Compilation request Fask.BarCodeGraphics.ZPL_Zxing, PathToTool=C:\Program Files\Microsoft Visual Studio\18\Community\MSBuild\Current\Bin\Roslyn\csc.exe
  CommandLine = ' /noconfig'
  BuildResponseFile = '/nowarn:1701,1702 /fullpaths /nostdlib+ /errorreport:prompt /warn:4 /define:DEBUG;TRACE /highentropyva+ /reference:C:\Users\ratho\OneDrive\Plocha\work_2026\FASK_2026\0x_Zdrojove_Kody\Konzola\packages\Dapper.2.1.35\lib\net461\Dapper.dll /reference:"C:\Users\ratho\OneDrive\Plocha\work_2026\FASK_2026\0x_Zdrojove_Kody\_SdileneProjekty_\Fask.BarCodeGraphics\Fask.BarCodeGraphics\!Build!\Debug\Fask.BarCodeGraphics.dll" /reference:"C:\Program Files (x86)\Reference Assemblies\Microsoft\Framework\.NETFramework\v4.7\mscorlib.dll" /reference:"C:\Program Files (x86)\Reference Assemblies\Microsoft\Framework\.NETFramework\v4.7\System.Core.dll" /reference:"C:\Program Files (x86)\Reference Assemblies\Microsoft\Framework\.NETFramework\v4.7\System.Data.DataSetExtensions.dll" /reference:"C:\Program Files (x86)\Reference Assemblies\Microsoft\Framework\.NETFramework\v4.7\System.Data.dll" /reference:"C:\Program Files (x86)\Reference Assemblies\Microsoft\Framework\.NETFramework\v4.7\System.dll" /reference:"C:\Program Files (x86)\Reference Assemblies\Microsoft\Framework\.NETFramework\v4.7\System.Drawing.dll" /reference:"C:\Program Files (x86)\Reference Assemblies\Microsoft\Framework\.NETFramework\v4.7\System.Xml.dll" /reference:"C:\Program Files (x86)\Reference Assemblies\Microsoft\Framework\.NETFramework\v4.7\System.Xml.Linq.dll" /reference:"C:\Users\ratho\OneDrive\Plocha\work_2026\FASK_2026\0x_Zdrojove_Kody\_SdileneProjekty_\Fask.BarCodeGraphics\!!!Support!!!\zxing.dll" /debug+ /debug:full /filealign:512 /optimize- /out:obj\Debug\Fask.BarCodeGraphics.ZPL_Zxing.dll /subsystemversion:6.00 /target:library /utf8output /langversion:7.3 ProviderBarCodeGraphics.cs Properties\AssemblyInfo.cs "obj\Debug\.NETFramework,Version=v4.7.AssemblyAttributes.cs"'
  Attempt to open named pipe '9u7Mq5B0RaDaiN3atZFkuOIPV_m2MrBWEDBJPGpczys'
  Attempt to connect named pipe '9u7Mq5B0RaDaiN3atZFkuOIPV_m2MrBWEDBJPGpczys'
  Named pipe '9u7Mq5B0RaDaiN3atZFkuOIPV_m2MrBWEDBJPGpczys' connected
  Begin writing request for Fask.BarCodeGraphics.ZPL_Zxing
  End writing request for Fask.BarCodeGraphics.ZPL_Zxing
  Begin reading response for Fask.BarCodeGraphics.ZPL_Zxing
  End reading response for Fask.BarCodeGraphics.ZPL_Zxing
  CompilerServer: server - server processed compilation - Fask.BarCodeGraphics.ZPL_Zxing
_CopyFilesMarkedCopyLocal:
  Probíhá kopírování souboru z umístìní C:\Users\ratho\OneDrive\Plocha\work_2026\FASK_2026\0x_Zdrojove_Kody\_SdileneProjekty_\Fask.BarCodeGraphics\Fask.BarCodeGraphics\!Build!\Debug\Fask.BarCodeGraphics.pdb do umístìní C:\Users\ratho\OneDrive\Plocha\work_2026\FASK_2026\0x_Zdrojove_Kody\_SdileneProjekty_\Fask.BarCodeGraphics\Fask.BarCodeGraphics.ZPL_Zxing\!Build!\Debug\Fask.BarCodeGraphics.pdb.
  Probíhá kopírování souboru z umístìní C:\Users\ratho\OneDrive\Plocha\work_2026\FASK_2026\0x_Zdrojove_Kody\_SdileneProjekty_\Fask.BarCodeGraphics\Fask.BarCodeGraphics\!Build!\Debug\Fask.BarCodeGraphics.dll do umístìní C:\Users\ratho\OneDrive\Plocha\work_2026\FASK_2026\0x_Zdrojove_Kody\_SdileneProjekty_\Fask.BarCodeGraphics\Fask.BarCodeGraphics.ZPL_Zxing\!Build!\Debug\Fask.BarCodeGraphics.dll.
  Probíhá aktualizace èasového razítka pro C:\Users\ratho\OneDrive\Plocha\work_2026\FASK_2026\0x_Zdrojove_Kody\_SdileneProjekty_\Fask.BarCodeGraphics\Fask.BarCodeGraphics.ZPL_Zxing\obj\Debug\Fask.Bar.68242B29.Up2Date.
CopyFilesToOutputDirectory:
  Probíhá kopírování souboru z umístìní C:\Users\ratho\OneDrive\Plocha\work_2026\FASK_2026\0x_Zdrojove_Kody\_SdileneProjekty_\Fask.BarCodeGraphics\Fask.BarCodeGraphics.ZPL_Zxing\obj\Debug\Fask.BarCodeGraphics.ZPL_Zxing.dll do umístìní C:\Users\ratho\OneDrive\Plocha\work_2026\FASK_2026\0x_Zdrojove_Kody\_SdileneProjekty_\Fask.BarCodeGraphics\Fask.BarCodeGraphics.ZPL_Zxing\!Build!\Debug\Fask.BarCodeGraphics.ZPL_Zxing.dll.
  Fask.BarCodeGraphics.ZPL_Zxing -> C:\Users\ratho\OneDrive\Plocha\work_2026\FASK_2026\0x_Zdrojove_Kody\_SdileneProjekty_\Fask.BarCodeGraphics\Fask.BarCodeGraphics.ZPL_Zxing\!Build!\Debug\Fask.BarCodeGraphics.ZPL_Zxing.dll
  Probíhá kopírování souboru z umístìní C:\Users\ratho\OneDrive\Plocha\work_2026\FASK_2026\0x_Zdrojove_Kody\_SdileneProjekty_\Fask.BarCodeGraphics\Fask.BarCodeGraphics.ZPL_Zxing\obj\Debug\Fask.BarCodeGraphics.ZPL_Zxing.pdb do umístìní C:\Users\ratho\OneDrive\Plocha\work_2026\FASK_2026\0x_Zdrojove_Kody\_SdileneProjekty_\Fask.BarCodeGraphics\Fask.BarCodeGraphics.ZPL_Zxing\!Build!\Debug\Fask.BarCodeGraphics.ZPL_Zxing.pdb.
Sestavení projektu C:\Users\ratho\OneDrive\Plocha\work_2026\FASK_2026\0x_Zdrojove_Kody\_SdileneProjekty_\Fask.BarCodeGraphics\Fask.BarCodeGraphics.ZPL_Zxing\Fask.BarCodeGraphics.ZPL_Zxing.csproj (s výchozími cíli) bylo dokonèeno.
Probíhá sestavení projektu C:\Users\ratho\OneDrive\Plocha\work_2026\FASK_2026\0x_Zdrojove_Kody\Konzola\Konzola\Konzola.csproj (2) – C:\Users\ratho\OneDrive\Plocha\work_2026\FASK_2026\0x_Zdrojove_Kody\_SdileneProjekty_\Fask.Columns\Fask.Columns.csproj (7:2) v uzlu 1 (výchozí cíle).
GenerateTargetFrameworkMonikerAttribute:
Cíl GenerateTargetFrameworkMonikerAttribute bude vynechán, protože všechny výstupní soubory jsou aktuální vzhledem ke vstupním souborùm.
CoreCompile:
  Setting DOTNET_TieredCompilation to '0'
  C:\Program Files\Microsoft Visual Studio\18\Community\MSBuild\Current\Bin\Roslyn\csc.exe /noconfig /nowarn:1701,1702 /fullpaths /nostdlib+ /errorreport:prompt /warn:4 /define:DEBUG;TRACE /highentropyva+ /reference:C:\Users\ratho\OneDrive\Plocha\work_2026\FASK_2026\0x_Zdrojove_Kody\Konzola\packages\Dapper.2.1.35\lib\net461\Dapper.dll /reference:"C:\Program Files (x86)\Reference Assemblies\Microsoft\Framework\.NETFramework\v4.7\mscorlib.dll" /reference:"C:\Program Files (x86)\Reference Assemblies\Microsoft\Framework\.NETFramework\v4.7\System.Configuration.dll" /reference:"C:\Program Files (x86)\Reference Assemblies\Microsoft\Framework\.NETFramework\v4.7\System.Core.dll" /reference:"C:\Program Files (x86)\Reference Assemblies\Microsoft\Framework\.NETFramework\v4.7\System.Data.DataSetExtensions.dll" /reference:"C:\Program Files (x86)\Reference Assemblies\Microsoft\Framework\.NETFramework\v4.7\System.Data.dll" /reference:"C:\Program Files (x86)\Reference Assemblies\Microsoft\Framework\.NETFramework\v4.7\System.dll" /reference:"C:\Program Files (x86)\Reference Assemblies\Microsoft\Framework\.NETFramework\v4.7\System.Xml.dll" /reference:"C:\Program Files (x86)\Reference Assemblies\Microsoft\Framework\.NETFramework\v4.7\System.Xml.Linq.dll" /debug+ /debug:full /filealign:512 /optimize- /out:obj\Debug\Fask.Columns.dll /subsystemversion:6.00 /target:library /utf8output /langversion:7.3 Classes\ColumnType.cs Classes\DictionaryExtension.cs Classes\EventsTypes.cs Classes\EventsUser.cs Classes\Inventura1.cs Classes\Inventura2.cs Classes\Lokace.cs Classes\Meny.cs Classes\Odberatele.cs Classes\Pracovnici.cs Classes\Prijem.cs Classes\Prodej.cs Classes\Servis_Ciselniky.cs Classes\Servis_ZdrojePohyb.cs Classes\Servis_ZdrojeStav.cs Classes\Sklady.cs Classes\Strediska.cs Classes\Tiskarny.cs Classes\TypDokladu.cs Classes\Ukoly.cs Classes\Uzivatele.cs Classes\Vydej.cs Classes\Vyroba.cs Classes\Zbozi.cs CreateSQL\DS_Information.Designer.cs CreateSQL\SQL.cs Inicializace.cs Properties\AssemblyInfo.cs "obj\Debug\.NETFramework,Version=v4.7.AssemblyAttributes.cs"
  Compilation request Fask.Columns, PathToTool=C:\Program Files\Microsoft Visual Studio\18\Community\MSBuild\Current\Bin\Roslyn\csc.exe
  CommandLine = ' /noconfig'
  BuildResponseFile = '/nowarn:1701,1702 /fullpaths /nostdlib+ /errorreport:prompt /warn:4 /define:DEBUG;TRACE /highentropyva+ /reference:C:\Users\ratho\OneDrive\Plocha\work_2026\FASK_2026\0x_Zdrojove_Kody\Konzola\packages\Dapper.2.1.35\lib\net461\Dapper.dll /reference:"C:\Program Files (x86)\Reference Assemblies\Microsoft\Framework\.NETFramework\v4.7\mscorlib.dll" /reference:"C:\Program Files (x86)\Reference Assemblies\Microsoft\Framework\.NETFramework\v4.7\System.Configuration.dll" /reference:"C:\Program Files (x86)\Reference Assemblies\Microsoft\Framework\.NETFramework\v4.7\System.Core.dll" /reference:"C:\Program Files (x86)\Reference Assemblies\Microsoft\Framework\.NETFramework\v4.7\System.Data.DataSetExtensions.dll" /reference:"C:\Program Files (x86)\Reference Assemblies\Microsoft\Framework\.NETFramework\v4.7\System.Data.dll" /reference:"C:\Program Files (x86)\Reference Assemblies\Microsoft\Framework\.NETFramework\v4.7\System.dll" /reference:"C:\Program Files (x86)\Reference Assemblies\Microsoft\Framework\.NETFramework\v4.7\System.Xml.dll" /reference:"C:\Program Files (x86)\Reference Assemblies\Microsoft\Framework\.NETFramework\v4.7\System.Xml.Linq.dll" /debug+ /debug:full /filealign:512 /optimize- /out:obj\Debug\Fask.Columns.dll /subsystemversion:6.00 /target:library /utf8output /langversion:7.3 Classes\ColumnType.cs Classes\DictionaryExtension.cs Classes\EventsTypes.cs Classes\EventsUser.cs Classes\Inventura1.cs Classes\Inventura2.cs Classes\Lokace.cs Classes\Meny.cs Classes\Odberatele.cs Classes\Pracovnici.cs Classes\Prijem.cs Classes\Prodej.cs Classes\Servis_Ciselniky.cs Classes\Servis_ZdrojePohyb.cs Classes\Servis_ZdrojeStav.cs Classes\Sklady.cs Classes\Strediska.cs Classes\Tiskarny.cs Classes\TypDokladu.cs Classes\Ukoly.cs Classes\Uzivatele.cs Classes\Vydej.cs Classes\Vyroba.cs Classes\Zbozi.cs CreateSQL\DS_Information.Designer.cs CreateSQL\SQL.cs Inicializace.cs Properties\AssemblyInfo.cs "obj\Debug\.NETFramework,Version=v4.7.AssemblyAttributes.cs"'
  Attempt to open named pipe '9u7Mq5B0RaDaiN3atZFkuOIPV_m2MrBWEDBJPGpczys'
  Attempt to connect named pipe '9u7Mq5B0RaDaiN3atZFkuOIPV_m2MrBWEDBJPGpczys'
  Named pipe '9u7Mq5B0RaDaiN3atZFkuOIPV_m2MrBWEDBJPGpczys' connected
  Begin writing request for Fask.Columns
  End writing request for Fask.Columns
  Begin reading response for Fask.Columns
  End reading response for Fask.Columns
  CompilerServer: server - server processed compilation - Fask.Columns
CopyFilesToOutputDirectory:
  Probíhá kopírování souboru z umístìní C:\Users\ratho\OneDrive\Plocha\work_2026\FASK_2026\0x_Zdrojove_Kody\_SdileneProjekty_\Fask.Columns\obj\Debug\Fask.Columns.dll do umístìní C:\Users\ratho\OneDrive\Plocha\work_2026\FASK_2026\0x_Zdrojove_Kody\_SdileneProjekty_\Fask.Columns\!Build!\Debug\Fask.Columns.dll.
  Fask.Columns -> C:\Users\ratho\OneDrive\Plocha\work_2026\FASK_2026\0x_Zdrojove_Kody\_SdileneProjekty_\Fask.Columns\!Build!\Debug\Fask.Columns.dll
  Probíhá kopírování souboru z umístìní C:\Users\ratho\OneDrive\Plocha\work_2026\FASK_2026\0x_Zdrojove_Kody\_SdileneProjekty_\Fask.Columns\obj\Debug\Fask.Columns.pdb do umístìní C:\Users\ratho\OneDrive\Plocha\work_2026\FASK_2026\0x_Zdrojove_Kody\_SdileneProjekty_\Fask.Columns\!Build!\Debug\Fask.Columns.pdb.
Sestavení projektu C:\Users\ratho\OneDrive\Plocha\work_2026\FASK_2026\0x_Zdrojove_Kody\_SdileneProjekty_\Fask.Columns\Fask.Columns.csproj (s výchozími cíli) bylo dokonèeno.
Probíhá sestavení projektu C:\Users\ratho\OneDrive\Plocha\work_2026\FASK_2026\0x_Zdrojove_Kody\Konzola\Konzola\Konzola.csproj (2) – C:\Users\ratho\OneDrive\Plocha\work_2026\FASK_2026\0x_Zdrojove_Kody\_SdileneProjekty_\FASK.Logins\FASK.Logins.csproj (9:2) v uzlu 1 (výchozí cíle).
Probíhá sestavení projektu C:\Users\ratho\OneDrive\Plocha\work_2026\FASK_2026\0x_Zdrojove_Kody\_SdileneProjekty_\FASK.Logins\FASK.Logins.csproj (9:2) – C:\Users\ratho\OneDrive\Plocha\work_2026\FASK_2026\0x_Zdrojove_Kody\_SdileneProjekty_\Fask.RestSharp\Fask.RestSharp.csproj (12:3) v uzlu 1 (výchozí cíle).
GenerateTargetFrameworkMonikerAttribute:
Cíl GenerateTargetFrameworkMonikerAttribute bude vynechán, protože všechny výstupní soubory jsou aktuální vzhledem ke vstupním souborùm.
CoreCompile:
  Setting DOTNET_TieredCompilation to '0'
  C:\Program Files\Microsoft Visual Studio\18\Community\MSBuild\Current\Bin\Roslyn\csc.exe /noconfig /nowarn:1701,1702 /fullpaths /nostdlib+ /errorreport:prompt /warn:4 /define:DEBUG;TRACE /highentropyva+ /reference:C:\Users\ratho\OneDrive\Plocha\work_2026\FASK_2026\0x_Zdrojove_Kody\Konzola\packages\Dapper.2.1.35\lib\net461\Dapper.dll /reference:"C:\Users\ratho\OneDrive\Plocha\work_2026\FASK_2026\0x_Zdrojove_Kody\_SdileneProjekty_\Fask.Logging\!Build!\Debug\Fask.Logging.dll" /reference:C:\Users\ratho\OneDrive\Plocha\work_2026\FASK_2026\0x_Zdrojove_Kody\Konzola\packages\Microsoft.Bcl.AsyncInterfaces.8.0.0\lib\net462\Microsoft.Bcl.AsyncInterfaces.dll /reference:"C:\Program Files (x86)\Reference Assemblies\Microsoft\Framework\.NETFramework\v4.7\mscorlib.dll" /reference:C:\Users\ratho\OneDrive\Plocha\work_2026\FASK_2026\0x_Zdrojove_Kody\Win_Kom_Server\packages\Newtonsoft.Json.13.0.1\lib\net45\Newtonsoft.Json.dll /reference:C:\Users\ratho\OneDrive\Plocha\work_2026\FASK_2026\0x_Zdrojove_Kody\Vyroba_2_Klienti\packages\RestSharp.106.0.0\lib\net452\RestSharp.dll /reference:C:\Users\ratho\OneDrive\Plocha\work_2026\FASK_2026\0x_Zdrojove_Kody\Konzola\packages\System.Buffers.4.5.1\lib\net461\System.Buffers.dll /reference:"C:\Program Files (x86)\Reference Assemblies\Microsoft\Framework\.NETFramework\v4.7\System.ComponentModel.Composition.dll" /reference:"C:\Program Files (x86)\Reference Assemblies\Microsoft\Framework\.NETFramework\v4.7\System.Configuration.dll" /reference:"C:\Program Files (x86)\Reference Assemblies\Microsoft\Framework\.NETFramework\v4.7\System.Core.dll" /reference:"C:\Program Files (x86)\Reference Assemblies\Microsoft\Framework\.NETFramework\v4.7\System.Data.DataSetExtensions.dll" /reference:"C:\Program Files (x86)\Reference Assemblies\Microsoft\Framework\.NETFramework\v4.7\System.Data.dll" /reference:"C:\Program Files (x86)\Reference Assemblies\Microsoft\Framework\.NETFramework\v4.7\System.dll" /reference:"C:\Program Files (x86)\Reference Assemblies\Microsoft\Framework\.NETFramework\v4.7\System.Drawing.dll" /reference:C:\Users\ratho\OneDrive\Plocha\work_2026\FASK_2026\0x_Zdrojove_Kody\Win_Kom_Server\packages\System.IO.4.3.0\lib\net462\System.IO.dll /reference:C:\Users\ratho\OneDrive\Plocha\work_2026\FASK_2026\0x_Zdrojove_Kody\Konzola\packages\System.Memory.4.5.5\lib\net461\System.Memory.dll /reference:C:\Users\ratho\OneDrive\Plocha\work_2026\FASK_2026\0x_Zdrojove_Kody\Win_Kom_Server\packages\System.Net.Http.4.3.4\lib\net46\System.Net.Http.dll /reference:"C:\Program Files (x86)\Reference Assemblies\Microsoft\Framework\.NETFramework\v4.7\System.Numerics.dll" /reference:C:\Users\ratho\OneDrive\Plocha\work_2026\FASK_2026\0x_Zdrojove_Kody\Konzola\packages\System.Numerics.Vectors.4.5.0\lib\net46\System.Numerics.Vectors.dll /reference:C:\Users\ratho\OneDrive\Plocha\work_2026\FASK_2026\0x_Zdrojove_Kody\Win_Kom_Server\packages\System.Runtime.CompilerServices.Unsafe.6.1.0\lib\net462\System.Runtime.CompilerServices.Unsafe.dll /reference:C:\Users\ratho\OneDrive\Plocha\work_2026\FASK_2026\0x_Zdrojove_Kody\Win_Kom_Server\packages\System.Runtime.4.3.1\lib\net462\System.Runtime.dll /reference:"C:\Program Files (x86)\Reference Assemblies\Microsoft\Framework\.NETFramework\v4.7\System.Runtime.Serialization.dll" /reference:C:\Users\ratho\OneDrive\Plocha\work_2026\FASK_2026\0x_Zdrojove_Kody\Win_Kom_Server\packages\System.Runtime.Serialization.Primitives.4.3.0\lib\net46\System.Runtime.Serialization.Primitives.dll /reference:C:\Users\ratho\OneDrive\Plocha\work_2026\FASK_2026\0x_Zdrojove_Kody\Win_Kom_Server\packages\System.Security.Cryptography.Algorithms.4.3.1\lib\net463\System.Security.Cryptography.Algorithms.dll /reference:C:\Users\ratho\OneDrive\Plocha\work_2026\FASK_2026\0x_Zdrojove_Kody\Win_Kom_Server\packages\System.Security.Cryptography.Encoding.4.3.0\lib\net46\System.Security.Cryptography.Encoding.dll /reference:C:\Users\ratho\OneDrive\Plocha\work_2026\FASK_2026\0x_Zdrojove_Kody\Win_Kom_Server\packages\System.Security.Cryptography.Primitives.4.3.0\lib\net46\System.Security.Cryptography.Primitives.dll /reference:C:\Users\ratho\OneDrive\Plocha\work_2026\FASK_2026\0x_Zdrojove_Kody\Win_Kom_Server\packages\System.Security.Cryptography.X509Certificates.4.3.2\lib\net461\System.Security.Cryptography.X509Certificates.dll /reference:C:\Users\ratho\OneDrive\Plocha\work_2026\FASK_2026\0x_Zdrojove_Kody\Konzola\packages\System.Text.Encodings.Web.8.0.0\lib\net462\System.Text.Encodings.Web.dll /reference:C:\Users\ratho\OneDrive\Plocha\work_2026\FASK_2026\0x_Zdrojove_Kody\Win_Kom_Server\packages\System.Text.Json.8.0.5\lib\net462\System.Text.Json.dll /reference:C:\Users\ratho\OneDrive\Plocha\work_2026\FASK_2026\0x_Zdrojove_Kody\Win_Kom_Server\packages\System.Threading.Tasks.Extensions.4.6.0\lib\net462\System.Threading.Tasks.Extensions.dll /reference:"C:\Program Files (x86)\Reference Assemblies\Microsoft\Framework\.NETFramework\v4.7\System.Transactions.dll" /reference:C:\Users\ratho\OneDrive\Plocha\work_2026\FASK_2026\0x_Zdrojove_Kody\Konzola\packages\System.ValueTuple.4.5.0\lib\net47\System.ValueTuple.dll /reference:"C:\Program Files (x86)\Reference Assemblies\Microsoft\Framework\.NETFramework\v4.7\System.Web.dll" /reference:"C:\Program Files (x86)\Reference Assemblies\Microsoft\Framework\.NETFramework\v4.7\System.Xml.dll" /reference:"C:\Program Files (x86)\Reference Assemblies\Microsoft\Framework\.NETFramework\v4.7\System.Xml.Linq.dll" /reference:"C:\Program Files (x86)\Reference Assemblies\Microsoft\Framework\.NETFramework\v4.7\Facades\System.Collections.Concurrent.dll" /reference:"C:\Program Files (x86)\Reference Assemblies\Microsoft\Framework\.NETFramework\v4.7\Facades\System.Collections.dll" /reference:"C:\Program Files (x86)\Reference Assemblies\Microsoft\Framework\.NETFramework\v4.7\Facades\System.ComponentModel.Annotations.dll" /reference:"C:\Program Files (x86)\Reference Assemblies\Microsoft\Framework\.NETFramework\v4.7\Facades\System.ComponentModel.dll" /reference:"C:\Program Files (x86)\Reference Assemblies\Microsoft\Framework\.NETFramework\v4.7\Facades\System.ComponentModel.EventBasedAsync.dll" /reference:"C:\Program Files (x86)\Reference Assemblies\Microsoft\Framework\.NETFramework\v4.7\Facades\System.Diagnostics.Contracts.dll" /reference:"C:\Program Files (x86)\Reference Assemblies\Microsoft\Framework\.NETFramework\v4.7\Facades\System.Diagnostics.Debug.dll" /reference:"C:\Program Files (x86)\Reference Assemblies\Microsoft\Framework\.NETFramework\v4.7\Facades\System.Diagnostics.Tools.dll" /reference:"C:\Program Files (x86)\Reference Assemblies\Microsoft\Framework\.NETFramework\v4.7\Facades\System.Diagnostics.Tracing.dll" /reference:"C:\Program Files (x86)\Reference Assemblies\Microsoft\Framework\.NETFramework\v4.7\Facades\System.Dynamic.Runtime.dll" /reference:"C:\Program Files (x86)\Reference Assemblies\Microsoft\Framework\.NETFramework\v4.7\Facades\System.Globalization.dll" /reference:"C:\Program Files (x86)\Reference Assemblies\Microsoft\Framework\.NETFramework\v4.7\Facades\System.Linq.dll" /reference:"C:\Program Files (x86)\Reference Assemblies\Microsoft\Framework\.NETFramework\v4.7\Facades\System.Linq.Expressions.dll" /reference:"C:\Program Files (x86)\Reference Assemblies\Microsoft\Framework\.NETFramework\v4.7\Facades\System.Linq.Parallel.dll" /reference:"C:\Program Files (x86)\Reference Assemblies\Microsoft\Framework\.NETFramework\v4.7\Facades\System.Linq.Queryable.dll" /reference:"C:\Program Files (x86)\Reference Assemblies\Microsoft\Framework\.NETFramework\v4.7\Facades\System.Net.NetworkInformation.dll" /reference:"C:\Program Files (x86)\Reference Assemblies\Microsoft\Framework\.NETFramework\v4.7\Facades\System.Net.Primitives.dll" /reference:"C:\Program Files (x86)\Reference Assemblies\Microsoft\Framework\.NETFramework\v4.7\Facades\System.Net.Requests.dll" /reference:"C:\Program Files (x86)\Reference Assemblies\Microsoft\Framework\.NETFramework\v4.7\Facades\System.Net.WebHeaderCollection.dll" /reference:"C:\Program Files (x86)\Reference Assemblies\Microsoft\Framework\.NETFramework\v4.7\Facades\System.ObjectModel.dll" /reference:"C:\Program Files (x86)\Reference Assemblies\Microsoft\Framework\.NETFramework\v4.7\Facades\System.Reflection.dll" /reference:"C:\Program Files (x86)\Reference Assemblies\Microsoft\Framework\.NETFramework\v4.7\Facades\System.Reflection.Emit.dll" /reference:"C:\Program Files (x86)\Reference Assemblies\Microsoft\Framework\.NETFramework\v4.7\Facades\System.Reflection.Emit.ILGeneration.dll" /reference:"C:\Program Files (x86)\Reference Assemblies\Microsoft\Framework\.NETFramework\v4.7\Facades\System.Reflection.Emit.Lightweight.dll" /reference:"C:\Program Files (x86)\Reference Assemblies\Microsoft\Framework\.NETFramework\v4.7\Facades\System.Reflection.Extensions.dll" /reference:"C:\Program Files (x86)\Reference Assemblies\Microsoft\Framework\.NETFramework\v4.7\Facades\System.Reflection.Primitives.dll" /reference:"C:\Program Files (x86)\Reference Assemblies\Microsoft\Framework\.NETFramework\v4.7\Facades\System.Resources.ResourceManager.dll" /reference:"C:\Program Files (x86)\Reference Assemblies\Microsoft\Framework\.NETFramework\v4.7\Facades\System.Runtime.Extensions.dll" /reference:"C:\Program Files (x86)\Reference Assemblies\Microsoft\Framework\.NETFramework\v4.7\Facades\System.Runtime.Handles.dll" /reference:"C:\Program Files (x86)\Reference Assemblies\Microsoft\Framework\.NETFramework\v4.7\Facades\System.Runtime.InteropServices.dll" /reference:"C:\Program Files (x86)\Reference Assemblies\Microsoft\Framework\.NETFramework\v4.7\Facades\System.Runtime.InteropServices.WindowsRuntime.dll" /reference:"C:\Program Files (x86)\Reference Assemblies\Microsoft\Framework\.NETFramework\v4.7\Facades\System.Runtime.Numerics.dll" /reference:"C:\Program Files (x86)\Reference Assemblies\Microsoft\Framework\.NETFramework\v4.7\Facades\System.Runtime.Serialization.Json.dll" /reference:"C:\Program Files (x86)\Reference Assemblies\Microsoft\Framework\.NETFramework\v4.7\Facades\System.Runtime.Serialization.Xml.dll" /reference:"C:\Program Files (x86)\Reference Assemblies\Microsoft\Framework\.NETFramework\v4.7\Facades\System.Security.Principal.dll" /reference:"C:\Program Files (x86)\Reference Assemblies\Microsoft\Framework\.NETFramework\v4.7\Facades\System.ServiceModel.Duplex.dll" /reference:"C:\Program Files (x86)\Reference Assemblies\Microsoft\Framework\.NETFramework\v4.7\Facades\System.ServiceModel.Http.dll" /reference:"C:\Program Files (x86)\Reference Assemblies\Microsoft\Framework\.NETFramework\v4.7\Facades\System.ServiceModel.NetTcp.dll" /reference:"C:\Program Files (x86)\Reference Assemblies\Microsoft\Framework\.NETFramework\v4.7\Facades\System.ServiceModel.Primitives.dll" /reference:"C:\Program Files (x86)\Reference Assemblies\Microsoft\Framework\.NETFramework\v4.7\Facades\System.ServiceModel.Security.dll" /reference:"C:\Program Files (x86)\Reference Assemblies\Microsoft\Framework\.NETFramework\v4.7\Facades\System.Text.Encoding.dll" /reference:"C:\Program Files (x86)\Reference Assemblies\Microsoft\Framework\.NETFramework\v4.7\Facades\System.Text.Encoding.Extensions.dll" /reference:"C:\Program Files (x86)\Reference Assemblies\Microsoft\Framework\.NETFramework\v4.7\Facades\System.Text.RegularExpressions.dll" /reference:"C:\Program Files (x86)\Reference Assemblies\Microsoft\Framework\.NETFramework\v4.7\Facades\System.Threading.dll" /reference:"C:\Program Files (x86)\Reference Assemblies\Microsoft\Framework\.NETFramework\v4.7\Facades\System.Threading.Tasks.dll" /reference:"C:\Program Files (x86)\Reference Assemblies\Microsoft\Framework\.NETFramework\v4.7\Facades\System.Threading.Tasks.Parallel.dll" /reference:"C:\Program Files (x86)\Reference Assemblies\Microsoft\Framework\.NETFramework\v4.7\Facades\System.Threading.Timer.dll" /reference:"C:\Program Files (x86)\Reference Assemblies\Microsoft\Framework\.NETFramework\v4.7\Facades\System.Xml.ReaderWriter.dll" /reference:"C:\Program Files (x86)\Reference Assemblies\Microsoft\Framework\.NETFramework\v4.7\Facades\System.Xml.XDocument.dll" /reference:"C:\Program Files (x86)\Reference Assemblies\Microsoft\Framework\.NETFramework\v4.7\Facades\System.Xml.XmlSerializer.dll" /debug+ /debug:full /filealign:512 /optimize- /out:obj\Debug\Fask.RestSharp.dll /subsystemversion:6.00 /target:library /utf8output /langversion:7.3 ..\..\_SdileneTridy_\RestSharp\Communication_4_7.cs ..\..\_SdileneTridy_\RestSharp\Communication_Base.cs API\HttpValueCollection.cs Properties\AssemblyInfo.cs "obj\Debug\.NETFramework,Version=v4.7.AssemblyAttributes.cs"
  Compilation request Fask.RestSharp, PathToTool=C:\Program Files\Microsoft Visual Studio\18\Community\MSBuild\Current\Bin\Roslyn\csc.exe
  CommandLine = ' /noconfig'
  BuildResponseFile = '/nowarn:1701,1702 /fullpaths /nostdlib+ /errorreport:prompt /warn:4 /define:DEBUG;TRACE /highentropyva+ /reference:C:\Users\ratho\OneDrive\Plocha\work_2026\FASK_2026\0x_Zdrojove_Kody\Konzola\packages\Dapper.2.1.35\lib\net461\Dapper.dll /reference:"C:\Users\ratho\OneDrive\Plocha\work_2026\FASK_2026\0x_Zdrojove_Kody\_SdileneProjekty_\Fask.Logging\!Build!\Debug\Fask.Logging.dll" /reference:C:\Users\ratho\OneDrive\Plocha\work_2026\FASK_2026\0x_Zdrojove_Kody\Konzola\packages\Microsoft.Bcl.AsyncInterfaces.8.0.0\lib\net462\Microsoft.Bcl.AsyncInterfaces.dll /reference:"C:\Program Files (x86)\Reference Assemblies\Microsoft\Framework\.NETFramework\v4.7\mscorlib.dll" /reference:C:\Users\ratho\OneDrive\Plocha\work_2026\FASK_2026\0x_Zdrojove_Kody\Win_Kom_Server\packages\Newtonsoft.Json.13.0.1\lib\net45\Newtonsoft.Json.dll /reference:C:\Users\ratho\OneDrive\Plocha\work_2026\FASK_2026\0x_Zdrojove_Kody\Vyroba_2_Klienti\packages\RestSharp.106.0.0\lib\net452\RestSharp.dll /reference:C:\Users\ratho\OneDrive\Plocha\work_2026\FASK_2026\0x_Zdrojove_Kody\Konzola\packages\System.Buffers.4.5.1\lib\net461\System.Buffers.dll /reference:"C:\Program Files (x86)\Reference Assemblies\Microsoft\Framework\.NETFramework\v4.7\System.ComponentModel.Composition.dll" /reference:"C:\Program Files (x86)\Reference Assemblies\Microsoft\Framework\.NETFramework\v4.7\System.Configuration.dll" /reference:"C:\Program Files (x86)\Reference Assemblies\Microsoft\Framework\.NETFramework\v4.7\System.Core.dll" /reference:"C:\Program Files (x86)\Reference Assemblies\Microsoft\Framework\.NETFramework\v4.7\System.Data.DataSetExtensions.dll" /reference:"C:\Program Files (x86)\Reference Assemblies\Microsoft\Framework\.NETFramework\v4.7\System.Data.dll" /reference:"C:\Program Files (x86)\Reference Assemblies\Microsoft\Framework\.NETFramework\v4.7\System.dll" /reference:"C:\Program Files (x86)\Reference Assemblies\Microsoft\Framework\.NETFramework\v4.7\System.Drawing.dll" /reference:C:\Users\ratho\OneDrive\Plocha\work_2026\FASK_2026\0x_Zdrojove_Kody\Win_Kom_Server\packages\System.IO.4.3.0\lib\net462\System.IO.dll /reference:C:\Users\ratho\OneDrive\Plocha\work_2026\FASK_2026\0x_Zdrojove_Kody\Konzola\packages\System.Memory.4.5.5\lib\net461\System.Memory.dll /reference:C:\Users\ratho\OneDrive\Plocha\work_2026\FASK_2026\0x_Zdrojove_Kody\Win_Kom_Server\packages\System.Net.Http.4.3.4\lib\net46\System.Net.Http.dll /reference:"C:\Program Files (x86)\Reference Assemblies\Microsoft\Framework\.NETFramework\v4.7\System.Numerics.dll" /reference:C:\Users\ratho\OneDrive\Plocha\work_2026\FASK_2026\0x_Zdrojove_Kody\Konzola\packages\System.Numerics.Vectors.4.5.0\lib\net46\System.Numerics.Vectors.dll /reference:C:\Users\ratho\OneDrive\Plocha\work_2026\FASK_2026\0x_Zdrojove_Kody\Win_Kom_Server\packages\System.Runtime.CompilerServices.Unsafe.6.1.0\lib\net462\System.Runtime.CompilerServices.Unsafe.dll /reference:C:\Users\ratho\OneDrive\Plocha\work_2026\FASK_2026\0x_Zdrojove_Kody\Win_Kom_Server\packages\System.Runtime.4.3.1\lib\net462\System.Runtime.dll /reference:"C:\Program Files (x86)\Reference Assemblies\Microsoft\Framework\.NETFramework\v4.7\System.Runtime.Serialization.dll" /reference:C:\Users\ratho\OneDrive\Plocha\work_2026\FASK_2026\0x_Zdrojove_Kody\Win_Kom_Server\packages\System.Runtime.Serialization.Primitives.4.3.0\lib\net46\System.Runtime.Serialization.Primitives.dll /reference:C:\Users\ratho\OneDrive\Plocha\work_2026\FASK_2026\0x_Zdrojove_Kody\Win_Kom_Server\packages\System.Security.Cryptography.Algorithms.4.3.1\lib\net463\System.Security.Cryptography.Algorithms.dll /reference:C:\Users\ratho\OneDrive\Plocha\work_2026\FASK_2026\0x_Zdrojove_Kody\Win_Kom_Server\packages\System.Security.Cryptography.Encoding.4.3.0\lib\net46\System.Security.Cryptography.Encoding.dll /reference:C:\Users\ratho\OneDrive\Plocha\work_2026\FASK_2026\0x_Zdrojove_Kody\Win_Kom_Server\packages\System.Security.Cryptography.Primitives.4.3.0\lib\net46\System.Security.Cryptography.Primitives.dll /reference:C:\Users\ratho\OneDrive\Plocha\work_2026\FASK_2026\0x_Zdrojove_Kody\Win_Kom_Server\packages\System.Security.Cryptography.X509Certificates.4.3.2\lib\net461\System.Security.Cryptography.X509Certificates.dll /reference:C:\Users\ratho\OneDrive\Plocha\work_2026\FASK_2026\0x_Zdrojove_Kody\Konzola\packages\System.Text.Encodings.Web.8.0.0\lib\net462\System.Text.Encodings.Web.dll /reference:C:\Users\ratho\OneDrive\Plocha\work_2026\FASK_2026\0x_Zdrojove_Kody\Win_Kom_Server\packages\System.Text.Json.8.0.5\lib\net462\System.Text.Json.dll /reference:C:\Users\ratho\OneDrive\Plocha\work_2026\FASK_2026\0x_Zdrojove_Kody\Win_Kom_Server\packages\System.Threading.Tasks.Extensions.4.6.0\lib\net462\System.Threading.Tasks.Extensions.dll /reference:"C:\Program Files (x86)\Reference Assemblies\Microsoft\Framework\.NETFramework\v4.7\System.Transactions.dll" /reference:C:\Users\ratho\OneDrive\Plocha\work_2026\FASK_2026\0x_Zdrojove_Kody\Konzola\packages\System.ValueTuple.4.5.0\lib\net47\System.ValueTuple.dll /reference:"C:\Program Files (x86)\Reference Assemblies\Microsoft\Framework\.NETFramework\v4.7\System.Web.dll" /reference:"C:\Program Files (x86)\Reference Assemblies\Microsoft\Framework\.NETFramework\v4.7\System.Xml.dll" /reference:"C:\Program Files (x86)\Reference Assemblies\Microsoft\Framework\.NETFramework\v4.7\System.Xml.Linq.dll" /reference:"C:\Program Files (x86)\Reference Assemblies\Microsoft\Framework\.NETFramework\v4.7\Facades\System.Collections.Concurrent.dll" /reference:"C:\Program Files (x86)\Reference Assemblies\Microsoft\Framework\.NETFramework\v4.7\Facades\System.Collections.dll" /reference:"C:\Program Files (x86)\Reference Assemblies\Microsoft\Framework\.NETFramework\v4.7\Facades\System.ComponentModel.Annotations.dll" /reference:"C:\Program Files (x86)\Reference Assemblies\Microsoft\Framework\.NETFramework\v4.7\Facades\System.ComponentModel.dll" /reference:"C:\Program Files (x86)\Reference Assemblies\Microsoft\Framework\.NETFramework\v4.7\Facades\System.ComponentModel.EventBasedAsync.dll" /reference:"C:\Program Files (x86)\Reference Assemblies\Microsoft\Framework\.NETFramework\v4.7\Facades\System.Diagnostics.Contracts.dll" /reference:"C:\Program Files (x86)\Reference Assemblies\Microsoft\Framework\.NETFramework\v4.7\Facades\System.Diagnostics.Debug.dll" /reference:"C:\Program Files (x86)\Reference Assemblies\Microsoft\Framework\.NETFramework\v4.7\Facades\System.Diagnostics.Tools.dll" /reference:"C:\Program Files (x86)\Reference Assemblies\Microsoft\Framework\.NETFramework\v4.7\Facades\System.Diagnostics.Tracing.dll" /reference:"C:\Program Files (x86)\Reference Assemblies\Microsoft\Framework\.NETFramework\v4.7\Facades\System.Dynamic.Runtime.dll" /reference:"C:\Program Files (x86)\Reference Assemblies\Microsoft\Framework\.NETFramework\v4.7\Facades\System.Globalization.dll" /reference:"C:\Program Files (x86)\Reference Assemblies\Microsoft\Framework\.NETFramework\v4.7\Facades\System.Linq.dll" /reference:"C:\Program Files (x86)\Reference Assemblies\Microsoft\Framework\.NETFramework\v4.7\Facades\System.Linq.Expressions.dll" /reference:"C:\Program Files (x86)\Reference Assemblies\Microsoft\Framework\.NETFramework\v4.7\Facades\System.Linq.Parallel.dll" /reference:"C:\Program Files (x86)\Reference Assemblies\Microsoft\Framework\.NETFramework\v4.7\Facades\System.Linq.Queryable.dll" /reference:"C:\Program Files (x86)\Reference Assemblies\Microsoft\Framework\.NETFramework\v4.7\Facades\System.Net.NetworkInformation.dll" /reference:"C:\Program Files (x86)\Reference Assemblies\Microsoft\Framework\.NETFramework\v4.7\Facades\System.Net.Primitives.dll" /reference:"C:\Program Files (x86)\Reference Assemblies\Microsoft\Framework\.NETFramework\v4.7\Facades\System.Net.Requests.dll" /reference:"C:\Program Files (x86)\Reference Assemblies\Microsoft\Framework\.NETFramework\v4.7\Facades\System.Net.WebHeaderCollection.dll" /reference:"C:\Program Files (x86)\Reference Assemblies\Microsoft\Framework\.NETFramework\v4.7\Facades\System.ObjectModel.dll" /reference:"C:\Program Files (x86)\Reference Assemblies\Microsoft\Framework\.NETFramework\v4.7\Facades\System.Reflection.dll" /reference:"C:\Program Files (x86)\Reference Assemblies\Microsoft\Framework\.NETFramework\v4.7\Facades\System.Reflection.Emit.dll" /reference:"C:\Program Files (x86)\Reference Assemblies\Microsoft\Framework\.NETFramework\v4.7\Facades\System.Reflection.Emit.ILGeneration.dll" /reference:"C:\Program Files (x86)\Reference Assemblies\Microsoft\Framework\.NETFramework\v4.7\Facades\System.Reflection.Emit.Lightweight.dll" /reference:"C:\Program Files (x86)\Reference Assemblies\Microsoft\Framework\.NETFramework\v4.7\Facades\System.Reflection.Extensions.dll" /reference:"C:\Program Files (x86)\Reference Assemblies\Microsoft\Framework\.NETFramework\v4.7\Facades\System.Reflection.Primitives.dll" /reference:"C:\Program Files (x86)\Reference Assemblies\Microsoft\Framework\.NETFramework\v4.7\Facades\System.Resources.ResourceManager.dll" /reference:"C:\Program Files (x86)\Reference Assemblies\Microsoft\Framework\.NETFramework\v4.7\Facades\System.Runtime.Extensions.dll" /reference:"C:\Program Files (x86)\Reference Assemblies\Microsoft\Framework\.NETFramework\v4.7\Facades\System.Runtime.Handles.dll" /reference:"C:\Program Files (x86)\Reference Assemblies\Microsoft\Framework\.NETFramework\v4.7\Facades\System.Runtime.InteropServices.dll" /reference:"C:\Program Files (x86)\Reference Assemblies\Microsoft\Framework\.NETFramework\v4.7\Facades\System.Runtime.InteropServices.WindowsRuntime.dll" /reference:"C:\Program Files (x86)\Reference Assemblies\Microsoft\Framework\.NETFramework\v4.7\Facades\System.Runtime.Numerics.dll" /reference:"C:\Program Files (x86)\Reference Assemblies\Microsoft\Framework\.NETFramework\v4.7\Facades\System.Runtime.Serialization.Json.dll" /reference:"C:\Program Files (x86)\Reference Assemblies\Microsoft\Framework\.NETFramework\v4.7\Facades\System.Runtime.Serialization.Xml.dll" /reference:"C:\Program Files (x86)\Reference Assemblies\Microsoft\Framework\.NETFramework\v4.7\Facades\System.Security.Principal.dll" /reference:"C:\Program Files (x86)\Reference Assemblies\Microsoft\Framework\.NETFramework\v4.7\Facades\System.ServiceModel.Duplex.dll" /reference:"C:\Program Files (x86)\Reference Assemblies\Microsoft\Framework\.NETFramework\v4.7\Facades\System.ServiceModel.Http.dll" /reference:"C:\Program Files (x86)\Reference Assemblies\Microsoft\Framework\.NETFramework\v4.7\Facades\System.ServiceModel.NetTcp.dll" /reference:"C:\Program Files (x86)\Reference Assemblies\Microsoft\Framework\.NETFramework\v4.7\Facades\System.ServiceModel.Primitives.dll" /reference:"C:\Program Files (x86)\Reference Assemblies\Microsoft\Framework\.NETFramework\v4.7\Facades\System.ServiceModel.Security.dll" /reference:"C:\Program Files (x86)\Reference Assemblies\Microsoft\Framework\.NETFramework\v4.7\Facades\System.Text.Encoding.dll" /reference:"C:\Program Files (x86)\Reference Assemblies\Microsoft\Framework\.NETFramework\v4.7\Facades\System.Text.Encoding.Extensions.dll" /reference:"C:\Program Files (x86)\Reference Assemblies\Microsoft\Framework\.NETFramework\v4.7\Facades\System.Text.RegularExpressions.dll" /reference:"C:\Program Files (x86)\Reference Assemblies\Microsoft\Framework\.NETFramework\v4.7\Facades\System.Threading.dll" /reference:"C:\Program Files (x86)\Reference Assemblies\Microsoft\Framework\.NETFramework\v4.7\Facades\System.Threading.Tasks.dll" /reference:"C:\Program Files (x86)\Reference Assemblies\Microsoft\Framework\.NETFramework\v4.7\Facades\System.Threading.Tasks.Parallel.dll" /reference:"C:\Program Files (x86)\Reference Assemblies\Microsoft\Framework\.NETFramework\v4.7\Facades\System.Threading.Timer.dll" /reference:"C:\Program Files (x86)\Reference Assemblies\Microsoft\Framework\.NETFramework\v4.7\Facades\System.Xml.ReaderWriter.dll" /reference:"C:\Program Files (x86)\Reference Assemblies\Microsoft\Framework\.NETFramework\v4.7\Facades\System.Xml.XDocument.dll" /reference:"C:\Program Files (x86)\Reference Assemblies\Microsoft\Framework\.NETFramework\v4.7\Facades\System.Xml.XmlSerializer.dll" /debug+ /debug:full /filealign:512 /optimize- /out:obj\Debug\Fask.RestSharp.dll /subsystemversion:6.00 /target:library /utf8output /langversion:7.3 ..\..\_SdileneTridy_\RestSharp\Communication_4_7.cs ..\..\_SdileneTridy_\RestSharp\Communication_Base.cs API\HttpValueCollection.cs Properties\AssemblyInfo.cs "obj\Debug\.NETFramework,Version=v4.7.AssemblyAttributes.cs"'
  Attempt to open named pipe '9u7Mq5B0RaDaiN3atZFkuOIPV_m2MrBWEDBJPGpczys'
  Attempt to connect named pipe '9u7Mq5B0RaDaiN3atZFkuOIPV_m2MrBWEDBJPGpczys'
  Named pipe '9u7Mq5B0RaDaiN3atZFkuOIPV_m2MrBWEDBJPGpczys' connected
  Begin writing request for Fask.RestSharp
  End writing request for Fask.RestSharp
  Begin reading response for Fask.RestSharp
  End reading response for Fask.RestSharp
  CompilerServer: server - server processed compilation - Fask.RestSharp
_CopyFilesMarkedCopyLocal:
  Probíhá kopírování souboru z umístìní C:\Users\ratho\OneDrive\Plocha\work_2026\FASK_2026\0x_Zdrojove_Kody\_SdileneProjekty_\Fask.Logging\!Build!\Debug\Fask.Logging.dll do umístìní C:\Users\ratho\OneDrive\Plocha\work_2026\FASK_2026\0x_Zdrojove_Kody\_SdileneProjekty_\Fask.RestSharp\bin\Debug\Fask.Logging.dll.
  Probíhá kopírování souboru z umístìní C:\Users\ratho\OneDrive\Plocha\work_2026\FASK_2026\0x_Zdrojove_Kody\_SdileneProjekty_\Fask.Logging\!Build!\Debug\Fask.Logging.pdb do umístìní C:\Users\ratho\OneDrive\Plocha\work_2026\FASK_2026\0x_Zdrojove_Kody\_SdileneProjekty_\Fask.RestSharp\bin\Debug\Fask.Logging.pdb.
  Probíhá aktualizace èasového razítka pro C:\Users\ratho\OneDrive\Plocha\work_2026\FASK_2026\0x_Zdrojove_Kody\_SdileneProjekty_\Fask.RestSharp\obj\Debug\Fask.Res.35BEE761.Up2Date.
_CopyAppConfigFile:
Cíl _CopyAppConfigFile bude vynechán, protože všechny výstupní soubory jsou aktuální vzhledem ke vstupním souborùm.
CopyFilesToOutputDirectory:
  Probíhá kopírování souboru z umístìní C:\Users\ratho\OneDrive\Plocha\work_2026\FASK_2026\0x_Zdrojove_Kody\_SdileneProjekty_\Fask.RestSharp\obj\Debug\Fask.RestSharp.dll do umístìní C:\Users\ratho\OneDrive\Plocha\work_2026\FASK_2026\0x_Zdrojove_Kody\_SdileneProjekty_\Fask.RestSharp\bin\Debug\Fask.RestSharp.dll.
  Fask.RestSharp -> C:\Users\ratho\OneDrive\Plocha\work_2026\FASK_2026\0x_Zdrojove_Kody\_SdileneProjekty_\Fask.RestSharp\bin\Debug\Fask.RestSharp.dll
  Probíhá kopírování souboru z umístìní C:\Users\ratho\OneDrive\Plocha\work_2026\FASK_2026\0x_Zdrojove_Kody\_SdileneProjekty_\Fask.RestSharp\obj\Debug\Fask.RestSharp.pdb do umístìní C:\Users\ratho\OneDrive\Plocha\work_2026\FASK_2026\0x_Zdrojove_Kody\_SdileneProjekty_\Fask.RestSharp\bin\Debug\Fask.RestSharp.pdb.
Sestavení projektu C:\Users\ratho\OneDrive\Plocha\work_2026\FASK_2026\0x_Zdrojove_Kody\_SdileneProjekty_\Fask.RestSharp\Fask.RestSharp.csproj (s výchozími cíli) bylo dokonèeno.
CoreResGen:
  Probíhá zpracování souboru prostøedku Editace\FormUzivateleEdit.resx do obj\Debug\FASK.Logins.Editace.FormUzivateleEdit.resources.
  Probíhá zpracování souboru prostøedku Editace\Form_FASK_AGENDA.resx do obj\Debug\FASK.Logins.Editace.Form_FASK_AGENDA.resources.
  Probíhá zpracování souboru prostøedku Editace\Form_FASK_Logins.resx do obj\Debug\FASK.Logins.Editace.Form_FASK_Logins.resources.
GenerateTargetFrameworkMonikerAttribute:
Cíl GenerateTargetFrameworkMonikerAttribute bude vynechán, protože všechny výstupní soubory jsou aktuální vzhledem ke vstupním souborùm.
CoreCompile:
  Setting DOTNET_TieredCompilation to '0'
  C:\Program Files\Microsoft Visual Studio\18\Community\MSBuild\Current\Bin\Roslyn\csc.exe /noconfig /nowarn:1701,1702 /fullpaths /nostdlib+ /errorreport:prompt /warn:4 /define:DEBUG;TRACE /highentropyva+ /reference:C:\Users\ratho\OneDrive\Plocha\work_2026\FASK_2026\0x_Zdrojove_Kody\Konzola\packages\Dapper.2.1.35\lib\net461\Dapper.dll /reference:"C:\Users\ratho\OneDrive\Plocha\work_2026\FASK_2026\0x_Zdrojove_Kody\_SdileneProjekty_\Fask.Logging\!Build!\Debug\Fask.Logging.dll" /reference:C:\Users\ratho\OneDrive\Plocha\work_2026\FASK_2026\0x_Zdrojove_Kody\_SdileneProjekty_\Fask.RestSharp\bin\Debug\Fask.RestSharp.dll /reference:C:\Users\ratho\OneDrive\Plocha\work_2026\FASK_2026\0x_Zdrojove_Kody\Konzola\packages\Microsoft.Bcl.AsyncInterfaces.8.0.0\lib\net462\Microsoft.Bcl.AsyncInterfaces.dll /reference:"C:\Program Files (x86)\Reference Assemblies\Microsoft\Framework\.NETFramework\v4.7\mscorlib.dll" /reference:C:\Users\ratho\OneDrive\Plocha\work_2026\FASK_2026\0x_Zdrojove_Kody\Win_Kom_Server\packages\Newtonsoft.Json.13.0.1\lib\net45\Newtonsoft.Json.dll /reference:"C:\Users\ratho\OneDrive\Plocha\work_2026\FASK_2026\0x_Zdrojove_Kody\_SdileneProjekty_\FASK.Logins\!!!Support!!!\ProgressControls\ProgressControls.dll" /reference:C:\Users\ratho\OneDrive\Plocha\work_2026\FASK_2026\0x_Zdrojove_Kody\Konzola\packages\RestSharp.106.0.0\lib\net452\RestSharp.dll /reference:C:\Users\ratho\OneDrive\Plocha\work_2026\FASK_2026\0x_Zdrojove_Kody\Konzola\packages\System.Buffers.4.5.1\lib\net461\System.Buffers.dll /reference:"C:\Program Files (x86)\Reference Assemblies\Microsoft\Framework\.NETFramework\v4.7\System.ComponentModel.Composition.dll" /reference:"C:\Program Files (x86)\Reference Assemblies\Microsoft\Framework\.NETFramework\v4.7\System.Core.dll" /reference:"C:\Program Files (x86)\Reference Assemblies\Microsoft\Framework\.NETFramework\v4.7\System.Data.DataSetExtensions.dll" /reference:"C:\Program Files (x86)\Reference Assemblies\Microsoft\Framework\.NETFramework\v4.7\System.Data.dll" /reference:"C:\Program Files (x86)\Reference Assemblies\Microsoft\Framework\.NETFramework\v4.7\System.dll" /reference:"C:\Program Files (x86)\Reference Assemblies\Microsoft\Framework\.NETFramework\v4.7\System.Drawing.dll" /reference:C:\Users\ratho\OneDrive\Plocha\work_2026\FASK_2026\0x_Zdrojove_Kody\Konzola\packages\System.IO.4.3.0\lib\net462\System.IO.dll /reference:C:\Users\ratho\OneDrive\Plocha\work_2026\FASK_2026\0x_Zdrojove_Kody\Konzola\packages\System.Memory.4.5.5\lib\net461\System.Memory.dll /reference:C:\Users\ratho\OneDrive\Plocha\work_2026\FASK_2026\0x_Zdrojove_Kody\Win_Kom_Server\packages\System.Net.Http.4.3.4\lib\net46\System.Net.Http.dll /reference:"C:\Program Files (x86)\Reference Assemblies\Microsoft\Framework\.NETFramework\v4.7\System.Numerics.dll" /reference:C:\Users\ratho\OneDrive\Plocha\work_2026\FASK_2026\0x_Zdrojove_Kody\Konzola\packages\System.Numerics.Vectors.4.5.0\lib\net46\System.Numerics.Vectors.dll /reference:C:\Users\ratho\OneDrive\Plocha\work_2026\FASK_2026\0x_Zdrojove_Kody\Win_Kom_Server\packages\System.Runtime.CompilerServices.Unsafe.6.1.0\lib\net462\System.Runtime.CompilerServices.Unsafe.dll /reference:C:\Users\ratho\OneDrive\Plocha\work_2026\FASK_2026\0x_Zdrojove_Kody\Win_Kom_Server\packages\System.Runtime.4.3.1\lib\net462\System.Runtime.dll /reference:"C:\Program Files (x86)\Reference Assemblies\Microsoft\Framework\.NETFramework\v4.7\System.Runtime.Serialization.dll" /reference:C:\Users\ratho\OneDrive\Plocha\work_2026\FASK_2026\0x_Zdrojove_Kody\Konzola\packages\System.Runtime.Serialization.Primitives.4.3.0\lib\net46\System.Runtime.Serialization.Primitives.dll /reference:C:\Users\ratho\OneDrive\Plocha\work_2026\FASK_2026\0x_Zdrojove_Kody\Win_Kom_Server\packages\System.Security.Cryptography.Algorithms.4.3.1\lib\net463\System.Security.Cryptography.Algorithms.dll /reference:C:\Users\ratho\OneDrive\Plocha\work_2026\FASK_2026\0x_Zdrojove_Kody\Konzola\packages\System.Security.Cryptography.Encoding.4.3.0\lib\net46\System.Security.Cryptography.Encoding.dll /reference:C:\Users\ratho\OneDrive\Plocha\work_2026\FASK_2026\0x_Zdrojove_Kody\Konzola\packages\System.Security.Cryptography.Primitives.4.3.0\lib\net46\System.Security.Cryptography.Primitives.dll /reference:C:\Users\ratho\OneDrive\Plocha\work_2026\FASK_2026\0x_Zdrojove_Kody\Win_Kom_Server\packages\System.Security.Cryptography.X509Certificates.4.3.2\lib\net461\System.Security.Cryptography.X509Certificates.dll /reference:C:\Users\ratho\OneDrive\Plocha\work_2026\FASK_2026\0x_Zdrojove_Kody\Konzola\packages\System.Text.Encodings.Web.8.0.0\lib\net462\System.Text.Encodings.Web.dll /reference:C:\Users\ratho\OneDrive\Plocha\work_2026\FASK_2026\0x_Zdrojove_Kody\Win_Kom_Server\packages\System.Text.Json.8.0.5\lib\net462\System.Text.Json.dll /reference:C:\Users\ratho\OneDrive\Plocha\work_2026\FASK_2026\0x_Zdrojove_Kody\Win_Kom_Server\packages\System.Threading.Tasks.Extensions.4.6.0\lib\net462\System.Threading.Tasks.Extensions.dll /reference:C:\Users\ratho\OneDrive\Plocha\work_2026\FASK_2026\0x_Zdrojove_Kody\Konzola\packages\System.ValueTuple.4.5.0\lib\net47\System.ValueTuple.dll /reference:"C:\Program Files (x86)\Reference Assemblies\Microsoft\Framework\.NETFramework\v4.7\System.Web.dll" /reference:"C:\Program Files (x86)\Reference Assemblies\Microsoft\Framework\.NETFramework\v4.7\System.Windows.Forms.dll" /reference:"C:\Program Files (x86)\Reference Assemblies\Microsoft\Framework\.NETFramework\v4.7\System.Xml.dll" /reference:"C:\Program Files (x86)\Reference Assemblies\Microsoft\Framework\.NETFramework\v4.7\System.Xml.Linq.dll" /reference:"C:\Program Files (x86)\Reference Assemblies\Microsoft\Framework\.NETFramework\v4.7\Facades\System.Collections.Concurrent.dll" /reference:"C:\Program Files (x86)\Reference Assemblies\Microsoft\Framework\.NETFramework\v4.7\Facades\System.Collections.dll" /reference:"C:\Program Files (x86)\Reference Assemblies\Microsoft\Framework\.NETFramework\v4.7\Facades\System.ComponentModel.Annotations.dll" /reference:"C:\Program Files (x86)\Reference Assemblies\Microsoft\Framework\.NETFramework\v4.7\Facades\System.ComponentModel.dll" /reference:"C:\Program Files (x86)\Reference Assemblies\Microsoft\Framework\.NETFramework\v4.7\Facades\System.ComponentModel.EventBasedAsync.dll" /reference:"C:\Program Files (x86)\Reference Assemblies\Microsoft\Framework\.NETFramework\v4.7\Facades\System.Diagnostics.Contracts.dll" /reference:"C:\Program Files (x86)\Reference Assemblies\Microsoft\Framework\.NETFramework\v4.7\Facades\System.Diagnostics.Debug.dll" /reference:"C:\Program Files (x86)\Reference Assemblies\Microsoft\Framework\.NETFramework\v4.7\Facades\System.Diagnostics.Tools.dll" /reference:"C:\Program Files (x86)\Reference Assemblies\Microsoft\Framework\.NETFramework\v4.7\Facades\System.Diagnostics.Tracing.dll" /reference:"C:\Program Files (x86)\Reference Assemblies\Microsoft\Framework\.NETFramework\v4.7\Facades\System.Dynamic.Runtime.dll" /reference:"C:\Program Files (x86)\Reference Assemblies\Microsoft\Framework\.NETFramework\v4.7\Facades\System.Globalization.dll" /reference:"C:\Program Files (x86)\Reference Assemblies\Microsoft\Framework\.NETFramework\v4.7\Facades\System.Linq.dll" /reference:"C:\Program Files (x86)\Reference Assemblies\Microsoft\Framework\.NETFramework\v4.7\Facades\System.Linq.Expressions.dll" /reference:"C:\Program Files (x86)\Reference Assemblies\Microsoft\Framework\.NETFramework\v4.7\Facades\System.Linq.Parallel.dll" /reference:"C:\Program Files (x86)\Reference Assemblies\Microsoft\Framework\.NETFramework\v4.7\Facades\System.Linq.Queryable.dll" /reference:"C:\Program Files (x86)\Reference Assemblies\Microsoft\Framework\.NETFramework\v4.7\Facades\System.Net.NetworkInformation.dll" /reference:"C:\Program Files (x86)\Reference Assemblies\Microsoft\Framework\.NETFramework\v4.7\Facades\System.Net.Primitives.dll" /reference:"C:\Program Files (x86)\Reference Assemblies\Microsoft\Framework\.NETFramework\v4.7\Facades\System.Net.Requests.dll" /reference:"C:\Program Files (x86)\Reference Assemblies\Microsoft\Framework\.NETFramework\v4.7\Facades\System.Net.WebHeaderCollection.dll" /reference:"C:\Program Files (x86)\Reference Assemblies\Microsoft\Framework\.NETFramework\v4.7\Facades\System.ObjectModel.dll" /reference:"C:\Program Files (x86)\Reference Assemblies\Microsoft\Framework\.NETFramework\v4.7\Facades\System.Reflection.dll" /reference:"C:\Program Files (x86)\Reference Assemblies\Microsoft\Framework\.NETFramework\v4.7\Facades\System.Reflection.Emit.dll" /reference:"C:\Program Files (x86)\Reference Assemblies\Microsoft\Framework\.NETFramework\v4.7\Facades\System.Reflection.Emit.ILGeneration.dll" /reference:"C:\Program Files (x86)\Reference Assemblies\Microsoft\Framework\.NETFramework\v4.7\Facades\System.Reflection.Emit.Lightweight.dll" /reference:"C:\Program Files (x86)\Reference Assemblies\Microsoft\Framework\.NETFramework\v4.7\Facades\System.Reflection.Extensions.dll" /reference:"C:\Program Files (x86)\Reference Assemblies\Microsoft\Framework\.NETFramework\v4.7\Facades\System.Reflection.Primitives.dll" /reference:"C:\Program Files (x86)\Reference Assemblies\Microsoft\Framework\.NETFramework\v4.7\Facades\System.Resources.ResourceManager.dll" /reference:"C:\Program Files (x86)\Reference Assemblies\Microsoft\Framework\.NETFramework\v4.7\Facades\System.Runtime.Extensions.dll" /reference:"C:\Program Files (x86)\Reference Assemblies\Microsoft\Framework\.NETFramework\v4.7\Facades\System.Runtime.Handles.dll" /reference:"C:\Program Files (x86)\Reference Assemblies\Microsoft\Framework\.NETFramework\v4.7\Facades\System.Runtime.InteropServices.dll" /reference:"C:\Program Files (x86)\Reference Assemblies\Microsoft\Framework\.NETFramework\v4.7\Facades\System.Runtime.InteropServices.WindowsRuntime.dll" /reference:"C:\Program Files (x86)\Reference Assemblies\Microsoft\Framework\.NETFramework\v4.7\Facades\System.Runtime.Numerics.dll" /reference:"C:\Program Files (x86)\Reference Assemblies\Microsoft\Framework\.NETFramework\v4.7\Facades\System.Runtime.Serialization.Json.dll" /reference:"C:\Program Files (x86)\Reference Assemblies\Microsoft\Framework\.NETFramework\v4.7\Facades\System.Runtime.Serialization.Xml.dll" /reference:"C:\Program Files (x86)\Reference Assemblies\Microsoft\Framework\.NETFramework\v4.7\Facades\System.Security.Principal.dll" /reference:"C:\Program Files (x86)\Reference Assemblies\Microsoft\Framework\.NETFramework\v4.7\Facades\System.ServiceModel.Duplex.dll" /reference:"C:\Program Files (x86)\Reference Assemblies\Microsoft\Framework\.NETFramework\v4.7\Facades\System.ServiceModel.Http.dll" /reference:"C:\Program Files (x86)\Reference Assemblies\Microsoft\Framework\.NETFramework\v4.7\Facades\System.ServiceModel.NetTcp.dll" /reference:"C:\Program Files (x86)\Reference Assemblies\Microsoft\Framework\.NETFramework\v4.7\Facades\System.ServiceModel.Primitives.dll" /reference:"C:\Program Files (x86)\Reference Assemblies\Microsoft\Framework\.NETFramework\v4.7\Facades\System.ServiceModel.Security.dll" /reference:"C:\Program Files (x86)\Reference Assemblies\Microsoft\Framework\.NETFramework\v4.7\Facades\System.Text.Encoding.dll" /reference:"C:\Program Files (x86)\Reference Assemblies\Microsoft\Framework\.NETFramework\v4.7\Facades\System.Text.Encoding.Extensions.dll" /reference:"C:\Program Files (x86)\Reference Assemblies\Microsoft\Framework\.NETFramework\v4.7\Facades\System.Text.RegularExpressions.dll" /reference:"C:\Program Files (x86)\Reference Assemblies\Microsoft\Framework\.NETFramework\v4.7\Facades\System.Threading.dll" /reference:"C:\Program Files (x86)\Reference Assemblies\Microsoft\Framework\.NETFramework\v4.7\Facades\System.Threading.Tasks.dll" /reference:"C:\Program Files (x86)\Reference Assemblies\Microsoft\Framework\.NETFramework\v4.7\Facades\System.Threading.Tasks.Parallel.dll" /reference:"C:\Program Files (x86)\Reference Assemblies\Microsoft\Framework\.NETFramework\v4.7\Facades\System.Threading.Timer.dll" /reference:"C:\Program Files (x86)\Reference Assemblies\Microsoft\Framework\.NETFramework\v4.7\Facades\System.Xml.ReaderWriter.dll" /reference:"C:\Program Files (x86)\Reference Assemblies\Microsoft\Framework\.NETFramework\v4.7\Facades\System.Xml.XDocument.dll" /reference:"C:\Program Files (x86)\Reference Assemblies\Microsoft\Framework\.NETFramework\v4.7\Facades\System.Xml.XmlSerializer.dll" /debug+ /debug:full /filealign:512 /optimize- /out:obj\Debug\FASK.Logins.dll /subsystemversion:6.00 /resource:obj\Debug\FASK.Logins.Editace.FormUzivateleEdit.resources /resource:obj\Debug\FASK.Logins.Editace.Form_FASK_AGENDA.resources /resource:obj\Debug\FASK.Logins.Editace.Form_FASK_Logins.resources /target:library /utf8output /langversion:7.3 ..\..\_SdileneTridy_\WEBAPI\API_BO\FASK_Login.cs ..\..\_SdileneTridy_\WEBAPI\API_BO\FASK_Login_Permissions.cs Classes\K_E_.cs Classes\K_Imp_.cs Classes\K_IT_Arch.cs Classes\K_P_Approval_.cs Classes\K_P_ZP.cs Editace\API_Komunikace.cs Editace\Filtry_Logins.cs Editace\IKomunikace.cs Komunikace\API_Commans.cs Classes\API_.cs Classes\SV_.cs Classes\V_Admin_.cs Classes\V_.cs Classes\M_Admin_.cs Classes\M_.cs Classes\K_IT_.cs Classes\K_Admin_.cs Classes\IPrava.cs Classes\K_.cs Classes\V_VS_.cs Classes\_.cs DataSets\Pristupy.cs DataSets\Pristupy.Designer.cs Editace\BindingSourceExt.cs Editace\Constants.cs Editace\FormUzivateleEdit.cs Editace\FormUzivateleEdit.Designer.cs Editace\Form_FASK_AGENDA.cs Editace\Form_FASK_AGENDA.Designer.cs Editace\Form_FASK_Logins.cs Editace\Form_FASK_Logins.Designer.cs Editace\RememberItem.cs Editace\SQL_Komunikace.cs Enum_Prava.cs Komunikace\ICommans.cs Prava\Konzole\PravaKonzole.cs Prava\Server_API\Prava_Server_API.cs Prava\Vyroba\PravaVyroba.cs Komunikace\SQL_Commans.cs Uzivatel.cs Properties\AssemblyInfo.cs WEBAPI\Communicate.cs WEBAPI\JSON_Class.cs "obj\Debug\.NETFramework,Version=v4.7.AssemblyAttributes.cs"
  Compilation request FASK.Logins, PathToTool=C:\Program Files\Microsoft Visual Studio\18\Community\MSBuild\Current\Bin\Roslyn\csc.exe
  CommandLine = ' /noconfig'
  BuildResponseFile = '/nowarn:1701,1702 /fullpaths /nostdlib+ /errorreport:prompt /warn:4 /define:DEBUG;TRACE /highentropyva+ /reference:C:\Users\ratho\OneDrive\Plocha\work_2026\FASK_2026\0x_Zdrojove_Kody\Konzola\packages\Dapper.2.1.35\lib\net461\Dapper.dll /reference:"C:\Users\ratho\OneDrive\Plocha\work_2026\FASK_2026\0x_Zdrojove_Kody\_SdileneProjekty_\Fask.Logging\!Build!\Debug\Fask.Logging.dll" /reference:C:\Users\ratho\OneDrive\Plocha\work_2026\FASK_2026\0x_Zdrojove_Kody\_SdileneProjekty_\Fask.RestSharp\bin\Debug\Fask.RestSharp.dll /reference:C:\Users\ratho\OneDrive\Plocha\work_2026\FASK_2026\0x_Zdrojove_Kody\Konzola\packages\Microsoft.Bcl.AsyncInterfaces.8.0.0\lib\net462\Microsoft.Bcl.AsyncInterfaces.dll /reference:"C:\Program Files (x86)\Reference Assemblies\Microsoft\Framework\.NETFramework\v4.7\mscorlib.dll" /reference:C:\Users\ratho\OneDrive\Plocha\work_2026\FASK_2026\0x_Zdrojove_Kody\Win_Kom_Server\packages\Newtonsoft.Json.13.0.1\lib\net45\Newtonsoft.Json.dll /reference:"C:\Users\ratho\OneDrive\Plocha\work_2026\FASK_2026\0x_Zdrojove_Kody\_SdileneProjekty_\FASK.Logins\!!!Support!!!\ProgressControls\ProgressControls.dll" /reference:C:\Users\ratho\OneDrive\Plocha\work_2026\FASK_2026\0x_Zdrojove_Kody\Konzola\packages\RestSharp.106.0.0\lib\net452\RestSharp.dll /reference:C:\Users\ratho\OneDrive\Plocha\work_2026\FASK_2026\0x_Zdrojove_Kody\Konzola\packages\System.Buffers.4.5.1\lib\net461\System.Buffers.dll /reference:"C:\Program Files (x86)\Reference Assemblies\Microsoft\Framework\.NETFramework\v4.7\System.ComponentModel.Composition.dll" /reference:"C:\Program Files (x86)\Reference Assemblies\Microsoft\Framework\.NETFramework\v4.7\System.Core.dll" /reference:"C:\Program Files (x86)\Reference Assemblies\Microsoft\Framework\.NETFramework\v4.7\System.Data.DataSetExtensions.dll" /reference:"C:\Program Files (x86)\Reference Assemblies\Microsoft\Framework\.NETFramework\v4.7\System.Data.dll" /reference:"C:\Program Files (x86)\Reference Assemblies\Microsoft\Framework\.NETFramework\v4.7\System.dll" /reference:"C:\Program Files (x86)\Reference Assemblies\Microsoft\Framework\.NETFramework\v4.7\System.Drawing.dll" /reference:C:\Users\ratho\OneDrive\Plocha\work_2026\FASK_2026\0x_Zdrojove_Kody\Konzola\packages\System.IO.4.3.0\lib\net462\System.IO.dll /reference:C:\Users\ratho\OneDrive\Plocha\work_2026\FASK_2026\0x_Zdrojove_Kody\Konzola\packages\System.Memory.4.5.5\lib\net461\System.Memory.dll /reference:C:\Users\ratho\OneDrive\Plocha\work_2026\FASK_2026\0x_Zdrojove_Kody\Win_Kom_Server\packages\System.Net.Http.4.3.4\lib\net46\System.Net.Http.dll /reference:"C:\Program Files (x86)\Reference Assemblies\Microsoft\Framework\.NETFramework\v4.7\System.Numerics.dll" /reference:C:\Users\ratho\OneDrive\Plocha\work_2026\FASK_2026\0x_Zdrojove_Kody\Konzola\packages\System.Numerics.Vectors.4.5.0\lib\net46\System.Numerics.Vectors.dll /reference:C:\Users\ratho\OneDrive\Plocha\work_2026\FASK_2026\0x_Zdrojove_Kody\Win_Kom_Server\packages\System.Runtime.CompilerServices.Unsafe.6.1.0\lib\net462\System.Runtime.CompilerServices.Unsafe.dll /reference:C:\Users\ratho\OneDrive\Plocha\work_2026\FASK_2026\0x_Zdrojove_Kody\Win_Kom_Server\packages\System.Runtime.4.3.1\lib\net462\System.Runtime.dll /reference:"C:\Program Files (x86)\Reference Assemblies\Microsoft\Framework\.NETFramework\v4.7\System.Runtime.Serialization.dll" /reference:C:\Users\ratho\OneDrive\Plocha\work_2026\FASK_2026\0x_Zdrojove_Kody\Konzola\packages\System.Runtime.Serialization.Primitives.4.3.0\lib\net46\System.Runtime.Serialization.Primitives.dll /reference:C:\Users\ratho\OneDrive\Plocha\work_2026\FASK_2026\0x_Zdrojove_Kody\Win_Kom_Server\packages\System.Security.Cryptography.Algorithms.4.3.1\lib\net463\System.Security.Cryptography.Algorithms.dll /reference:C:\Users\ratho\OneDrive\Plocha\work_2026\FASK_2026\0x_Zdrojove_Kody\Konzola\packages\System.Security.Cryptography.Encoding.4.3.0\lib\net46\System.Security.Cryptography.Encoding.dll /reference:C:\Users\ratho\OneDrive\Plocha\work_2026\FASK_2026\0x_Zdrojove_Kody\Konzola\packages\System.Security.Cryptography.Primitives.4.3.0\lib\net46\System.Security.Cryptography.Primitives.dll /reference:C:\Users\ratho\OneDrive\Plocha\work_2026\FASK_2026\0x_Zdrojove_Kody\Win_Kom_Server\packages\System.Security.Cryptography.X509Certificates.4.3.2\lib\net461\System.Security.Cryptography.X509Certificates.dll /reference:C:\Users\ratho\OneDrive\Plocha\work_2026\FASK_2026\0x_Zdrojove_Kody\Konzola\packages\System.Text.Encodings.Web.8.0.0\lib\net462\System.Text.Encodings.Web.dll /reference:C:\Users\ratho\OneDrive\Plocha\work_2026\FASK_2026\0x_Zdrojove_Kody\Win_Kom_Server\packages\System.Text.Json.8.0.5\lib\net462\System.Text.Json.dll /reference:C:\Users\ratho\OneDrive\Plocha\work_2026\FASK_2026\0x_Zdrojove_Kody\Win_Kom_Server\packages\System.Threading.Tasks.Extensions.4.6.0\lib\net462\System.Threading.Tasks.Extensions.dll /reference:C:\Users\ratho\OneDrive\Plocha\work_2026\FASK_2026\0x_Zdrojove_Kody\Konzola\packages\System.ValueTuple.4.5.0\lib\net47\System.ValueTuple.dll /reference:"C:\Program Files (x86)\Reference Assemblies\Microsoft\Framework\.NETFramework\v4.7\System.Web.dll" /reference:"C:\Program Files (x86)\Reference Assemblies\Microsoft\Framework\.NETFramework\v4.7\System.Windows.Forms.dll" /reference:"C:\Program Files (x86)\Reference Assemblies\Microsoft\Framework\.NETFramework\v4.7\System.Xml.dll" /reference:"C:\Program Files (x86)\Reference Assemblies\Microsoft\Framework\.NETFramework\v4.7\System.Xml.Linq.dll" /reference:"C:\Program Files (x86)\Reference Assemblies\Microsoft\Framework\.NETFramework\v4.7\Facades\System.Collections.Concurrent.dll" /reference:"C:\Program Files (x86)\Reference Assemblies\Microsoft\Framework\.NETFramework\v4.7\Facades\System.Collections.dll" /reference:"C:\Program Files (x86)\Reference Assemblies\Microsoft\Framework\.NETFramework\v4.7\Facades\System.ComponentModel.Annotations.dll" /reference:"C:\Program Files (x86)\Reference Assemblies\Microsoft\Framework\.NETFramework\v4.7\Facades\System.ComponentModel.dll" /reference:"C:\Program Files (x86)\Reference Assemblies\Microsoft\Framework\.NETFramework\v4.7\Facades\System.ComponentModel.EventBasedAsync.dll" /reference:"C:\Program Files (x86)\Reference Assemblies\Microsoft\Framework\.NETFramework\v4.7\Facades\System.Diagnostics.Contracts.dll" /reference:"C:\Program Files (x86)\Reference Assemblies\Microsoft\Framework\.NETFramework\v4.7\Facades\System.Diagnostics.Debug.dll" /reference:"C:\Program Files (x86)\Reference Assemblies\Microsoft\Framework\.NETFramework\v4.7\Facades\System.Diagnostics.Tools.dll" /reference:"C:\Program Files (x86)\Reference Assemblies\Microsoft\Framework\.NETFramework\v4.7\Facades\System.Diagnostics.Tracing.dll" /reference:"C:\Program Files (x86)\Reference Assemblies\Microsoft\Framework\.NETFramework\v4.7\Facades\System.Dynamic.Runtime.dll" /reference:"C:\Program Files (x86)\Reference Assemblies\Microsoft\Framework\.NETFramework\v4.7\Facades\System.Globalization.dll" /reference:"C:\Program Files (x86)\Reference Assemblies\Microsoft\Framework\.NETFramework\v4.7\Facades\System.Linq.dll" /reference:"C:\Program Files (x86)\Reference Assemblies\Microsoft\Framework\.NETFramework\v4.7\Facades\System.Linq.Expressions.dll" /reference:"C:\Program Files (x86)\Reference Assemblies\Microsoft\Framework\.NETFramework\v4.7\Facades\System.Linq.Parallel.dll" /reference:"C:\Program Files (x86)\Reference Assemblies\Microsoft\Framework\.NETFramework\v4.7\Facades\System.Linq.Queryable.dll" /reference:"C:\Program Files (x86)\Reference Assemblies\Microsoft\Framework\.NETFramework\v4.7\Facades\System.Net.NetworkInformation.dll" /reference:"C:\Program Files (x86)\Reference Assemblies\Microsoft\Framework\.NETFramework\v4.7\Facades\System.Net.Primitives.dll" /reference:"C:\Program Files (x86)\Reference Assemblies\Microsoft\Framework\.NETFramework\v4.7\Facades\System.Net.Requests.dll" /reference:"C:\Program Files (x86)\Reference Assemblies\Microsoft\Framework\.NETFramework\v4.7\Facades\System.Net.WebHeaderCollection.dll" /reference:"C:\Program Files (x86)\Reference Assemblies\Microsoft\Framework\.NETFramework\v4.7\Facades\System.ObjectModel.dll" /reference:"C:\Program Files (x86)\Reference Assemblies\Microsoft\Framework\.NETFramework\v4.7\Facades\System.Reflection.dll" /reference:"C:\Program Files (x86)\Reference Assemblies\Microsoft\Framework\.NETFramework\v4.7\Facades\System.Reflection.Emit.dll" /reference:"C:\Program Files (x86)\Reference Assemblies\Microsoft\Framework\.NETFramework\v4.7\Facades\System.Reflection.Emit.ILGeneration.dll" /reference:"C:\Program Files (x86)\Reference Assemblies\Microsoft\Framework\.NETFramework\v4.7\Facades\System.Reflection.Emit.Lightweight.dll" /reference:"C:\Program Files (x86)\Reference Assemblies\Microsoft\Framework\.NETFramework\v4.7\Facades\System.Reflection.Extensions.dll" /reference:"C:\Program Files (x86)\Reference Assemblies\Microsoft\Framework\.NETFramework\v4.7\Facades\System.Reflection.Primitives.dll" /reference:"C:\Program Files (x86)\Reference Assemblies\Microsoft\Framework\.NETFramework\v4.7\Facades\System.Resources.ResourceManager.dll" /reference:"C:\Program Files (x86)\Reference Assemblies\Microsoft\Framework\.NETFramework\v4.7\Facades\System.Runtime.Extensions.dll" /reference:"C:\Program Files (x86)\Reference Assemblies\Microsoft\Framework\.NETFramework\v4.7\Facades\System.Runtime.Handles.dll" /reference:"C:\Program Files (x86)\Reference Assemblies\Microsoft\Framework\.NETFramework\v4.7\Facades\System.Runtime.InteropServices.dll" /reference:"C:\Program Files (x86)\Reference Assemblies\Microsoft\Framework\.NETFramework\v4.7\Facades\System.Runtime.InteropServices.WindowsRuntime.dll" /reference:"C:\Program Files (x86)\Reference Assemblies\Microsoft\Framework\.NETFramework\v4.7\Facades\System.Runtime.Numerics.dll" /reference:"C:\Program Files (x86)\Reference Assemblies\Microsoft\Framework\.NETFramework\v4.7\Facades\System.Runtime.Serialization.Json.dll" /reference:"C:\Program Files (x86)\Reference Assemblies\Microsoft\Framework\.NETFramework\v4.7\Facades\System.Runtime.Serialization.Xml.dll" /reference:"C:\Program Files (x86)\Reference Assemblies\Microsoft\Framework\.NETFramework\v4.7\Facades\System.Security.Principal.dll" /reference:"C:\Program Files (x86)\Reference Assemblies\Microsoft\Framework\.NETFramework\v4.7\Facades\System.ServiceModel.Duplex.dll" /reference:"C:\Program Files (x86)\Reference Assemblies\Microsoft\Framework\.NETFramework\v4.7\Facades\System.ServiceModel.Http.dll" /reference:"C:\Program Files (x86)\Reference Assemblies\Microsoft\Framework\.NETFramework\v4.7\Facades\System.ServiceModel.NetTcp.dll" /reference:"C:\Program Files (x86)\Reference Assemblies\Microsoft\Framework\.NETFramework\v4.7\Facades\System.ServiceModel.Primitives.dll" /reference:"C:\Program Files (x86)\Reference Assemblies\Microsoft\Framework\.NETFramework\v4.7\Facades\System.ServiceModel.Security.dll" /reference:"C:\Program Files (x86)\Reference Assemblies\Microsoft\Framework\.NETFramework\v4.7\Facades\System.Text.Encoding.dll" /reference:"C:\Program Files (x86)\Reference Assemblies\Microsoft\Framework\.NETFramework\v4.7\Facades\System.Text.Encoding.Extensions.dll" /reference:"C:\Program Files (x86)\Reference Assemblies\Microsoft\Framework\.NETFramework\v4.7\Facades\System.Text.RegularExpressions.dll" /reference:"C:\Program Files (x86)\Reference Assemblies\Microsoft\Framework\.NETFramework\v4.7\Facades\System.Threading.dll" /reference:"C:\Program Files (x86)\Reference Assemblies\Microsoft\Framework\.NETFramework\v4.7\Facades\System.Threading.Tasks.dll" /reference:"C:\Program Files (x86)\Reference Assemblies\Microsoft\Framework\.NETFramework\v4.7\Facades\System.Threading.Tasks.Parallel.dll" /reference:"C:\Program Files (x86)\Reference Assemblies\Microsoft\Framework\.NETFramework\v4.7\Facades\System.Threading.Timer.dll" /reference:"C:\Program Files (x86)\Reference Assemblies\Microsoft\Framework\.NETFramework\v4.7\Facades\System.Xml.ReaderWriter.dll" /reference:"C:\Program Files (x86)\Reference Assemblies\Microsoft\Framework\.NETFramework\v4.7\Facades\System.Xml.XDocument.dll" /reference:"C:\Program Files (x86)\Reference Assemblies\Microsoft\Framework\.NETFramework\v4.7\Facades\System.Xml.XmlSerializer.dll" /debug+ /debug:full /filealign:512 /optimize- /out:obj\Debug\FASK.Logins.dll /subsystemversion:6.00 /resource:obj\Debug\FASK.Logins.Editace.FormUzivateleEdit.resources /resource:obj\Debug\FASK.Logins.Editace.Form_FASK_AGENDA.resources /resource:obj\Debug\FASK.Logins.Editace.Form_FASK_Logins.resources /target:library /utf8output /langversion:7.3 ..\..\_SdileneTridy_\WEBAPI\API_BO\FASK_Login.cs ..\..\_SdileneTridy_\WEBAPI\API_BO\FASK_Login_Permissions.cs Classes\K_E_.cs Classes\K_Imp_.cs Classes\K_IT_Arch.cs Classes\K_P_Approval_.cs Classes\K_P_ZP.cs Editace\API_Komunikace.cs Editace\Filtry_Logins.cs Editace\IKomunikace.cs Komunikace\API_Commans.cs Classes\API_.cs Classes\SV_.cs Classes\V_Admin_.cs Classes\V_.cs Classes\M_Admin_.cs Classes\M_.cs Classes\K_IT_.cs Classes\K_Admin_.cs Classes\IPrava.cs Classes\K_.cs Classes\V_VS_.cs Classes\_.cs DataSets\Pristupy.cs DataSets\Pristupy.Designer.cs Editace\BindingSourceExt.cs Editace\Constants.cs Editace\FormUzivateleEdit.cs Editace\FormUzivateleEdit.Designer.cs Editace\Form_FASK_AGENDA.cs Editace\Form_FASK_AGENDA.Designer.cs Editace\Form_FASK_Logins.cs Editace\Form_FASK_Logins.Designer.cs Editace\RememberItem.cs Editace\SQL_Komunikace.cs Enum_Prava.cs Komunikace\ICommans.cs Prava\Konzole\PravaKonzole.cs Prava\Server_API\Prava_Server_API.cs Prava\Vyroba\PravaVyroba.cs Komunikace\SQL_Commans.cs Uzivatel.cs Properties\AssemblyInfo.cs WEBAPI\Communicate.cs WEBAPI\JSON_Class.cs "obj\Debug\.NETFramework,Version=v4.7.AssemblyAttributes.cs"'
  Attempt to open named pipe '9u7Mq5B0RaDaiN3atZFkuOIPV_m2MrBWEDBJPGpczys'
  Attempt to connect named pipe '9u7Mq5B0RaDaiN3atZFkuOIPV_m2MrBWEDBJPGpczys'
  Named pipe '9u7Mq5B0RaDaiN3atZFkuOIPV_m2MrBWEDBJPGpczys' connected
  Begin writing request for FASK.Logins
  End writing request for FASK.Logins
  Begin reading response for FASK.Logins
  End reading response for FASK.Logins
C:\Users\ratho\OneDrive\Plocha\work_2026\FASK_2026\0x_Zdrojove_Kody\_SdileneProjekty_\FASK.Logins\Uzivatel.cs(222,29): warning CS0168: Promìnná ex je deklarovaná, ale nikdy se nepoužívá. [C:\Users\ratho\OneDrive\Plocha\work_2026\FASK_2026\0x_Zdrojove_Kody\_SdileneProjekty_\FASK.Logins\FASK.Logins.csproj]
  CompilerServer: server - server processed compilation - FASK.Logins
_CopyFilesMarkedCopyLocal:
  Probíhá kopírování souboru z umístìní C:\Users\ratho\OneDrive\Plocha\work_2026\FASK_2026\0x_Zdrojove_Kody\_SdileneProjekty_\Fask.RestSharp\bin\Debug\Fask.RestSharp.dll do umístìní C:\Users\ratho\OneDrive\Plocha\work_2026\FASK_2026\0x_Zdrojove_Kody\_SdileneProjekty_\FASK.Logins\!Build!\Debug\Fask.RestSharp.dll.
  Probíhá kopírování souboru z umístìní C:\Users\ratho\OneDrive\Plocha\work_2026\FASK_2026\0x_Zdrojove_Kody\_SdileneProjekty_\Fask.Logging\!Build!\Debug\Fask.Logging.dll do umístìní C:\Users\ratho\OneDrive\Plocha\work_2026\FASK_2026\0x_Zdrojove_Kody\_SdileneProjekty_\FASK.Logins\!Build!\Debug\Fask.Logging.dll.
  Probíhá kopírování souboru z umístìní C:\Users\ratho\OneDrive\Plocha\work_2026\FASK_2026\0x_Zdrojove_Kody\_SdileneProjekty_\Fask.Logging\!Build!\Debug\Fask.Logging.pdb do umístìní C:\Users\ratho\OneDrive\Plocha\work_2026\FASK_2026\0x_Zdrojove_Kody\_SdileneProjekty_\FASK.Logins\!Build!\Debug\Fask.Logging.pdb.
  Probíhá kopírování souboru z umístìní C:\Users\ratho\OneDrive\Plocha\work_2026\FASK_2026\0x_Zdrojove_Kody\_SdileneProjekty_\Fask.RestSharp\bin\Debug\Fask.RestSharp.pdb do umístìní C:\Users\ratho\OneDrive\Plocha\work_2026\FASK_2026\0x_Zdrojove_Kody\_SdileneProjekty_\FASK.Logins\!Build!\Debug\Fask.RestSharp.pdb.
  Probíhá aktualizace èasového razítka pro C:\Users\ratho\OneDrive\Plocha\work_2026\FASK_2026\0x_Zdrojove_Kody\_SdileneProjekty_\FASK.Logins\obj\Debug\FASK.Log.23BE2C0B.Up2Date.
_CopyAppConfigFile:
Cíl _CopyAppConfigFile bude vynechán, protože všechny výstupní soubory jsou aktuální vzhledem ke vstupním souborùm.
CopyFilesToOutputDirectory:
  Probíhá kopírování souboru z umístìní C:\Users\ratho\OneDrive\Plocha\work_2026\FASK_2026\0x_Zdrojove_Kody\_SdileneProjekty_\FASK.Logins\obj\Debug\FASK.Logins.dll do umístìní C:\Users\ratho\OneDrive\Plocha\work_2026\FASK_2026\0x_Zdrojove_Kody\_SdileneProjekty_\FASK.Logins\!Build!\Debug\FASK.Logins.dll.
  FASK.Logins -> C:\Users\ratho\OneDrive\Plocha\work_2026\FASK_2026\0x_Zdrojove_Kody\_SdileneProjekty_\FASK.Logins\!Build!\Debug\FASK.Logins.dll
  Probíhá kopírování souboru z umístìní C:\Users\ratho\OneDrive\Plocha\work_2026\FASK_2026\0x_Zdrojove_Kody\_SdileneProjekty_\FASK.Logins\obj\Debug\FASK.Logins.pdb do umístìní C:\Users\ratho\OneDrive\Plocha\work_2026\FASK_2026\0x_Zdrojove_Kody\_SdileneProjekty_\FASK.Logins\!Build!\Debug\FASK.Logins.pdb.
Sestavení projektu C:\Users\ratho\OneDrive\Plocha\work_2026\FASK_2026\0x_Zdrojove_Kody\_SdileneProjekty_\FASK.Logins\FASK.Logins.csproj (s výchozími cíli) bylo dokonèeno.
Probíhá sestavení projektu C:\Users\ratho\OneDrive\Plocha\work_2026\FASK_2026\0x_Zdrojove_Kody\Konzola\Konzola\Konzola.csproj (2) – C:\Users\ratho\OneDrive\Plocha\work_2026\FASK_2026\0x_Zdrojove_Kody\_SdileneProjekty_\Fask.POHODA.Disponibility\Fask.POHODA.Disponibility.csproj (10:2) v uzlu 1 (výchozí cíle).
GenerateTargetFrameworkMonikerAttribute:
Cíl GenerateTargetFrameworkMonikerAttribute bude vynechán, protože všechny výstupní soubory jsou aktuální vzhledem ke vstupním souborùm.
CoreCompile:
  Setting DOTNET_TieredCompilation to '0'
  C:\Program Files\Microsoft Visual Studio\18\Community\MSBuild\Current\Bin\Roslyn\csc.exe /noconfig /nowarn:1701,1702 /fullpaths /nostdlib+ /errorreport:prompt /warn:4 /define:DEBUG;TRACE /highentropyva+ /reference:C:\Users\ratho\OneDrive\Plocha\work_2026\FASK_2026\0x_Zdrojove_Kody\Konzola\packages\Dapper.2.1.35\lib\net461\Dapper.dll /reference:"C:\Program Files (x86)\Reference Assemblies\Microsoft\Framework\.NETFramework\v4.7\mscorlib.dll" /reference:"C:\Program Files (x86)\Reference Assemblies\Microsoft\Framework\.NETFramework\v4.7\System.Core.dll" /reference:"C:\Program Files (x86)\Reference Assemblies\Microsoft\Framework\.NETFramework\v4.7\System.Data.DataSetExtensions.dll" /reference:"C:\Program Files (x86)\Reference Assemblies\Microsoft\Framework\.NETFramework\v4.7\System.Data.dll" /reference:"C:\Program Files (x86)\Reference Assemblies\Microsoft\Framework\.NETFramework\v4.7\System.dll" /reference:"C:\Program Files (x86)\Reference Assemblies\Microsoft\Framework\.NETFramework\v4.7\System.Xml.dll" /reference:"C:\Program Files (x86)\Reference Assemblies\Microsoft\Framework\.NETFramework\v4.7\System.Xml.Linq.dll" /debug+ /debug:full /filealign:512 /optimize- /out:obj\Debug\Fask.POHODA.Disponibility.dll /subsystemversion:6.00 /target:library /utf8output /langversion:7.3 CheckDisp.cs InfoValidace.cs Properties\AssemblyInfo.cs StatusInfo.cs ValidateData.Designer.cs "obj\Debug\.NETFramework,Version=v4.7.AssemblyAttributes.cs"
  Compilation request Fask.POHODA.Disponibility, PathToTool=C:\Program Files\Microsoft Visual Studio\18\Community\MSBuild\Current\Bin\Roslyn\csc.exe
  CommandLine = ' /noconfig'
  BuildResponseFile = '/nowarn:1701,1702 /fullpaths /nostdlib+ /errorreport:prompt /warn:4 /define:DEBUG;TRACE /highentropyva+ /reference:C:\Users\ratho\OneDrive\Plocha\work_2026\FASK_2026\0x_Zdrojove_Kody\Konzola\packages\Dapper.2.1.35\lib\net461\Dapper.dll /reference:"C:\Program Files (x86)\Reference Assemblies\Microsoft\Framework\.NETFramework\v4.7\mscorlib.dll" /reference:"C:\Program Files (x86)\Reference Assemblies\Microsoft\Framework\.NETFramework\v4.7\System.Core.dll" /reference:"C:\Program Files (x86)\Reference Assemblies\Microsoft\Framework\.NETFramework\v4.7\System.Data.DataSetExtensions.dll" /reference:"C:\Program Files (x86)\Reference Assemblies\Microsoft\Framework\.NETFramework\v4.7\System.Data.dll" /reference:"C:\Program Files (x86)\Reference Assemblies\Microsoft\Framework\.NETFramework\v4.7\System.dll" /reference:"C:\Program Files (x86)\Reference Assemblies\Microsoft\Framework\.NETFramework\v4.7\System.Xml.dll" /reference:"C:\Program Files (x86)\Reference Assemblies\Microsoft\Framework\.NETFramework\v4.7\System.Xml.Linq.dll" /debug+ /debug:full /filealign:512 /optimize- /out:obj\Debug\Fask.POHODA.Disponibility.dll /subsystemversion:6.00 /target:library /utf8output /langversion:7.3 CheckDisp.cs InfoValidace.cs Properties\AssemblyInfo.cs StatusInfo.cs ValidateData.Designer.cs "obj\Debug\.NETFramework,Version=v4.7.AssemblyAttributes.cs"'
  Attempt to open named pipe '9u7Mq5B0RaDaiN3atZFkuOIPV_m2MrBWEDBJPGpczys'
  Attempt to connect named pipe '9u7Mq5B0RaDaiN3atZFkuOIPV_m2MrBWEDBJPGpczys'
  Named pipe '9u7Mq5B0RaDaiN3atZFkuOIPV_m2MrBWEDBJPGpczys' connected
  Begin writing request for Fask.POHODA.Disponibility
  End writing request for Fask.POHODA.Disponibility
  Begin reading response for Fask.POHODA.Disponibility
  End reading response for Fask.POHODA.Disponibility
  CompilerServer: server - server processed compilation - Fask.POHODA.Disponibility
CopyFilesToOutputDirectory:
  Probíhá kopírování souboru z umístìní C:\Users\ratho\OneDrive\Plocha\work_2026\FASK_2026\0x_Zdrojove_Kody\_SdileneProjekty_\Fask.POHODA.Disponibility\obj\Debug\Fask.POHODA.Disponibility.dll do umístìní C:\Users\ratho\OneDrive\Plocha\work_2026\FASK_2026\0x_Zdrojove_Kody\_SdileneProjekty_\Fask.POHODA.Disponibility\bin\Debug\Fask.POHODA.Disponibility.dll.
  Fask.POHODA.Disponibility -> C:\Users\ratho\OneDrive\Plocha\work_2026\FASK_2026\0x_Zdrojove_Kody\_SdileneProjekty_\Fask.POHODA.Disponibility\bin\Debug\Fask.POHODA.Disponibility.dll
  Probíhá kopírování souboru z umístìní C:\Users\ratho\OneDrive\Plocha\work_2026\FASK_2026\0x_Zdrojove_Kody\_SdileneProjekty_\Fask.POHODA.Disponibility\obj\Debug\Fask.POHODA.Disponibility.pdb do umístìní C:\Users\ratho\OneDrive\Plocha\work_2026\FASK_2026\0x_Zdrojove_Kody\_SdileneProjekty_\Fask.POHODA.Disponibility\bin\Debug\Fask.POHODA.Disponibility.pdb.
Sestavení projektu C:\Users\ratho\OneDrive\Plocha\work_2026\FASK_2026\0x_Zdrojove_Kody\_SdileneProjekty_\Fask.POHODA.Disponibility\Fask.POHODA.Disponibility.csproj (s výchozími cíli) bylo dokonèeno.
Probíhá sestavení projektu C:\Users\ratho\OneDrive\Plocha\work_2026\FASK_2026\0x_Zdrojove_Kody\Konzola\Konzola\Konzola.csproj (2) – C:\Users\ratho\OneDrive\Plocha\work_2026\FASK_2026\0x_Zdrojove_Kody\_SdileneProjekty_\Fask.Rady\Fask.Rady.csproj (11:2) v uzlu 1 (výchozí cíle).
GenerateTargetFrameworkMonikerAttribute:
Cíl GenerateTargetFrameworkMonikerAttribute bude vynechán, protože všechny výstupní soubory jsou aktuální vzhledem ke vstupním souborùm.
CoreCompile:
  Setting DOTNET_TieredCompilation to '0'
  C:\Program Files\Microsoft Visual Studio\18\Community\MSBuild\Current\Bin\Roslyn\csc.exe /noconfig /nowarn:1701,1702 /fullpaths /nostdlib+ /errorreport:prompt /warn:4 /define:DEBUG;TRACE /highentropyva+ /reference:C:\Users\ratho\OneDrive\Plocha\work_2026\FASK_2026\0x_Zdrojove_Kody\Konzola\packages\Dapper.2.1.35\lib\net461\Dapper.dll /reference:"C:\Users\ratho\OneDrive\Plocha\work_2026\FASK_2026\0x_Zdrojove_Kody\_SdileneProjekty_\Fask.Logging\!Build!\Debug\Fask.Logging.dll" /reference:"C:\Program Files (x86)\Reference Assemblies\Microsoft\Framework\.NETFramework\v4.7\mscorlib.dll" /reference:"C:\Program Files (x86)\Reference Assemblies\Microsoft\Framework\.NETFramework\v4.7\System.Core.dll" /reference:"C:\Program Files (x86)\Reference Assemblies\Microsoft\Framework\.NETFramework\v4.7\System.Data.DataSetExtensions.dll" /reference:"C:\Program Files (x86)\Reference Assemblies\Microsoft\Framework\.NETFramework\v4.7\System.Data.dll" /reference:"C:\Program Files (x86)\Reference Assemblies\Microsoft\Framework\.NETFramework\v4.7\System.dll" /reference:"C:\Program Files (x86)\Reference Assemblies\Microsoft\Framework\.NETFramework\v4.7\System.Xml.dll" /reference:"C:\Program Files (x86)\Reference Assemblies\Microsoft\Framework\.NETFramework\v4.7\System.Xml.Linq.dll" /debug+ /debug:full /filealign:512 /optimize- /out:obj\Debug\Fask.Rady.dll /subsystemversion:6.00 /target:library /utf8output /langversion:7.3 DB.cs DS_Rady.cs DS_Rady.Designer.cs Properties\AssemblyInfo.cs Rady.cs "obj\Debug\.NETFramework,Version=v4.7.AssemblyAttributes.cs"
  Compilation request Fask.Rady, PathToTool=C:\Program Files\Microsoft Visual Studio\18\Community\MSBuild\Current\Bin\Roslyn\csc.exe
  CommandLine = ' /noconfig'
  BuildResponseFile = '/nowarn:1701,1702 /fullpaths /nostdlib+ /errorreport:prompt /warn:4 /define:DEBUG;TRACE /highentropyva+ /reference:C:\Users\ratho\OneDrive\Plocha\work_2026\FASK_2026\0x_Zdrojove_Kody\Konzola\packages\Dapper.2.1.35\lib\net461\Dapper.dll /reference:"C:\Users\ratho\OneDrive\Plocha\work_2026\FASK_2026\0x_Zdrojove_Kody\_SdileneProjekty_\Fask.Logging\!Build!\Debug\Fask.Logging.dll" /reference:"C:\Program Files (x86)\Reference Assemblies\Microsoft\Framework\.NETFramework\v4.7\mscorlib.dll" /reference:"C:\Program Files (x86)\Reference Assemblies\Microsoft\Framework\.NETFramework\v4.7\System.Core.dll" /reference:"C:\Program Files (x86)\Reference Assemblies\Microsoft\Framework\.NETFramework\v4.7\System.Data.DataSetExtensions.dll" /reference:"C:\Program Files (x86)\Reference Assemblies\Microsoft\Framework\.NETFramework\v4.7\System.Data.dll" /reference:"C:\Program Files (x86)\Reference Assemblies\Microsoft\Framework\.NETFramework\v4.7\System.dll" /reference:"C:\Program Files (x86)\Reference Assemblies\Microsoft\Framework\.NETFramework\v4.7\System.Xml.dll" /reference:"C:\Program Files (x86)\Reference Assemblies\Microsoft\Framework\.NETFramework\v4.7\System.Xml.Linq.dll" /debug+ /debug:full /filealign:512 /optimize- /out:obj\Debug\Fask.Rady.dll /subsystemversion:6.00 /target:library /utf8output /langversion:7.3 DB.cs DS_Rady.cs DS_Rady.Designer.cs Properties\AssemblyInfo.cs Rady.cs "obj\Debug\.NETFramework,Version=v4.7.AssemblyAttributes.cs"'
  Attempt to open named pipe '9u7Mq5B0RaDaiN3atZFkuOIPV_m2MrBWEDBJPGpczys'
  Attempt to connect named pipe '9u7Mq5B0RaDaiN3atZFkuOIPV_m2MrBWEDBJPGpczys'
  Named pipe '9u7Mq5B0RaDaiN3atZFkuOIPV_m2MrBWEDBJPGpczys' connected
  Begin writing request for Fask.Rady
  End writing request for Fask.Rady
  Begin reading response for Fask.Rady
  End reading response for Fask.Rady
  CompilerServer: server - server processed compilation - Fask.Rady
_CopyFilesMarkedCopyLocal:
  Probíhá kopírování souboru z umístìní C:\Users\ratho\OneDrive\Plocha\work_2026\FASK_2026\0x_Zdrojove_Kody\_SdileneProjekty_\Fask.Logging\!Build!\Debug\Fask.Logging.dll do umístìní C:\Users\ratho\OneDrive\Plocha\work_2026\FASK_2026\0x_Zdrojove_Kody\_SdileneProjekty_\Fask.Rady\bin\Debug\Fask.Logging.dll.
  Probíhá kopírování souboru z umístìní C:\Users\ratho\OneDrive\Plocha\work_2026\FASK_2026\0x_Zdrojove_Kody\_SdileneProjekty_\Fask.Logging\!Build!\Debug\Fask.Logging.pdb do umístìní C:\Users\ratho\OneDrive\Plocha\work_2026\FASK_2026\0x_Zdrojove_Kody\_SdileneProjekty_\Fask.Rady\bin\Debug\Fask.Logging.pdb.
  Probíhá aktualizace èasového razítka pro C:\Users\ratho\OneDrive\Plocha\work_2026\FASK_2026\0x_Zdrojove_Kody\_SdileneProjekty_\Fask.Rady\obj\Debug\Fask.Rady.csproj.Up2Date.
CopyFilesToOutputDirectory:
  Probíhá kopírování souboru z umístìní C:\Users\ratho\OneDrive\Plocha\work_2026\FASK_2026\0x_Zdrojove_Kody\_SdileneProjekty_\Fask.Rady\obj\Debug\Fask.Rady.dll do umístìní C:\Users\ratho\OneDrive\Plocha\work_2026\FASK_2026\0x_Zdrojove_Kody\_SdileneProjekty_\Fask.Rady\bin\Debug\Fask.Rady.dll.
  Fask.Rady -> C:\Users\ratho\OneDrive\Plocha\work_2026\FASK_2026\0x_Zdrojove_Kody\_SdileneProjekty_\Fask.Rady\bin\Debug\Fask.Rady.dll
  Probíhá kopírování souboru z umístìní C:\Users\ratho\OneDrive\Plocha\work_2026\FASK_2026\0x_Zdrojove_Kody\_SdileneProjekty_\Fask.Rady\obj\Debug\Fask.Rady.pdb do umístìní C:\Users\ratho\OneDrive\Plocha\work_2026\FASK_2026\0x_Zdrojove_Kody\_SdileneProjekty_\Fask.Rady\bin\Debug\Fask.Rady.pdb.
Sestavení projektu C:\Users\ratho\OneDrive\Plocha\work_2026\FASK_2026\0x_Zdrojove_Kody\_SdileneProjekty_\Fask.Rady\Fask.Rady.csproj (s výchozími cíli) bylo dokonèeno.
Probíhá sestavení projektu C:\Users\ratho\OneDrive\Plocha\work_2026\FASK_2026\0x_Zdrojove_Kody\Konzola\Konzola\Konzola.csproj (2) – C:\Users\ratho\OneDrive\Plocha\work_2026\FASK_2026\0x_Zdrojove_Kody\_SdileneProjekty_\ProjektTiskClassLibrary\TestovaciProjekt\PrintReportLibrary\PrintReportLibrary.csproj (13:2) v uzlu 1 (výchozí cíle).
CoreResGen:
  Probíhá zpracování souboru prostøedku CoolPrintPreviewControl.resx do obj\Debug\PrintReportLibrary.CoolPrintPreviewControl.resources.
  Probíhá zpracování souboru prostøedku CoolPrintPreviewDialog.resx do obj\Debug\PrintReportLibrary.CoolPrintPreviewDialog.resources.
  Probíhá zpracování souboru prostøedku Properties\Resources.resx do obj\Debug\PrintReportLibrary.Properties.Resources.resources.
GenerateTargetFrameworkMonikerAttribute:
Cíl GenerateTargetFrameworkMonikerAttribute bude vynechán, protože všechny výstupní soubory jsou aktuální vzhledem ke vstupním souborùm.
CoreCompile:
  Setting DOTNET_TieredCompilation to '0'
  C:\Program Files\Microsoft Visual Studio\18\Community\MSBuild\Current\Bin\Roslyn\csc.exe /noconfig /nowarn:1701,1702 /fullpaths /nostdlib+ /errorreport:prompt /warn:4 /define:DEBUG;TRACE /highentropyva+ /reference:C:\Users\ratho\OneDrive\Plocha\work_2026\FASK_2026\0x_Zdrojove_Kody\Konzola\packages\Dapper.2.1.35\lib\net461\Dapper.dll /reference:C:\WINDOWS\assembly\GAC_MSIL\Microsoft.ReportViewer.WinForms\10.0.0.0__b03f5f7f11d50a3a\Microsoft.ReportViewer.WinForms.dll /reference:"C:\Program Files (x86)\Reference Assemblies\Microsoft\Framework\.NETFramework\v4.7\mscorlib.dll" /reference:"C:\Program Files (x86)\Reference Assemblies\Microsoft\Framework\.NETFramework\v4.7\System.Core.dll" /reference:"C:\Program Files (x86)\Reference Assemblies\Microsoft\Framework\.NETFramework\v4.7\System.Data.DataSetExtensions.dll" /reference:"C:\Program Files (x86)\Reference Assemblies\Microsoft\Framework\.NETFramework\v4.7\System.Data.dll" /reference:"C:\Program Files (x86)\Reference Assemblies\Microsoft\Framework\.NETFramework\v4.7\System.dll" /reference:"C:\Program Files (x86)\Reference Assemblies\Microsoft\Framework\.NETFramework\v4.7\System.Drawing.dll" /reference:"C:\Program Files (x86)\Reference Assemblies\Microsoft\Framework\.NETFramework\v4.7\System.Windows.Forms.dll" /reference:"C:\Program Files (x86)\Reference Assemblies\Microsoft\Framework\.NETFramework\v4.7\System.Xml.dll" /reference:"C:\Program Files (x86)\Reference Assemblies\Microsoft\Framework\.NETFramework\v4.7\System.Xml.Linq.dll" /reference:C:\Users\ratho\OneDrive\Plocha\work_2026\FASK_2026\0x_Zdrojove_Kody\Konzola\packages\ZXing.Net.0.16.9\lib\net47\zxing.dll /reference:C:\Users\ratho\OneDrive\Plocha\work_2026\FASK_2026\0x_Zdrojove_Kody\Konzola\packages\ZXing.Net.0.16.9\lib\net47\zxing.presentation.dll /debug+ /debug:full /filealign:512 /optimize- /out:obj\Debug\PrintReportLibrary.dll /subsystemversion:6.00 /resource:obj\Debug\PrintReportLibrary.CoolPrintPreviewControl.resources /resource:obj\Debug\PrintReportLibrary.CoolPrintPreviewDialog.resources /resource:obj\Debug\PrintReportLibrary.Properties.Resources.resources /target:library /utf8output /langversion:7.3 CoolPrintPreviewControl.cs CoolPrintPreviewDialog.cs CoolPrintPreviewDialog.designer.cs DataSets\DS_Soupis1.Designer.cs PageImageList.cs Path.cs Provider\PrintReport.cs Properties\AssemblyInfo.cs Properties\Resources.Designer.cs Properties\Resources1.Designer.cs Properties\Settings.Designer.cs Properties\Settings1.Designer.cs "obj\Debug\.NETFramework,Version=v4.7.AssemblyAttributes.cs"
  Compilation request PrintReportLibrary, PathToTool=C:\Program Files\Microsoft Visual Studio\18\Community\MSBuild\Current\Bin\Roslyn\csc.exe
  CommandLine = ' /noconfig'
  BuildResponseFile = '/nowarn:1701,1702 /fullpaths /nostdlib+ /errorreport:prompt /warn:4 /define:DEBUG;TRACE /highentropyva+ /reference:C:\Users\ratho\OneDrive\Plocha\work_2026\FASK_2026\0x_Zdrojove_Kody\Konzola\packages\Dapper.2.1.35\lib\net461\Dapper.dll /reference:C:\WINDOWS\assembly\GAC_MSIL\Microsoft.ReportViewer.WinForms\10.0.0.0__b03f5f7f11d50a3a\Microsoft.ReportViewer.WinForms.dll /reference:"C:\Program Files (x86)\Reference Assemblies\Microsoft\Framework\.NETFramework\v4.7\mscorlib.dll" /reference:"C:\Program Files (x86)\Reference Assemblies\Microsoft\Framework\.NETFramework\v4.7\System.Core.dll" /reference:"C:\Program Files (x86)\Reference Assemblies\Microsoft\Framework\.NETFramework\v4.7\System.Data.DataSetExtensions.dll" /reference:"C:\Program Files (x86)\Reference Assemblies\Microsoft\Framework\.NETFramework\v4.7\System.Data.dll" /reference:"C:\Program Files (x86)\Reference Assemblies\Microsoft\Framework\.NETFramework\v4.7\System.dll" /reference:"C:\Program Files (x86)\Reference Assemblies\Microsoft\Framework\.NETFramework\v4.7\System.Drawing.dll" /reference:"C:\Program Files (x86)\Reference Assemblies\Microsoft\Framework\.NETFramework\v4.7\System.Windows.Forms.dll" /reference:"C:\Program Files (x86)\Reference Assemblies\Microsoft\Framework\.NETFramework\v4.7\System.Xml.dll" /reference:"C:\Program Files (x86)\Reference Assemblies\Microsoft\Framework\.NETFramework\v4.7\System.Xml.Linq.dll" /reference:C:\Users\ratho\OneDrive\Plocha\work_2026\FASK_2026\0x_Zdrojove_Kody\Konzola\packages\ZXing.Net.0.16.9\lib\net47\zxing.dll /reference:C:\Users\ratho\OneDrive\Plocha\work_2026\FASK_2026\0x_Zdrojove_Kody\Konzola\packages\ZXing.Net.0.16.9\lib\net47\zxing.presentation.dll /debug+ /debug:full /filealign:512 /optimize- /out:obj\Debug\PrintReportLibrary.dll /subsystemversion:6.00 /resource:obj\Debug\PrintReportLibrary.CoolPrintPreviewControl.resources /resource:obj\Debug\PrintReportLibrary.CoolPrintPreviewDialog.resources /resource:obj\Debug\PrintReportLibrary.Properties.Resources.resources /target:library /utf8output /langversion:7.3 CoolPrintPreviewControl.cs CoolPrintPreviewDialog.cs CoolPrintPreviewDialog.designer.cs DataSets\DS_Soupis1.Designer.cs PageImageList.cs Path.cs Provider\PrintReport.cs Properties\AssemblyInfo.cs Properties\Resources.Designer.cs Properties\Resources1.Designer.cs Properties\Settings.Designer.cs Properties\Settings1.Designer.cs "obj\Debug\.NETFramework,Version=v4.7.AssemblyAttributes.cs"'
  Attempt to open named pipe '9u7Mq5B0RaDaiN3atZFkuOIPV_m2MrBWEDBJPGpczys'
  Attempt to connect named pipe '9u7Mq5B0RaDaiN3atZFkuOIPV_m2MrBWEDBJPGpczys'
  Named pipe '9u7Mq5B0RaDaiN3atZFkuOIPV_m2MrBWEDBJPGpczys' connected
  Begin writing request for PrintReportLibrary
  End writing request for PrintReportLibrary
  Begin reading response for PrintReportLibrary
  End reading response for PrintReportLibrary
  CompilerServer: server - server processed compilation - PrintReportLibrary
_CopyFilesMarkedCopyLocal:
  Probíhá kopírování souboru z umístìní C:\Users\ratho\OneDrive\Plocha\work_2026\FASK_2026\0x_Zdrojove_Kody\Konzola\packages\ZXing.Net.0.16.9\lib\net47\zxing.dll do umístìní C:\Users\ratho\OneDrive\Plocha\work_2026\FASK_2026\0x_Zdrojove_Kody\_SdileneProjekty_\ProjektTiskClassLibrary\TestovaciProjekt\!Build!\Debug\zxing.dll.
  Probíhá kopírování souboru z umístìní C:\Users\ratho\OneDrive\Plocha\work_2026\FASK_2026\0x_Zdrojove_Kody\Konzola\packages\Dapper.2.1.35\lib\net461\Dapper.xml do umístìní C:\Users\ratho\OneDrive\Plocha\work_2026\FASK_2026\0x_Zdrojove_Kody\_SdileneProjekty_\ProjektTiskClassLibrary\TestovaciProjekt\!Build!\Debug\Dapper.xml.
  Probíhá kopírování souboru z umístìní C:\Users\ratho\OneDrive\Plocha\work_2026\FASK_2026\0x_Zdrojove_Kody\Konzola\packages\ZXing.Net.0.16.9\lib\net47\zxing.presentation.dll do umístìní C:\Users\ratho\OneDrive\Plocha\work_2026\FASK_2026\0x_Zdrojove_Kody\_SdileneProjekty_\ProjektTiskClassLibrary\TestovaciProjekt\!Build!\Debug\zxing.presentation.dll.
  Probíhá kopírování souboru z umístìní C:\Users\ratho\OneDrive\Plocha\work_2026\FASK_2026\0x_Zdrojove_Kody\Konzola\packages\Dapper.2.1.35\lib\net461\Dapper.dll do umístìní C:\Users\ratho\OneDrive\Plocha\work_2026\FASK_2026\0x_Zdrojove_Kody\_SdileneProjekty_\ProjektTiskClassLibrary\TestovaciProjekt\!Build!\Debug\Dapper.dll.
  Probíhá kopírování souboru z umístìní C:\Users\ratho\OneDrive\Plocha\work_2026\FASK_2026\0x_Zdrojove_Kody\Konzola\packages\ZXing.Net.0.16.9\lib\net47\zxing.xml do umístìní C:\Users\ratho\OneDrive\Plocha\work_2026\FASK_2026\0x_Zdrojove_Kody\_SdileneProjekty_\ProjektTiskClassLibrary\TestovaciProjekt\!Build!\Debug\zxing.xml.
  Probíhá kopírování souboru z umístìní C:\Users\ratho\OneDrive\Plocha\work_2026\FASK_2026\0x_Zdrojove_Kody\Konzola\packages\ZXing.Net.0.16.9\lib\net47\zxing.presentation.xml do umístìní C:\Users\ratho\OneDrive\Plocha\work_2026\FASK_2026\0x_Zdrojove_Kody\_SdileneProjekty_\ProjektTiskClassLibrary\TestovaciProjekt\!Build!\Debug\zxing.presentation.xml.
  Probíhá vytváøení souboru C:\Users\ratho\OneDrive\Plocha\work_2026\FASK_2026\0x_Zdrojove_Kody\_SdileneProjekty_\ProjektTiskClassLibrary\TestovaciProjekt\PrintReportLibrary\obj\Debug\PrintRep.99D2B84F.Up2Date v dùsledku zadání AlwaysCreate.
  Probíhá aktualizace èasového razítka pro C:\Users\ratho\OneDrive\Plocha\work_2026\FASK_2026\0x_Zdrojove_Kody\_SdileneProjekty_\ProjektTiskClassLibrary\TestovaciProjekt\PrintReportLibrary\obj\Debug\PrintRep.99D2B84F.Up2Date.
_CopyAppConfigFile:
  Probíhá kopírování souboru z umístìní C:\Users\ratho\OneDrive\Plocha\work_2026\FASK_2026\0x_Zdrojove_Kody\_SdileneProjekty_\ProjektTiskClassLibrary\TestovaciProjekt\PrintReportLibrary\app.config do umístìní C:\Users\ratho\OneDrive\Plocha\work_2026\FASK_2026\0x_Zdrojove_Kody\_SdileneProjekty_\ProjektTiskClassLibrary\TestovaciProjekt\!Build!\Debug\PrintReportLibrary.dll.config.
CopyFilesToOutputDirectory:
  Probíhá kopírování souboru z umístìní C:\Users\ratho\OneDrive\Plocha\work_2026\FASK_2026\0x_Zdrojove_Kody\_SdileneProjekty_\ProjektTiskClassLibrary\TestovaciProjekt\PrintReportLibrary\obj\Debug\PrintReportLibrary.dll do umístìní C:\Users\ratho\OneDrive\Plocha\work_2026\FASK_2026\0x_Zdrojove_Kody\_SdileneProjekty_\ProjektTiskClassLibrary\TestovaciProjekt\!Build!\Debug\PrintReportLibrary.dll.
  PrintReportLibrary -> C:\Users\ratho\OneDrive\Plocha\work_2026\FASK_2026\0x_Zdrojove_Kody\_SdileneProjekty_\ProjektTiskClassLibrary\TestovaciProjekt\!Build!\Debug\PrintReportLibrary.dll
  Probíhá kopírování souboru z umístìní C:\Users\ratho\OneDrive\Plocha\work_2026\FASK_2026\0x_Zdrojove_Kody\_SdileneProjekty_\ProjektTiskClassLibrary\TestovaciProjekt\PrintReportLibrary\obj\Debug\PrintReportLibrary.pdb do umístìní C:\Users\ratho\OneDrive\Plocha\work_2026\FASK_2026\0x_Zdrojove_Kody\_SdileneProjekty_\ProjektTiskClassLibrary\TestovaciProjekt\!Build!\Debug\PrintReportLibrary.pdb.
Sestavení projektu C:\Users\ratho\OneDrive\Plocha\work_2026\FASK_2026\0x_Zdrojove_Kody\_SdileneProjekty_\ProjektTiskClassLibrary\TestovaciProjekt\PrintReportLibrary\PrintReportLibrary.csproj (s výchozími cíli) bylo dokonèeno.
Probíhá sestavení projektu C:\Users\ratho\OneDrive\Plocha\work_2026\FASK_2026\0x_Zdrojove_Kody\Konzola\Konzola\Konzola.csproj (2) – C:\Users\ratho\OneDrive\Plocha\work_2026\FASK_2026\0x_Zdrojove_Kody\_SdileneProjekty_\RemoteViewing\RemoteViewing\RemoteViewing.Windows.Forms\RemoteViewing.Windows.Forms.csproj (14:2) v uzlu 1 (výchozí cíle).
Probíhá sestavení projektu C:\Users\ratho\OneDrive\Plocha\work_2026\FASK_2026\0x_Zdrojove_Kody\_SdileneProjekty_\RemoteViewing\RemoteViewing\RemoteViewing.Windows.Forms\RemoteViewing.Windows.Forms.csproj (14:2) – C:\Users\ratho\OneDrive\Plocha\work_2026\FASK_2026\0x_Zdrojove_Kody\_SdileneProjekty_\RemoteViewing\RemoteViewing\RemoteViewing\RemoteViewing.csproj (15:3) v uzlu 1 (výchozí cíle).
GenerateTargetFrameworkMonikerAttribute:
Cíl GenerateTargetFrameworkMonikerAttribute bude vynechán, protože všechny výstupní soubory jsou aktuální vzhledem ke vstupním souborùm.
CoreCompile:
  Setting DOTNET_TieredCompilation to '0'
  C:\Program Files\Microsoft Visual Studio\18\Community\MSBuild\Current\Bin\Roslyn\csc.exe /noconfig /unsafe+ /nowarn:1701,1702 /fullpaths /nostdlib+ /errorreport:prompt /warn:4 /define:DEBUG;TRACE /highentropyva+ /reference:C:\Users\ratho\OneDrive\Plocha\work_2026\FASK_2026\0x_Zdrojove_Kody\Konzola\packages\Dapper.2.1.35\lib\net461\Dapper.dll /reference:"C:\Users\ratho\OneDrive\Plocha\work_2026\FASK_2026\0x_Zdrojove_Kody\_SdileneProjekty_\Fask.Logging\!Build!\Debug\Fask.Logging.dll" /reference:"C:\Program Files (x86)\Reference Assemblies\Microsoft\Framework\.NETFramework\v4.7\Microsoft.CSharp.dll" /reference:"C:\Program Files (x86)\Reference Assemblies\Microsoft\Framework\.NETFramework\v4.7\mscorlib.dll" /reference:"C:\Program Files (x86)\Reference Assemblies\Microsoft\Framework\.NETFramework\v4.7\System.Core.dll" /reference:"C:\Program Files (x86)\Reference Assemblies\Microsoft\Framework\.NETFramework\v4.7\System.Data.DataSetExtensions.dll" /reference:"C:\Program Files (x86)\Reference Assemblies\Microsoft\Framework\.NETFramework\v4.7\System.Data.dll" /reference:"C:\Program Files (x86)\Reference Assemblies\Microsoft\Framework\.NETFramework\v4.7\System.dll" /reference:"C:\Program Files (x86)\Reference Assemblies\Microsoft\Framework\.NETFramework\v4.7\System.Security.dll" /reference:"C:\Program Files (x86)\Reference Assemblies\Microsoft\Framework\.NETFramework\v4.7\System.Xml.dll" /reference:"C:\Program Files (x86)\Reference Assemblies\Microsoft\Framework\.NETFramework\v4.7\System.Xml.Linq.dll" /debug+ /debug:full /filealign:512 /optimize- /out:obj\Debug\RemoteViewing.dll /subsystemversion:6.00 /target:library /utf8output /langversion:7.3 TestExtension.cs Properties\AssemblyInfo.cs Throw.cs ThrowExtensions.cs Utility\AutoClear.cs Utility\PeriodicThread.cs Utility\PollingSynchronizationContext.cs Utility\SynchronizedCall.cs Utility\User32.cs Vnc\AuthenticationMethod.cs Vnc\FramebufferChangedEventArgs.cs Vnc\IVncFramebufferSource.cs Vnc\IVncPasswordChallenge.cs Vnc\KeySym.cs Vnc\RemoteClipboardChangedEventArgs.cs Vnc\VncClient.cs Vnc\VncClient.Framebuffer.cs Vnc\VncClientConnectOptions.cs Vnc\VncEncoding.cs Vnc\VncException.cs Vnc\VncFailureReason.cs Vnc\VncFramebuffer.cs Vnc\VncPasswordChallenge.cs Vnc\VncPixelFormat.cs Vnc\VncRectangle.cs Vnc\VncStream.cs Vnc\VncUtility.cs "obj\Debug\.NETFramework,Version=v4.7.AssemblyAttributes.cs"
  Compilation request RemoteViewing, PathToTool=C:\Program Files\Microsoft Visual Studio\18\Community\MSBuild\Current\Bin\Roslyn\csc.exe
  CommandLine = ' /noconfig'
  BuildResponseFile = '/unsafe+ /nowarn:1701,1702 /fullpaths /nostdlib+ /errorreport:prompt /warn:4 /define:DEBUG;TRACE /highentropyva+ /reference:C:\Users\ratho\OneDrive\Plocha\work_2026\FASK_2026\0x_Zdrojove_Kody\Konzola\packages\Dapper.2.1.35\lib\net461\Dapper.dll /reference:"C:\Users\ratho\OneDrive\Plocha\work_2026\FASK_2026\0x_Zdrojove_Kody\_SdileneProjekty_\Fask.Logging\!Build!\Debug\Fask.Logging.dll" /reference:"C:\Program Files (x86)\Reference Assemblies\Microsoft\Framework\.NETFramework\v4.7\Microsoft.CSharp.dll" /reference:"C:\Program Files (x86)\Reference Assemblies\Microsoft\Framework\.NETFramework\v4.7\mscorlib.dll" /reference:"C:\Program Files (x86)\Reference Assemblies\Microsoft\Framework\.NETFramework\v4.7\System.Core.dll" /reference:"C:\Program Files (x86)\Reference Assemblies\Microsoft\Framework\.NETFramework\v4.7\System.Data.DataSetExtensions.dll" /reference:"C:\Program Files (x86)\Reference Assemblies\Microsoft\Framework\.NETFramework\v4.7\System.Data.dll" /reference:"C:\Program Files (x86)\Reference Assemblies\Microsoft\Framework\.NETFramework\v4.7\System.dll" /reference:"C:\Program Files (x86)\Reference Assemblies\Microsoft\Framework\.NETFramework\v4.7\System.Security.dll" /reference:"C:\Program Files (x86)\Reference Assemblies\Microsoft\Framework\.NETFramework\v4.7\System.Xml.dll" /reference:"C:\Program Files (x86)\Reference Assemblies\Microsoft\Framework\.NETFramework\v4.7\System.Xml.Linq.dll" /debug+ /debug:full /filealign:512 /optimize- /out:obj\Debug\RemoteViewing.dll /subsystemversion:6.00 /target:library /utf8output /langversion:7.3 TestExtension.cs Properties\AssemblyInfo.cs Throw.cs ThrowExtensions.cs Utility\AutoClear.cs Utility\PeriodicThread.cs Utility\PollingSynchronizationContext.cs Utility\SynchronizedCall.cs Utility\User32.cs Vnc\AuthenticationMethod.cs Vnc\FramebufferChangedEventArgs.cs Vnc\IVncFramebufferSource.cs Vnc\IVncPasswordChallenge.cs Vnc\KeySym.cs Vnc\RemoteClipboardChangedEventArgs.cs Vnc\VncClient.cs Vnc\VncClient.Framebuffer.cs Vnc\VncClientConnectOptions.cs Vnc\VncEncoding.cs Vnc\VncException.cs Vnc\VncFailureReason.cs Vnc\VncFramebuffer.cs Vnc\VncPasswordChallenge.cs Vnc\VncPixelFormat.cs Vnc\VncRectangle.cs Vnc\VncStream.cs Vnc\VncUtility.cs "obj\Debug\.NETFramework,Version=v4.7.AssemblyAttributes.cs"'
  Attempt to open named pipe '9u7Mq5B0RaDaiN3atZFkuOIPV_m2MrBWEDBJPGpczys'
  Attempt to connect named pipe '9u7Mq5B0RaDaiN3atZFkuOIPV_m2MrBWEDBJPGpczys'
  Named pipe '9u7Mq5B0RaDaiN3atZFkuOIPV_m2MrBWEDBJPGpczys' connected
  Begin writing request for RemoteViewing
  End writing request for RemoteViewing
  Begin reading response for RemoteViewing
  End reading response for RemoteViewing
C:\Users\ratho\OneDrive\Plocha\work_2026\FASK_2026\0x_Zdrojove_Kody\_SdileneProjekty_\RemoteViewing\RemoteViewing\RemoteViewing\Vnc\VncPixelFormat.cs(193,23): warning CS3021: VncPixelFormat.RedMax nepotøebuje atribut CLSCompliant, protože sestavení nemá atribut CLSCompliant. [C:\Users\ratho\OneDrive\Plocha\work_2026\FASK_2026\0x_Zdrojove_Kody\_SdileneProjekty_\RemoteViewing\RemoteViewing\RemoteViewing\RemoteViewing.csproj]
C:\Users\ratho\OneDrive\Plocha\work_2026\FASK_2026\0x_Zdrojove_Kody\_SdileneProjekty_\RemoteViewing\RemoteViewing\RemoteViewing\Vnc\VncPixelFormat.cs(205,23): warning CS3021: VncPixelFormat.BlueMax nepotøebuje atribut CLSCompliant, protože sestavení nemá atribut CLSCompliant. [C:\Users\ratho\OneDrive\Plocha\work_2026\FASK_2026\0x_Zdrojove_Kody\_SdileneProjekty_\RemoteViewing\RemoteViewing\RemoteViewing\RemoteViewing.csproj]
C:\Users\ratho\OneDrive\Plocha\work_2026\FASK_2026\0x_Zdrojove_Kody\_SdileneProjekty_\RemoteViewing\RemoteViewing\RemoteViewing\Vnc\KeySym.cs(54,17): warning CS3021: KeySym nepotøebuje atribut CLSCompliant, protože sestavení nemá atribut CLSCompliant. [C:\Users\ratho\OneDrive\Plocha\work_2026\FASK_2026\0x_Zdrojove_Kody\_SdileneProjekty_\RemoteViewing\RemoteViewing\RemoteViewing\RemoteViewing.csproj]
C:\Users\ratho\OneDrive\Plocha\work_2026\FASK_2026\0x_Zdrojove_Kody\_SdileneProjekty_\RemoteViewing\RemoteViewing\RemoteViewing\Vnc\VncPixelFormat.cs(217,23): warning CS3021: VncPixelFormat.GreenMax nepotøebuje atribut CLSCompliant, protože sestavení nemá atribut CLSCompliant. [C:\Users\ratho\OneDrive\Plocha\work_2026\FASK_2026\0x_Zdrojove_Kody\_SdileneProjekty_\RemoteViewing\RemoteViewing\RemoteViewing\RemoteViewing.csproj]
C:\Users\ratho\OneDrive\Plocha\work_2026\FASK_2026\0x_Zdrojove_Kody\_SdileneProjekty_\RemoteViewing\RemoteViewing\RemoteViewing\Vnc\VncClient.cs(325,21): warning CS3021: VncClient.SendKeyEvent(KeySym, bool) nepotøebuje atribut CLSCompliant, protože sestavení nemá atribut CLSCompliant. [C:\Users\ratho\OneDrive\Plocha\work_2026\FASK_2026\0x_Zdrojove_Kody\_SdileneProjekty_\RemoteViewing\RemoteViewing\RemoteViewing\RemoteViewing.csproj]
  CompilerServer: server - server processed compilation - RemoteViewing
_CopyFilesMarkedCopyLocal:
  Probíhá kopírování souboru z umístìní C:\Users\ratho\OneDrive\Plocha\work_2026\FASK_2026\0x_Zdrojove_Kody\_SdileneProjekty_\Fask.Logging\!Build!\Debug\Fask.Logging.dll do umístìní C:\Users\ratho\OneDrive\Plocha\work_2026\FASK_2026\0x_Zdrojove_Kody\_SdileneProjekty_\RemoteViewing\RemoteViewing\RemoteViewing\bin\Debug\Fask.Logging.dll.
  Probíhá kopírování souboru z umístìní C:\Users\ratho\OneDrive\Plocha\work_2026\FASK_2026\0x_Zdrojove_Kody\_SdileneProjekty_\Fask.Logging\!Build!\Debug\Fask.Logging.pdb do umístìní C:\Users\ratho\OneDrive\Plocha\work_2026\FASK_2026\0x_Zdrojove_Kody\_SdileneProjekty_\RemoteViewing\RemoteViewing\RemoteViewing\bin\Debug\Fask.Logging.pdb.
  Probíhá aktualizace èasového razítka pro C:\Users\ratho\OneDrive\Plocha\work_2026\FASK_2026\0x_Zdrojove_Kody\_SdileneProjekty_\RemoteViewing\RemoteViewing\RemoteViewing\obj\Debug\RemoteVi.9F44667E.Up2Date.
CopyFilesToOutputDirectory:
  Probíhá kopírování souboru z umístìní C:\Users\ratho\OneDrive\Plocha\work_2026\FASK_2026\0x_Zdrojove_Kody\_SdileneProjekty_\RemoteViewing\RemoteViewing\RemoteViewing\obj\Debug\RemoteViewing.dll do umístìní C:\Users\ratho\OneDrive\Plocha\work_2026\FASK_2026\0x_Zdrojove_Kody\_SdileneProjekty_\RemoteViewing\RemoteViewing\RemoteViewing\bin\Debug\RemoteViewing.dll.
  RemoteViewing -> C:\Users\ratho\OneDrive\Plocha\work_2026\FASK_2026\0x_Zdrojove_Kody\_SdileneProjekty_\RemoteViewing\RemoteViewing\RemoteViewing\bin\Debug\RemoteViewing.dll
  Probíhá kopírování souboru z umístìní C:\Users\ratho\OneDrive\Plocha\work_2026\FASK_2026\0x_Zdrojove_Kody\_SdileneProjekty_\RemoteViewing\RemoteViewing\RemoteViewing\obj\Debug\RemoteViewing.pdb do umístìní C:\Users\ratho\OneDrive\Plocha\work_2026\FASK_2026\0x_Zdrojove_Kody\_SdileneProjekty_\RemoteViewing\RemoteViewing\RemoteViewing\bin\Debug\RemoteViewing.pdb.
Sestavení projektu C:\Users\ratho\OneDrive\Plocha\work_2026\FASK_2026\0x_Zdrojove_Kody\_SdileneProjekty_\RemoteViewing\RemoteViewing\RemoteViewing\RemoteViewing.csproj (s výchozími cíli) bylo dokonèeno.
C:\Program Files\Microsoft Visual Studio\18\Community\MSBuild\Current\Bin\Microsoft.CSharp.CurrentVersion.targets(100,9): warning MSB3042: V direktivì podmínìné kompilace v souboru VncControl.cs byla nalezena definice oboru názvù nebo tøídy.  To by mohlo vést k nesprávné volbì názvu prostøedku manifestu pro prostøedek VncControl.resx. [C:\Users\ratho\OneDrive\Plocha\work_2026\FASK_2026\0x_Zdrojove_Kody\_SdileneProjekty_\RemoteViewing\RemoteViewing\RemoteViewing.Windows.Forms\RemoteViewing.Windows.Forms.csproj]
CoreResGen:
  Probíhá zpracování souboru prostøedku VncControl.resx do obj\Debug\RemoteViewing.Windows.Forms.VncControl.resources.
GenerateTargetFrameworkMonikerAttribute:
Cíl GenerateTargetFrameworkMonikerAttribute bude vynechán, protože všechny výstupní soubory jsou aktuální vzhledem ke vstupním souborùm.
CoreCompile:
  Setting DOTNET_TieredCompilation to '0'
  C:\Program Files\Microsoft Visual Studio\18\Community\MSBuild\Current\Bin\Roslyn\csc.exe /noconfig /unsafe+ /nowarn:1701,1702 /fullpaths /nostdlib+ /errorreport:prompt /warn:4 /define:DEBUG;TRACE /highentropyva+ /reference:C:\Users\ratho\OneDrive\Plocha\work_2026\FASK_2026\0x_Zdrojove_Kody\Konzola\packages\Dapper.2.1.35\lib\net461\Dapper.dll /reference:"C:\Program Files (x86)\Reference Assemblies\Microsoft\Framework\.NETFramework\v4.7\Microsoft.CSharp.dll" /reference:"C:\Program Files (x86)\Reference Assemblies\Microsoft\Framework\.NETFramework\v4.7\mscorlib.dll" /reference:C:\Users\ratho\OneDrive\Plocha\work_2026\FASK_2026\0x_Zdrojove_Kody\_SdileneProjekty_\RemoteViewing\RemoteViewing\RemoteViewing\bin\Debug\RemoteViewing.dll /reference:"C:\Program Files (x86)\Reference Assemblies\Microsoft\Framework\.NETFramework\v4.7\System.Core.dll" /reference:"C:\Program Files (x86)\Reference Assemblies\Microsoft\Framework\.NETFramework\v4.7\System.Data.DataSetExtensions.dll" /reference:"C:\Program Files (x86)\Reference Assemblies\Microsoft\Framework\.NETFramework\v4.7\System.Data.dll" /reference:"C:\Program Files (x86)\Reference Assemblies\Microsoft\Framework\.NETFramework\v4.7\System.dll" /reference:"C:\Program Files (x86)\Reference Assemblies\Microsoft\Framework\.NETFramework\v4.7\System.Drawing.dll" /reference:"C:\Program Files (x86)\Reference Assemblies\Microsoft\Framework\.NETFramework\v4.7\System.Windows.Forms.dll" /reference:"C:\Program Files (x86)\Reference Assemblies\Microsoft\Framework\.NETFramework\v4.7\System.Xml.dll" /reference:"C:\Program Files (x86)\Reference Assemblies\Microsoft\Framework\.NETFramework\v4.7\System.Xml.Linq.dll" /debug+ /debug:full /filealign:512 /optimize- /out:obj\Debug\RemoteViewing.Windows.Forms.dll /subsystemversion:6.00 /resource:obj\Debug\RemoteViewing.Windows.Forms.VncControl.resources /target:library /utf8output /langversion:7.3 Properties\AssemblyInfo.cs VncBitmap.cs VncControl.cs VncControl.Designer.cs VncKeysym.cs "obj\Debug\.NETFramework,Version=v4.7.AssemblyAttributes.cs"
  Compilation request RemoteViewing.Windows.Forms, PathToTool=C:\Program Files\Microsoft Visual Studio\18\Community\MSBuild\Current\Bin\Roslyn\csc.exe
  CommandLine = ' /noconfig'
  BuildResponseFile = '/unsafe+ /nowarn:1701,1702 /fullpaths /nostdlib+ /errorreport:prompt /warn:4 /define:DEBUG;TRACE /highentropyva+ /reference:C:\Users\ratho\OneDrive\Plocha\work_2026\FASK_2026\0x_Zdrojove_Kody\Konzola\packages\Dapper.2.1.35\lib\net461\Dapper.dll /reference:"C:\Program Files (x86)\Reference Assemblies\Microsoft\Framework\.NETFramework\v4.7\Microsoft.CSharp.dll" /reference:"C:\Program Files (x86)\Reference Assemblies\Microsoft\Framework\.NETFramework\v4.7\mscorlib.dll" /reference:C:\Users\ratho\OneDrive\Plocha\work_2026\FASK_2026\0x_Zdrojove_Kody\_SdileneProjekty_\RemoteViewing\RemoteViewing\RemoteViewing\bin\Debug\RemoteViewing.dll /reference:"C:\Program Files (x86)\Reference Assemblies\Microsoft\Framework\.NETFramework\v4.7\System.Core.dll" /reference:"C:\Program Files (x86)\Reference Assemblies\Microsoft\Framework\.NETFramework\v4.7\System.Data.DataSetExtensions.dll" /reference:"C:\Program Files (x86)\Reference Assemblies\Microsoft\Framework\.NETFramework\v4.7\System.Data.dll" /reference:"C:\Program Files (x86)\Reference Assemblies\Microsoft\Framework\.NETFramework\v4.7\System.dll" /reference:"C:\Program Files (x86)\Reference Assemblies\Microsoft\Framework\.NETFramework\v4.7\System.Drawing.dll" /reference:"C:\Program Files (x86)\Reference Assemblies\Microsoft\Framework\.NETFramework\v4.7\System.Windows.Forms.dll" /reference:"C:\Program Files (x86)\Reference Assemblies\Microsoft\Framework\.NETFramework\v4.7\System.Xml.dll" /reference:"C:\Program Files (x86)\Reference Assemblies\Microsoft\Framework\.NETFramework\v4.7\System.Xml.Linq.dll" /debug+ /debug:full /filealign:512 /optimize- /out:obj\Debug\RemoteViewing.Windows.Forms.dll /subsystemversion:6.00 /resource:obj\Debug\RemoteViewing.Windows.Forms.VncControl.resources /target:library /utf8output /langversion:7.3 Properties\AssemblyInfo.cs VncBitmap.cs VncControl.cs VncControl.Designer.cs VncKeysym.cs "obj\Debug\.NETFramework,Version=v4.7.AssemblyAttributes.cs"'
  Attempt to open named pipe '9u7Mq5B0RaDaiN3atZFkuOIPV_m2MrBWEDBJPGpczys'
  Attempt to connect named pipe '9u7Mq5B0RaDaiN3atZFkuOIPV_m2MrBWEDBJPGpczys'
  Named pipe '9u7Mq5B0RaDaiN3atZFkuOIPV_m2MrBWEDBJPGpczys' connected
  Begin writing request for RemoteViewing.Windows.Forms
  End writing request for RemoteViewing.Windows.Forms
  Begin reading response for RemoteViewing.Windows.Forms
  End reading response for RemoteViewing.Windows.Forms
  CompilerServer: server - server processed compilation - RemoteViewing.Windows.Forms
_CopyFilesMarkedCopyLocal:
  Probíhá kopírování souboru z umístìní C:\Users\ratho\OneDrive\Plocha\work_2026\FASK_2026\0x_Zdrojove_Kody\_SdileneProjekty_\RemoteViewing\RemoteViewing\RemoteViewing\bin\Debug\RemoteViewing.dll do umístìní C:\Users\ratho\OneDrive\Plocha\work_2026\FASK_2026\0x_Zdrojove_Kody\_SdileneProjekty_\RemoteViewing\RemoteViewing\RemoteViewing.Windows.Forms\bin\Debug\RemoteViewing.dll.
  Probíhá kopírování souboru z umístìní C:\Users\ratho\OneDrive\Plocha\work_2026\FASK_2026\0x_Zdrojove_Kody\_SdileneProjekty_\RemoteViewing\RemoteViewing\RemoteViewing\bin\Debug\Fask.Logging.dll do umístìní C:\Users\ratho\OneDrive\Plocha\work_2026\FASK_2026\0x_Zdrojove_Kody\_SdileneProjekty_\RemoteViewing\RemoteViewing\RemoteViewing.Windows.Forms\bin\Debug\Fask.Logging.dll.
  Probíhá kopírování souboru z umístìní C:\Users\ratho\OneDrive\Plocha\work_2026\FASK_2026\0x_Zdrojove_Kody\_SdileneProjekty_\RemoteViewing\RemoteViewing\RemoteViewing\bin\Debug\RemoteViewing.pdb do umístìní C:\Users\ratho\OneDrive\Plocha\work_2026\FASK_2026\0x_Zdrojove_Kody\_SdileneProjekty_\RemoteViewing\RemoteViewing\RemoteViewing.Windows.Forms\bin\Debug\RemoteViewing.pdb.
  Probíhá kopírování souboru z umístìní C:\Users\ratho\OneDrive\Plocha\work_2026\FASK_2026\0x_Zdrojove_Kody\_SdileneProjekty_\RemoteViewing\RemoteViewing\RemoteViewing\bin\Debug\Fask.Logging.pdb do umístìní C:\Users\ratho\OneDrive\Plocha\work_2026\FASK_2026\0x_Zdrojove_Kody\_SdileneProjekty_\RemoteViewing\RemoteViewing\RemoteViewing.Windows.Forms\bin\Debug\Fask.Logging.pdb.
  Probíhá aktualizace èasového razítka pro C:\Users\ratho\OneDrive\Plocha\work_2026\FASK_2026\0x_Zdrojove_Kody\_SdileneProjekty_\RemoteViewing\RemoteViewing\RemoteViewing.Windows.Forms\obj\Debug\RemoteVi.A1209F21.Up2Date.
CopyFilesToOutputDirectory:
  Probíhá kopírování souboru z umístìní C:\Users\ratho\OneDrive\Plocha\work_2026\FASK_2026\0x_Zdrojove_Kody\_SdileneProjekty_\RemoteViewing\RemoteViewing\RemoteViewing.Windows.Forms\obj\Debug\RemoteViewing.Windows.Forms.dll do umístìní C:\Users\ratho\OneDrive\Plocha\work_2026\FASK_2026\0x_Zdrojove_Kody\_SdileneProjekty_\RemoteViewing\RemoteViewing\RemoteViewing.Windows.Forms\bin\Debug\RemoteViewing.Windows.Forms.dll.
  RemoteViewing.Windows.Forms -> C:\Users\ratho\OneDrive\Plocha\work_2026\FASK_2026\0x_Zdrojove_Kody\_SdileneProjekty_\RemoteViewing\RemoteViewing\RemoteViewing.Windows.Forms\bin\Debug\RemoteViewing.Windows.Forms.dll
  Probíhá kopírování souboru z umístìní C:\Users\ratho\OneDrive\Plocha\work_2026\FASK_2026\0x_Zdrojove_Kody\_SdileneProjekty_\RemoteViewing\RemoteViewing\RemoteViewing.Windows.Forms\obj\Debug\RemoteViewing.Windows.Forms.pdb do umístìní C:\Users\ratho\OneDrive\Plocha\work_2026\FASK_2026\0x_Zdrojove_Kody\_SdileneProjekty_\RemoteViewing\RemoteViewing\RemoteViewing.Windows.Forms\bin\Debug\RemoteViewing.Windows.Forms.pdb.
Sestavení projektu C:\Users\ratho\OneDrive\Plocha\work_2026\FASK_2026\0x_Zdrojove_Kody\_SdileneProjekty_\RemoteViewing\RemoteViewing\RemoteViewing.Windows.Forms\RemoteViewing.Windows.Forms.csproj (s výchozími cíli) bylo dokonèeno.
Probíhá sestavení projektu C:\Users\ratho\OneDrive\Plocha\work_2026\FASK_2026\0x_Zdrojove_Kody\Konzola\Konzola\Konzola.csproj (2) – C:\Users\ratho\OneDrive\Plocha\work_2026\FASK_2026\0x_Zdrojove_Kody\_SdileneProjekty_\TouchscreenKeyboard\TouchscreenKeyboard\TouchscreenKeyboard.csproj (16:2) v uzlu 1 (výchozí cíle).
CoreResGen:
  Probíhá zpracování souboru prostøedku Keyboard.resx do obj\Debug\KeyboardClassLibrary.Keyboardcontrol.resources.
  Probíhá zpracování souboru prostøedku Properties\Resources.resx do obj\Debug\KeyboardClassLibrary.Properties.Resources.resources.
GenerateTargetFrameworkMonikerAttribute:
Cíl GenerateTargetFrameworkMonikerAttribute bude vynechán, protože všechny výstupní soubory jsou aktuální vzhledem ke vstupním souborùm.
CoreCompile:
  Setting DOTNET_TieredCompilation to '0'
  C:\Program Files\Microsoft Visual Studio\18\Community\MSBuild\Current\Bin\Roslyn\csc.exe /noconfig /nowarn:1701,1702 /fullpaths /nostdlib+ /errorreport:prompt /warn:4 /define:DEBUG;TRACE /highentropyva+ /reference:C:\Users\ratho\OneDrive\Plocha\work_2026\FASK_2026\0x_Zdrojove_Kody\Konzola\packages\Dapper.2.1.35\lib\net461\Dapper.dll /reference:"C:\Program Files (x86)\Reference Assemblies\Microsoft\Framework\.NETFramework\v4.7\mscorlib.dll" /reference:"C:\Program Files (x86)\Reference Assemblies\Microsoft\Framework\.NETFramework\v4.7\System.Core.dll" /reference:"C:\Program Files (x86)\Reference Assemblies\Microsoft\Framework\.NETFramework\v4.7\System.Data.dll" /reference:"C:\Program Files (x86)\Reference Assemblies\Microsoft\Framework\.NETFramework\v4.7\System.dll" /reference:"C:\Program Files (x86)\Reference Assemblies\Microsoft\Framework\.NETFramework\v4.7\System.Drawing.dll" /reference:"C:\Program Files (x86)\Reference Assemblies\Microsoft\Framework\.NETFramework\v4.7\System.Windows.Forms.dll" /reference:"C:\Program Files (x86)\Reference Assemblies\Microsoft\Framework\.NETFramework\v4.7\System.Xml.dll" /debug+ /debug:full /optimize- /out:obj\Debug\TouchscreenKeyboard.dll /subsystemversion:6.00 /resource:obj\Debug\KeyboardClassLibrary.Keyboardcontrol.resources /resource:obj\Debug\KeyboardClassLibrary.Properties.Resources.resources /target:library /utf8output /win32icon:Resources\keyboard.ico /langversion:7.3 Keyboard.cs Keyboard.Designer.cs Properties\AssemblyInfo.cs Properties\Resources.Designer.cs "obj\Debug\.NETFramework,Version=v4.7.AssemblyAttributes.cs"
  Compilation request TouchscreenKeyboard, PathToTool=C:\Program Files\Microsoft Visual Studio\18\Community\MSBuild\Current\Bin\Roslyn\csc.exe
  CommandLine = ' /noconfig'
  BuildResponseFile = '/nowarn:1701,1702 /fullpaths /nostdlib+ /errorreport:prompt /warn:4 /define:DEBUG;TRACE /highentropyva+ /reference:C:\Users\ratho\OneDrive\Plocha\work_2026\FASK_2026\0x_Zdrojove_Kody\Konzola\packages\Dapper.2.1.35\lib\net461\Dapper.dll /reference:"C:\Program Files (x86)\Reference Assemblies\Microsoft\Framework\.NETFramework\v4.7\mscorlib.dll" /reference:"C:\Program Files (x86)\Reference Assemblies\Microsoft\Framework\.NETFramework\v4.7\System.Core.dll" /reference:"C:\Program Files (x86)\Reference Assemblies\Microsoft\Framework\.NETFramework\v4.7\System.Data.dll" /reference:"C:\Program Files (x86)\Reference Assemblies\Microsoft\Framework\.NETFramework\v4.7\System.dll" /reference:"C:\Program Files (x86)\Reference Assemblies\Microsoft\Framework\.NETFramework\v4.7\System.Drawing.dll" /reference:"C:\Program Files (x86)\Reference Assemblies\Microsoft\Framework\.NETFramework\v4.7\System.Windows.Forms.dll" /reference:"C:\Program Files (x86)\Reference Assemblies\Microsoft\Framework\.NETFramework\v4.7\System.Xml.dll" /debug+ /debug:full /optimize- /out:obj\Debug\TouchscreenKeyboard.dll /subsystemversion:6.00 /resource:obj\Debug\KeyboardClassLibrary.Keyboardcontrol.resources /resource:obj\Debug\KeyboardClassLibrary.Properties.Resources.resources /target:library /utf8output /win32icon:Resources\keyboard.ico /langversion:7.3 Keyboard.cs Keyboard.Designer.cs Properties\AssemblyInfo.cs Properties\Resources.Designer.cs "obj\Debug\.NETFramework,Version=v4.7.AssemblyAttributes.cs"'
  Attempt to open named pipe '9u7Mq5B0RaDaiN3atZFkuOIPV_m2MrBWEDBJPGpczys'
  Attempt to connect named pipe '9u7Mq5B0RaDaiN3atZFkuOIPV_m2MrBWEDBJPGpczys'
  Named pipe '9u7Mq5B0RaDaiN3atZFkuOIPV_m2MrBWEDBJPGpczys' connected
  Begin writing request for TouchscreenKeyboard
  End writing request for TouchscreenKeyboard
  Begin reading response for TouchscreenKeyboard
  End reading response for TouchscreenKeyboard
  CompilerServer: server - server processed compilation - TouchscreenKeyboard
CopyFilesToOutputDirectory:
  Probíhá kopírování souboru z umístìní C:\Users\ratho\OneDrive\Plocha\work_2026\FASK_2026\0x_Zdrojove_Kody\_SdileneProjekty_\TouchscreenKeyboard\TouchscreenKeyboard\obj\Debug\TouchscreenKeyboard.dll do umístìní C:\Users\ratho\OneDrive\Plocha\work_2026\FASK_2026\0x_Zdrojove_Kody\_SdileneProjekty_\TouchscreenKeyboard\TouchscreenKeyboard\!Build!\Debug\TouchscreenKeyboard.dll.
  TouchscreenKeyboard -> C:\Users\ratho\OneDrive\Plocha\work_2026\FASK_2026\0x_Zdrojove_Kody\_SdileneProjekty_\TouchscreenKeyboard\TouchscreenKeyboard\!Build!\Debug\TouchscreenKeyboard.dll
  Probíhá kopírování souboru z umístìní C:\Users\ratho\OneDrive\Plocha\work_2026\FASK_2026\0x_Zdrojove_Kody\_SdileneProjekty_\TouchscreenKeyboard\TouchscreenKeyboard\obj\Debug\TouchscreenKeyboard.pdb do umístìní C:\Users\ratho\OneDrive\Plocha\work_2026\FASK_2026\0x_Zdrojove_Kody\_SdileneProjekty_\TouchscreenKeyboard\TouchscreenKeyboard\!Build!\Debug\TouchscreenKeyboard.pdb.
Sestavení projektu C:\Users\ratho\OneDrive\Plocha\work_2026\FASK_2026\0x_Zdrojove_Kody\_SdileneProjekty_\TouchscreenKeyboard\TouchscreenKeyboard\TouchscreenKeyboard.csproj (s výchozími cíli) bylo dokonèeno.
Probíhá sestavení projektu C:\Users\ratho\OneDrive\Plocha\work_2026\FASK_2026\0x_Zdrojove_Kody\Konzola\Konzola\Konzola.csproj (2) – C:\Users\ratho\OneDrive\Plocha\work_2026\FASK_2026\0x_Zdrojove_Kody\Konzola\Fask.Console.Interfaces\Fask.Console.Interfaces.csproj (17:2) v uzlu 1 (výchozí cíle).
GenerateTargetFrameworkMonikerAttribute:
Cíl GenerateTargetFrameworkMonikerAttribute bude vynechán, protože všechny výstupní soubory jsou aktuální vzhledem ke vstupním souborùm.
CoreCompile:
  Setting DOTNET_TieredCompilation to '0'
  C:\Program Files\Microsoft Visual Studio\18\Community\MSBuild\Current\Bin\Roslyn\csc.exe /noconfig /nowarn:1701,1702 /fullpaths /nostdlib+ /errorreport:prompt /warn:4 /define:DEBUG;TRACE /highentropyva+ /reference:C:\Users\ratho\OneDrive\Plocha\work_2026\FASK_2026\0x_Zdrojove_Kody\Konzola\packages\CsvHelper.32.0.3\lib\net47\CsvHelper.dll /reference:C:\Users\ratho\OneDrive\Plocha\work_2026\FASK_2026\0x_Zdrojove_Kody\Konzola\packages\Dapper.2.1.35\lib\net461\Dapper.dll /reference:"C:\Users\ratho\OneDrive\Plocha\work_2026\FASK_2026\0x_Zdrojove_Kody\_SdileneProjekty_\Fask.Logging\!Build!\Debug\Fask.Logging.dll" /reference:"C:\Users\ratho\OneDrive\Plocha\work_2026\FASK_2026\0x_Zdrojove_Kody\_SdileneProjekty_\FASK.Logins\!Build!\Debug\FASK.Logins.dll" /reference:C:\Users\ratho\OneDrive\Plocha\work_2026\FASK_2026\0x_Zdrojove_Kody\_SdileneProjekty_\Fask.POHODA.Disponibility\bin\Debug\Fask.POHODA.Disponibility.dll /reference:C:\Users\ratho\OneDrive\Plocha\work_2026\FASK_2026\0x_Zdrojove_Kody\Konzola\packages\Microsoft.Bcl.AsyncInterfaces.7.0.0\lib\net462\Microsoft.Bcl.AsyncInterfaces.dll /reference:C:\Users\ratho\OneDrive\Plocha\work_2026\FASK_2026\0x_Zdrojove_Kody\Konzola\packages\Microsoft.Bcl.HashCode.1.1.1\lib\net461\Microsoft.Bcl.HashCode.dll /reference:"C:\Program Files (x86)\Reference Assemblies\Microsoft\Framework\.NETFramework\v4.7\Microsoft.CSharp.dll" /reference:"C:\Program Files\Microsoft Visual Studio\18\Community\MSBuild\Microsoft\Microsoft.NET.Build.Extensions\net461\lib\Microsoft.Win32.Primitives.dll" /reference:"C:\Program Files (x86)\Reference Assemblies\Microsoft\Framework\.NETFramework\v4.7\mscorlib.dll" /reference:"C:\Program Files\Microsoft Visual Studio\18\Community\MSBuild\Microsoft\Microsoft.NET.Build.Extensions\net461\lib\netfx.force.conflicts.dll" /reference:"C:\Program Files\Microsoft Visual Studio\18\Community\MSBuild\Microsoft\Microsoft.NET.Build.Extensions\net461\lib\netstandard.dll" /reference:"C:\Program Files\Microsoft Visual Studio\18\Community\MSBuild\Microsoft\Microsoft.NET.Build.Extensions\net461\lib\System.AppContext.dll" /reference:C:\Users\ratho\OneDrive\Plocha\work_2026\FASK_2026\0x_Zdrojove_Kody\Konzola\packages\System.Buffers.4.4.0\lib\netstandard2.0\System.Buffers.dll /reference:"C:\Program Files\Microsoft Visual Studio\18\Community\MSBuild\Microsoft\Microsoft.NET.Build.Extensions\net461\lib\System.Collections.Concurrent.dll" /reference:"C:\Program Files\Microsoft Visual Studio\18\Community\MSBuild\Microsoft\Microsoft.NET.Build.Extensions\net461\lib\System.Collections.dll" /reference:"C:\Program Files\Microsoft Visual Studio\18\Community\MSBuild\Microsoft\Microsoft.NET.Build.Extensions\net461\lib\System.Collections.NonGeneric.dll" /reference:"C:\Program Files\Microsoft Visual Studio\18\Community\MSBuild\Microsoft\Microsoft.NET.Build.Extensions\net461\lib\System.Collections.Specialized.dll" /reference:"C:\Program Files (x86)\Reference Assemblies\Microsoft\Framework\.NETFramework\v4.7\System.ComponentModel.DataAnnotations.dll" /reference:"C:\Program Files\Microsoft Visual Studio\18\Community\MSBuild\Microsoft\Microsoft.NET.Build.Extensions\net461\lib\System.ComponentModel.dll" /reference:"C:\Program Files\Microsoft Visual Studio\18\Community\MSBuild\Microsoft\Microsoft.NET.Build.Extensions\net461\lib\System.ComponentModel.EventBasedAsync.dll" /reference:"C:\Program Files\Microsoft Visual Studio\18\Community\MSBuild\Microsoft\Microsoft.NET.Build.Extensions\net461\lib\System.ComponentModel.Primitives.dll" /reference:"C:\Program Files\Microsoft Visual Studio\18\Community\MSBuild\Microsoft\Microsoft.NET.Build.Extensions\net461\lib\System.ComponentModel.TypeConverter.dll" /reference:"C:\Program Files\Microsoft Visual Studio\18\Community\MSBuild\Microsoft\Microsoft.NET.Build.Extensions\net461\lib\System.Console.dll" /reference:"C:\Program Files (x86)\Reference Assemblies\Microsoft\Framework\.NETFramework\v4.7\System.Core.dll" /reference:"C:\Program Files\Microsoft Visual Studio\18\Community\MSBuild\Microsoft\Microsoft.NET.Build.Extensions\net461\lib\System.Data.Common.dll" /reference:"C:\Program Files (x86)\Reference Assemblies\Microsoft\Framework\.NETFramework\v4.7\System.Data.DataSetExtensions.dll" /reference:"C:\Program Files (x86)\Reference Assemblies\Microsoft\Framework\.NETFramework\v4.7\System.Data.dll" /reference:"C:\Program Files\Microsoft Visual Studio\18\Community\MSBuild\Microsoft\Microsoft.NET.Build.Extensions\net461\lib\System.Diagnostics.Contracts.dll" /reference:"C:\Program Files\Microsoft Visual Studio\18\Community\MSBuild\Microsoft\Microsoft.NET.Build.Extensions\net461\lib\System.Diagnostics.Debug.dll" /reference:"C:\Program Files\Microsoft Visual Studio\18\Community\MSBuild\Microsoft\Microsoft.NET.Build.Extensions\net461\lib\System.Diagnostics.FileVersionInfo.dll" /reference:"C:\Program Files\Microsoft Visual Studio\18\Community\MSBuild\Microsoft\Microsoft.NET.Build.Extensions\net461\lib\System.Diagnostics.Process.dll" /reference:"C:\Program Files\Microsoft Visual Studio\18\Community\MSBuild\Microsoft\Microsoft.NET.Build.Extensions\net461\lib\System.Diagnostics.StackTrace.dll" /reference:"C:\Program Files\Microsoft Visual Studio\18\Community\MSBuild\Microsoft\Microsoft.NET.Build.Extensions\net461\lib\System.Diagnostics.TextWriterTraceListener.dll" /reference:"C:\Program Files\Microsoft Visual Studio\18\Community\MSBuild\Microsoft\Microsoft.NET.Build.Extensions\net461\lib\System.Diagnostics.Tools.dll" /reference:"C:\Program Files\Microsoft Visual Studio\18\Community\MSBuild\Microsoft\Microsoft.NET.Build.Extensions\net461\lib\System.Diagnostics.TraceSource.dll" /reference:"C:\Program Files\Microsoft Visual Studio\18\Community\MSBuild\Microsoft\Microsoft.NET.Build.Extensions\net461\lib\System.Diagnostics.Tracing.dll" /reference:"C:\Program Files (x86)\Reference Assemblies\Microsoft\Framework\.NETFramework\v4.7\System.dll" /reference:"C:\Program Files\Microsoft Visual Studio\18\Community\MSBuild\Microsoft\Microsoft.NET.Build.Extensions\net461\lib\System.Drawing.Primitives.dll" /reference:"C:\Program Files\Microsoft Visual Studio\18\Community\MSBuild\Microsoft\Microsoft.NET.Build.Extensions\net461\lib\System.Dynamic.Runtime.dll" /reference:"C:\Program Files\Microsoft Visual Studio\18\Community\MSBuild\Microsoft\Microsoft.NET.Build.Extensions\net461\lib\System.Globalization.Calendars.dll" /reference:"C:\Program Files\Microsoft Visual Studio\18\Community\MSBuild\Microsoft\Microsoft.NET.Build.Extensions\net461\lib\System.Globalization.dll" /reference:"C:\Program Files\Microsoft Visual Studio\18\Community\MSBuild\Microsoft\Microsoft.NET.Build.Extensions\net461\lib\System.Globalization.Extensions.dll" /reference:"C:\Program Files\Microsoft Visual Studio\18\Community\MSBuild\Microsoft\Microsoft.NET.Build.Extensions\net461\lib\System.IO.Compression.dll" /reference:"C:\Program Files\Microsoft Visual Studio\18\Community\MSBuild\Microsoft\Microsoft.NET.Build.Extensions\net461\lib\System.IO.Compression.ZipFile.dll" /reference:"C:\Program Files\Microsoft Visual Studio\18\Community\MSBuild\Microsoft\Microsoft.NET.Build.Extensions\net461\lib\System.IO.dll" /reference:"C:\Program Files\Microsoft Visual Studio\18\Community\MSBuild\Microsoft\Microsoft.NET.Build.Extensions\net461\lib\System.IO.FileSystem.dll" /reference:"C:\Program Files\Microsoft Visual Studio\18\Community\MSBuild\Microsoft\Microsoft.NET.Build.Extensions\net461\lib\System.IO.FileSystem.DriveInfo.dll" /reference:"C:\Program Files\Microsoft Visual Studio\18\Community\MSBuild\Microsoft\Microsoft.NET.Build.Extensions\net461\lib\System.IO.FileSystem.Primitives.dll" /reference:"C:\Program Files\Microsoft Visual Studio\18\Community\MSBuild\Microsoft\Microsoft.NET.Build.Extensions\net461\lib\System.IO.FileSystem.Watcher.dll" /reference:"C:\Program Files\Microsoft Visual Studio\18\Community\MSBuild\Microsoft\Microsoft.NET.Build.Extensions\net461\lib\System.IO.IsolatedStorage.dll" /reference:"C:\Program Files\Microsoft Visual Studio\18\Community\MSBuild\Microsoft\Microsoft.NET.Build.Extensions\net461\lib\System.IO.MemoryMappedFiles.dll" /reference:"C:\Program Files\Microsoft Visual Studio\18\Community\MSBuild\Microsoft\Microsoft.NET.Build.Extensions\net461\lib\System.IO.Pipes.dll" /reference:"C:\Program Files\Microsoft Visual Studio\18\Community\MSBuild\Microsoft\Microsoft.NET.Build.Extensions\net461\lib\System.IO.UnmanagedMemoryStream.dll" /reference:"C:\Program Files\Microsoft Visual Studio\18\Community\MSBuild\Microsoft\Microsoft.NET.Build.Extensions\net461\lib\System.Linq.dll" /reference:"C:\Program Files\Microsoft Visual Studio\18\Community\MSBuild\Microsoft\Microsoft.NET.Build.Extensions\net461\lib\System.Linq.Expressions.dll" /reference:"C:\Program Files\Microsoft Visual Studio\18\Community\MSBuild\Microsoft\Microsoft.NET.Build.Extensions\net461\lib\System.Linq.Parallel.dll" /reference:"C:\Program Files\Microsoft Visual Studio\18\Community\MSBuild\Microsoft\Microsoft.NET.Build.Extensions\net461\lib\System.Linq.Queryable.dll" /reference:C:\Users\ratho\OneDrive\Plocha\work_2026\FASK_2026\0x_Zdrojove_Kody\Konzola\packages\System.Memory.4.5.0\lib\netstandard2.0\System.Memory.dll /reference:"C:\Program Files (x86)\Reference Assemblies\Microsoft\Framework\.NETFramework\v4.7\System.Net.dll" /reference:"C:\Program Files\Microsoft Visual Studio\18\Community\MSBuild\Microsoft\Microsoft.NET.Build.Extensions\net461\lib\System.Net.Http.dll" /reference:"C:\Program Files\Microsoft Visual Studio\18\Community\MSBuild\Microsoft\Microsoft.NET.Build.Extensions\net461\lib\System.Net.NameResolution.dll" /reference:"C:\Program Files\Microsoft Visual Studio\18\Community\MSBuild\Microsoft\Microsoft.NET.Build.Extensions\net461\lib\System.Net.NetworkInformation.dll" /reference:"C:\Program Files\Microsoft Visual Studio\18\Community\MSBuild\Microsoft\Microsoft.NET.Build.Extensions\net461\lib\System.Net.Ping.dll" /reference:"C:\Program Files\Microsoft Visual Studio\18\Community\MSBuild\Microsoft\Microsoft.NET.Build.Extensions\net461\lib\System.Net.Primitives.dll" /reference:"C:\Program Files\Microsoft Visual Studio\18\Community\MSBuild\Microsoft\Microsoft.NET.Build.Extensions\net461\lib\System.Net.Requests.dll" /reference:"C:\Program Files\Microsoft Visual Studio\18\Community\MSBuild\Microsoft\Microsoft.NET.Build.Extensions\net461\lib\System.Net.Security.dll" /reference:"C:\Program Files\Microsoft Visual Studio\18\Community\MSBuild\Microsoft\Microsoft.NET.Build.Extensions\net461\lib\System.Net.Sockets.dll" /reference:"C:\Program Files\Microsoft Visual Studio\18\Community\MSBuild\Microsoft\Microsoft.NET.Build.Extensions\net461\lib\System.Net.WebHeaderCollection.dll" /reference:"C:\Program Files\Microsoft Visual Studio\18\Community\MSBuild\Microsoft\Microsoft.NET.Build.Extensions\net461\lib\System.Net.WebSockets.Client.dll" /reference:"C:\Program Files\Microsoft Visual Studio\18\Community\MSBuild\Microsoft\Microsoft.NET.Build.Extensions\net461\lib\System.Net.WebSockets.dll" /reference:"C:\Program Files (x86)\Reference Assemblies\Microsoft\Framework\.NETFramework\v4.7\System.Numerics.dll" /reference:C:\Users\ratho\OneDrive\Plocha\work_2026\FASK_2026\0x_Zdrojove_Kody\Konzola\packages\System.Numerics.Vectors.4.4.0\lib\net46\System.Numerics.Vectors.dll /reference:"C:\Program Files\Microsoft Visual Studio\18\Community\MSBuild\Microsoft\Microsoft.NET.Build.Extensions\net461\lib\System.ObjectModel.dll" /reference:"C:\Program Files\Microsoft Visual Studio\18\Community\MSBuild\Microsoft\Microsoft.NET.Build.Extensions\net461\lib\System.Reflection.dll" /reference:"C:\Program Files\Microsoft Visual Studio\18\Community\MSBuild\Microsoft\Microsoft.NET.Build.Extensions\net461\lib\System.Reflection.Extensions.dll" /reference:"C:\Program Files\Microsoft Visual Studio\18\Community\MSBuild\Microsoft\Microsoft.NET.Build.Extensions\net461\lib\System.Reflection.Primitives.dll" /reference:"C:\Program Files\Microsoft Visual Studio\18\Community\MSBuild\Microsoft\Microsoft.NET.Build.Extensions\net461\lib\System.Resources.Reader.dll" /reference:"C:\Program Files\Microsoft Visual Studio\18\Community\MSBuild\Microsoft\Microsoft.NET.Build.Extensions\net461\lib\System.Resources.ResourceManager.dll" /reference:"C:\Program Files\Microsoft Visual Studio\18\Community\MSBuild\Microsoft\Microsoft.NET.Build.Extensions\net461\lib\System.Resources.Writer.dll" /reference:C:\Users\ratho\OneDrive\Plocha\work_2026\FASK_2026\0x_Zdrojove_Kody\Konzola\packages\System.Runtime.CompilerServices.Unsafe.4.5.3\lib\net461\System.Runtime.CompilerServices.Unsafe.dll /reference:"C:\Program Files\Microsoft Visual Studio\18\Community\MSBuild\Microsoft\Microsoft.NET.Build.Extensions\net461\lib\System.Runtime.CompilerServices.VisualC.dll" /reference:"C:\Program Files\Microsoft Visual Studio\18\Community\MSBuild\Microsoft\Microsoft.NET.Build.Extensions\net461\lib\System.Runtime.dll" /reference:"C:\Program Files\Microsoft Visual Studio\18\Community\MSBuild\Microsoft\Microsoft.NET.Build.Extensions\net461\lib\System.Runtime.Extensions.dll" /reference:"C:\Program Files\Microsoft Visual Studio\18\Community\MSBuild\Microsoft\Microsoft.NET.Build.Extensions\net461\lib\System.Runtime.Handles.dll" /reference:"C:\Program Files\Microsoft Visual Studio\18\Community\MSBuild\Microsoft\Microsoft.NET.Build.Extensions\net461\lib\System.Runtime.InteropServices.dll" /reference:"C:\Program Files\Microsoft Visual Studio\18\Community\MSBuild\Microsoft\Microsoft.NET.Build.Extensions\net47\lib\System.Runtime.InteropServices.RuntimeInformation.dll" /reference:"C:\Program Files\Microsoft Visual Studio\18\Community\MSBuild\Microsoft\Microsoft.NET.Build.Extensions\net461\lib\System.Runtime.Numerics.dll" /reference:"C:\Program Files\Microsoft Visual Studio\18\Community\MSBuild\Microsoft\Microsoft.NET.Build.Extensions\net461\lib\System.Runtime.Serialization.Formatters.dll" /reference:"C:\Program Files\Microsoft Visual Studio\18\Community\MSBuild\Microsoft\Microsoft.NET.Build.Extensions\net461\lib\System.Runtime.Serialization.Json.dll" /reference:"C:\Program Files\Microsoft Visual Studio\18\Community\MSBuild\Microsoft\Microsoft.NET.Build.Extensions\net461\lib\System.Runtime.Serialization.Primitives.dll" /reference:"C:\Program Files\Microsoft Visual Studio\18\Community\MSBuild\Microsoft\Microsoft.NET.Build.Extensions\net461\lib\System.Runtime.Serialization.Xml.dll" /reference:"C:\Program Files\Microsoft Visual Studio\18\Community\MSBuild\Microsoft\Microsoft.NET.Build.Extensions\net461\lib\System.Security.Claims.dll" /reference:"C:\Program Files\Microsoft Visual Studio\18\Community\MSBuild\Microsoft\Microsoft.NET.Build.Extensions\net47\lib\System.Security.Cryptography.Algorithms.dll" /reference:"C:\Program Files\Microsoft Visual Studio\18\Community\MSBuild\Microsoft\Microsoft.NET.Build.Extensions\net461\lib\System.Security.Cryptography.Csp.dll" /reference:"C:\Program Files\Microsoft Visual Studio\18\Community\MSBuild\Microsoft\Microsoft.NET.Build.Extensions\net461\lib\System.Security.Cryptography.Encoding.dll" /reference:"C:\Program Files\Microsoft Visual Studio\18\Community\MSBuild\Microsoft\Microsoft.NET.Build.Extensions\net461\lib\System.Security.Cryptography.Primitives.dll" /reference:"C:\Program Files\Microsoft Visual Studio\18\Community\MSBuild\Microsoft\Microsoft.NET.Build.Extensions\net461\lib\System.Security.Cryptography.X509Certificates.dll" /reference:"C:\Program Files\Microsoft Visual Studio\18\Community\MSBuild\Microsoft\Microsoft.NET.Build.Extensions\net461\lib\System.Security.Principal.dll" /reference:"C:\Program Files\Microsoft Visual Studio\18\Community\MSBuild\Microsoft\Microsoft.NET.Build.Extensions\net461\lib\System.Security.SecureString.dll" /reference:"C:\Program Files\Microsoft Visual Studio\18\Community\MSBuild\Microsoft\Microsoft.NET.Build.Extensions\net461\lib\System.Text.Encoding.dll" /reference:"C:\Program Files\Microsoft Visual Studio\18\Community\MSBuild\Microsoft\Microsoft.NET.Build.Extensions\net461\lib\System.Text.Encoding.Extensions.dll" /reference:"C:\Program Files\Microsoft Visual Studio\18\Community\MSBuild\Microsoft\Microsoft.NET.Build.Extensions\net461\lib\System.Text.RegularExpressions.dll" /reference:"C:\Program Files\Microsoft Visual Studio\18\Community\MSBuild\Microsoft\Microsoft.NET.Build.Extensions\net461\lib\System.Threading.dll" /reference:"C:\Program Files\Microsoft Visual Studio\18\Community\MSBuild\Microsoft\Microsoft.NET.Build.Extensions\net461\lib\System.Threading.Overlapped.dll" /reference:"C:\Program Files\Microsoft Visual Studio\18\Community\MSBuild\Microsoft\Microsoft.NET.Build.Extensions\net461\lib\System.Threading.Tasks.dll" /reference:C:\Users\ratho\OneDrive\Plocha\work_2026\FASK_2026\0x_Zdrojove_Kody\Konzola\packages\System.Threading.Tasks.Extensions.4.5.4\lib\net461\System.Threading.Tasks.Extensions.dll /reference:"C:\Program Files\Microsoft Visual Studio\18\Community\MSBuild\Microsoft\Microsoft.NET.Build.Extensions\net461\lib\System.Threading.Tasks.Parallel.dll" /reference:"C:\Program Files\Microsoft Visual Studio\18\Community\MSBuild\Microsoft\Microsoft.NET.Build.Extensions\net461\lib\System.Threading.Thread.dll" /reference:"C:\Program Files\Microsoft Visual Studio\18\Community\MSBuild\Microsoft\Microsoft.NET.Build.Extensions\net461\lib\System.Threading.ThreadPool.dll" /reference:"C:\Program Files\Microsoft Visual Studio\18\Community\MSBuild\Microsoft\Microsoft.NET.Build.Extensions\net461\lib\System.Threading.Timer.dll" /reference:"C:\Program Files\Microsoft Visual Studio\18\Community\MSBuild\Microsoft\Microsoft.NET.Build.Extensions\net47\lib\System.ValueTuple.dll" /reference:"C:\Program Files (x86)\Reference Assemblies\Microsoft\Framework\.NETFramework\v4.7\System.Web.dll" /reference:"C:\Program Files (x86)\Reference Assemblies\Microsoft\Framework\.NETFramework\v4.7\System.Windows.Forms.dll" /reference:"C:\Program Files (x86)\Reference Assemblies\Microsoft\Framework\.NETFramework\v4.7\System.Xml.dll" /reference:"C:\Program Files (x86)\Reference Assemblies\Microsoft\Framework\.NETFramework\v4.7\System.Xml.Linq.dll" /reference:"C:\Program Files\Microsoft Visual Studio\18\Community\MSBuild\Microsoft\Microsoft.NET.Build.Extensions\net461\lib\System.Xml.ReaderWriter.dll" /reference:"C:\Program Files\Microsoft Visual Studio\18\Community\MSBuild\Microsoft\Microsoft.NET.Build.Extensions\net461\lib\System.Xml.XDocument.dll" /reference:"C:\Program Files\Microsoft Visual Studio\18\Community\MSBuild\Microsoft\Microsoft.NET.Build.Extensions\net461\lib\System.Xml.XmlDocument.dll" /reference:"C:\Program Files\Microsoft Visual Studio\18\Community\MSBuild\Microsoft\Microsoft.NET.Build.Extensions\net461\lib\System.Xml.XmlSerializer.dll" /reference:"C:\Program Files\Microsoft Visual Studio\18\Community\MSBuild\Microsoft\Microsoft.NET.Build.Extensions\net461\lib\System.Xml.XPath.dll" /reference:"C:\Program Files\Microsoft Visual Studio\18\Community\MSBuild\Microsoft\Microsoft.NET.Build.Extensions\net461\lib\System.Xml.XPath.XDocument.dll" /reference:"C:\Program Files (x86)\Reference Assemblies\Microsoft\Framework\.NETFramework\v4.7\Facades\System.ComponentModel.Annotations.dll" /reference:"C:\Program Files (x86)\Reference Assemblies\Microsoft\Framework\.NETFramework\v4.7\Facades\System.Reflection.Emit.dll" /reference:"C:\Program Files (x86)\Reference Assemblies\Microsoft\Framework\.NETFramework\v4.7\Facades\System.Reflection.Emit.ILGeneration.dll" /reference:"C:\Program Files (x86)\Reference Assemblies\Microsoft\Framework\.NETFramework\v4.7\Facades\System.Reflection.Emit.Lightweight.dll" /reference:"C:\Program Files (x86)\Reference Assemblies\Microsoft\Framework\.NETFramework\v4.7\Facades\System.Runtime.InteropServices.WindowsRuntime.dll" /reference:"C:\Program Files (x86)\Reference Assemblies\Microsoft\Framework\.NETFramework\v4.7\Facades\System.ServiceModel.Duplex.dll" /reference:"C:\Program Files (x86)\Reference Assemblies\Microsoft\Framework\.NETFramework\v4.7\Facades\System.ServiceModel.Http.dll" /reference:"C:\Program Files (x86)\Reference Assemblies\Microsoft\Framework\.NETFramework\v4.7\Facades\System.ServiceModel.NetTcp.dll" /reference:"C:\Program Files (x86)\Reference Assemblies\Microsoft\Framework\.NETFramework\v4.7\Facades\System.ServiceModel.Primitives.dll" /reference:"C:\Program Files (x86)\Reference Assemblies\Microsoft\Framework\.NETFramework\v4.7\Facades\System.ServiceModel.Security.dll" /debug+ /debug:full /filealign:512 /optimize- /out:obj\Debug\Fask.Console.Interfaces.dll /subsystemversion:6.00 /target:library /utf8output /langversion:7.3 ..\..\_SdileneTridy_\Interface\Ciselniky\ILokace2\ILokace2.cs ..\..\_SdileneTridy_\Interface\Ciselniky\ILokace2\ILokace2_Fill.cs ..\..\_SdileneTridy_\Interface\Ciselniky\IOdberatele2\IOdberatele2.cs ..\..\_SdileneTridy_\Interface\Ciselniky\IOdberatele2\IOdberatele2_DeleteOdberatel.cs ..\..\_SdileneTridy_\Interface\Ciselniky\IOdberatele2\IOdberatele2_GetFiltrovaneOdberatele.cs ..\..\_SdileneTridy_\Interface\Ciselniky\IOdberatele2\IOdberatele2_GetOdberatelByID.cs ..\..\_SdileneTridy_\Interface\Ciselniky\IOdberatele2\IOdberatele2_GetOdberatele.cs ..\..\_SdileneTridy_\Interface\Ciselniky\IOdberatele2\IOdberatele2_ImportOdberatel.cs ..\..\_SdileneTridy_\Interface\Ciselniky\IOdberatele2\IOdberatele2_InsertOdberatel.cs ..\..\_SdileneTridy_\Interface\Ciselniky\IOdberatele2\IOdberatele2_UpdateOdberatel.cs ..\..\_SdileneTridy_\Interface\Ciselniky\IPracovnici2\IPracovnici2.cs ..\..\_SdileneTridy_\Interface\Ciselniky\IPracovnici2\IPracovnici2_DeletePracovnici.cs ..\..\_SdileneTridy_\Interface\Ciselniky\IPracovnici2\IPracovnici2_GetFiltrovanePracovniky.cs ..\..\_SdileneTridy_\Interface\Ciselniky\IPracovnici2\IPracovnici2_GetPracovnici.cs ..\..\_SdileneTridy_\Interface\Ciselniky\IPracovnici2\IPracovnici2_GetPracovnikByID.cs ..\..\_SdileneTridy_\Interface\Ciselniky\IPracovnici2\IPracovnici2_ImportPracovnici.cs ..\..\_SdileneTridy_\Interface\Ciselniky\IPracovnici2\IPracovnici2_InsertPracovnici.cs ..\..\_SdileneTridy_\Interface\Ciselniky\IPracovnici2\IPracovnici2_SynchronizacePracovniciAD.cs ..\..\_SdileneTridy_\Interface\Ciselniky\IPracovnici2\IPracovnici2_UpdatePracovnici.cs ..\..\_SdileneTridy_\Interface\Ciselniky\IRady2\IRady2.cs ..\..\_SdileneTridy_\Interface\Ciselniky\IRady2\IRady2_Detete.cs ..\..\_SdileneTridy_\Interface\Ciselniky\IRady2\IRady2_GetFiltrovaneData.cs ..\..\_SdileneTridy_\Interface\Ciselniky\IRady2\IRady2_Insert.cs ..\..\_SdileneTridy_\Interface\Ciselniky\IRady2\IRady2_Update.cs ..\..\_SdileneTridy_\Interface\Ciselniky\ISkladLokace_LokaceTypy2\ISkladLokace_LokaceTypy2.cs ..\..\_SdileneTridy_\Interface\Ciselniky\ISkladLokace_LokaceTypy2\ISkladLokace_LokaceTypy2_DeleteSkladLokace_LokaceTypy.cs ..\..\_SdileneTridy_\Interface\Ciselniky\ISkladLokace_LokaceTypy2\ISkladLokace_LokaceTypy2_GetFiltrovaneSkladLokace_LokaceTypy.cs ..\..\_SdileneTridy_\Interface\Ciselniky\ISkladLokace_LokaceTypy2\ISkladLokace_LokaceTypy2_GetSkladLokace_LokaceTypy.cs ..\..\_SdileneTridy_\Interface\Ciselniky\ISkladLokace_LokaceTypy2\ISkladLokace_LokaceTypy2_GetSkladLokace_LokaceTypyByType.cs ..\..\_SdileneTridy_\Interface\Ciselniky\ISkladLokace_LokaceTypy2\ISkladLokace_LokaceTypy2_InsertSkladLokace_LokaceTypy.cs ..\..\_SdileneTridy_\Interface\Ciselniky\ISkladLokace_LokaceTypy2\ISkladLokace_LokaceTypy2_UpdateSkladLokace_LokaceTypy.cs ..\..\_SdileneTridy_\Interface\Ciselniky\ISkladLokace_LVS2\ISkladLokace_LVS2.cs ..\..\_SdileneTridy_\Interface\Ciselniky\ISkladLokace_LVS2\ISkladLokace_LVS2_DeleteSkladLokace_LokaceVariantySortiment.cs ..\..\_SdileneTridy_\Interface\Ciselniky\ISkladLokace_LVS2\ISkladLokace_LVS2_GetFiltrovanySkladLokace_LokaceVariantySortiment.cs ..\..\_SdileneTridy_\Interface\Ciselniky\ISkladLokace_LVS2\ISkladLokace_LVS2_GetSkladLokace_LokaceVariantySortiment.cs ..\..\_SdileneTridy_\Interface\Ciselniky\ISkladLokace_LVS2\ISkladLokace_LVS2_GetSkladLokace_LokaceVariantySortimentBySklidLocncodeItemnmbr.cs ..\..\_SdileneTridy_\Interface\Ciselniky\ISkladLokace_LVS2\ISkladLokace_LVS2_InsertSkladLokace_LokaceVariantySortiment.cs ..\..\_SdileneTridy_\Interface\Ciselniky\ISkladLokace_LVS2\ISkladLokace_LVS2_InsertSkladLokace_LokaceVariantySortiment_Row.cs ..\..\_SdileneTridy_\Interface\Ciselniky\ISkladLokace_LVS2\ISkladLokace_LVS2_UpdateSkladLokace_LokaceVariantySortiment.cs ..\..\_SdileneTridy_\Interface\Ciselniky\ISkladLokace_Mapa2\ISkladLokace_Mapa2.cs ..\..\_SdileneTridy_\Interface\Ciselniky\ISkladLokace_Mapa2\ISkladLokace_Mapa2_DeleteSkladLokace_Mapa.cs ..\..\_SdileneTridy_\Interface\Ciselniky\ISkladLokace_Mapa2\ISkladLokace_Mapa2_GenerovatLokace_SkladLokace_Mapa.cs ..\..\_SdileneTridy_\Interface\Ciselniky\ISkladLokace_Mapa2\ISkladLokace_Mapa2_GetFiltrovaneSkladLokace_Mapa.cs ..\..\_SdileneTridy_\Interface\Ciselniky\ISkladLokace_Mapa2\ISkladLokace_Mapa2_GetSkladLokace_Mapa.cs ..\..\_SdileneTridy_\Interface\Ciselniky\ISkladLokace_Mapa2\ISkladLokace_Mapa2_GetSkladLokace_MapaBySklIDAndLocncode.cs ..\..\_SdileneTridy_\Interface\Ciselniky\ISkladLokace_Mapa2\ISkladLokace_Mapa2_InsertSkladLokace_Mapa.cs ..\..\_SdileneTridy_\Interface\Ciselniky\ISkladLokace_Mapa2\ISkladLokace_Mapa2_UpdateSkladLokace_Mapa.cs ..\..\_SdileneTridy_\Interface\Ciselniky\ISklady2\ISklady2.cs ..\..\_SdileneTridy_\Interface\Ciselniky\ISklady2\ISklady2_DeleteSklad.cs ..\..\_SdileneTridy_\Interface\Ciselniky\ISklady2\ISklady2_GetFiltrovaneSklady.cs ..\..\_SdileneTridy_\Interface\Ciselniky\ISklady2\ISklady2_GetSkladByID.cs ..\..\_SdileneTridy_\Interface\Ciselniky\ISklady2\ISklady2_GetSklady.cs ..\..\_SdileneTridy_\Interface\Ciselniky\ISklady2\ISklady2_ImportSklad.cs ..\..\_SdileneTridy_\Interface\Ciselniky\ISklady2\ISklady2_InsertSklad.cs ..\..\_SdileneTridy_\Interface\Ciselniky\ISklady2\ISklady2_UpdateSklad.cs ..\..\_SdileneTridy_\Interface\Ciselniky\ISklady2\ISklady2_Vyroba_Fill.cs ..\..\_SdileneTridy_\Interface\Ciselniky\IStrediska2\IStrediska2.cs ..\..\_SdileneTridy_\Interface\Ciselniky\IStrediska2\IStrediska2_DeleteStredisko.cs ..\..\_SdileneTridy_\Interface\Ciselniky\IStrediska2\IStrediska2_GetFiltrovaneStrediska.cs ..\..\_SdileneTridy_\Interface\Ciselniky\IStrediska2\IStrediska2_GetStrediska.cs ..\..\_SdileneTridy_\Interface\Ciselniky\IStrediska2\IStrediska2_GetStrediskoByID.cs ..\..\_SdileneTridy_\Interface\Ciselniky\IStrediska2\IStrediska2_ImportStrediska.cs ..\..\_SdileneTridy_\Interface\Ciselniky\IStrediska2\IStrediska2_InsertStredisko.cs ..\..\_SdileneTridy_\Interface\Ciselniky\IStrediska2\IStrediska2_UpdateStredisko.cs ..\..\_SdileneTridy_\Interface\Ciselniky\ITypyDokladu2\ITypyDokladu2.cs ..\..\_SdileneTridy_\Interface\Ciselniky\ITypyDokladu2\ITypyDokladu2_Delete.cs ..\..\_SdileneTridy_\Interface\Ciselniky\ITypyDokladu2\ITypyDokladu2_GetFiltrovaneData.cs ..\..\_SdileneTridy_\Interface\Ciselniky\ITypyDokladu2\ITypyDokladu2_Insert.cs ..\..\_SdileneTridy_\Interface\Ciselniky\ITypyDokladu2\ITypyDokladu2_Update.cs ..\..\_SdileneTridy_\Interface\Ciselniky\IZbozi2\IZbozi2.cs ..\..\_SdileneTridy_\Interface\Ciselniky\IZbozi2\IZbozi2_DeleteZbozi.cs ..\..\_SdileneTridy_\Interface\Ciselniky\IZbozi2\IZbozi2_ExportKatalogZasoby_Procedura.cs ..\..\_SdileneTridy_\Interface\Ciselniky\IZbozi2\IZbozi2_GetFiltrovaneZbozi.cs ..\..\_SdileneTridy_\Interface\Ciselniky\IZbozi2\IZbozi2_GetParametry.cs ..\..\_SdileneTridy_\Interface\Ciselniky\IZbozi2\IZbozi2_GetParametrybyID.cs ..\..\_SdileneTridy_\Interface\Ciselniky\IZbozi2\IZbozi2_GetZbozi.cs ..\..\_SdileneTridy_\Interface\Ciselniky\IZbozi2\IZbozi2_GetZboziByID.cs ..\..\_SdileneTridy_\Interface\Ciselniky\IZbozi2\IZbozi2_ImportZbozi.cs ..\..\_SdileneTridy_\Interface\Ciselniky\IZbozi2\IZbozi2_InsertZbozi.cs ..\..\_SdileneTridy_\Interface\Ciselniky\IZbozi2\IZbozi2_InsertZboziParams.cs ..\..\_SdileneTridy_\Interface\Ciselniky\IZbozi2\IZbozi2_UpdateParametry.cs ..\..\_SdileneTridy_\Interface\Ciselniky\IZbozi2\IZbozi2_UpdateZbozi.cs ..\..\_SdileneTridy_\Interface\Ciselniky\IZbozi2\IZbozi2_UpdateZboziParams.cs ..\..\_SdileneTridy_\Interface\Classes\Enums.cs ..\..\_SdileneTridy_\Interface\Classes\GenerovaniLokaci.cs ..\..\_SdileneTridy_\Interface\Classes\GenerovaniSN.cs ..\..\_SdileneTridy_\Interface\Classes\Parametry.cs ..\..\_SdileneTridy_\Interface\Classes\StatusInfo_Dispo.cs ..\..\_SdileneTridy_\Interface\Classes\TimeFilters.cs ..\..\_SdileneTridy_\Interface\Extension\CZMST093_Extension.cs ..\..\_SdileneTridy_\Interface\Extension\FaskEvents_Extensions.cs ..\..\_SdileneTridy_\Interface\Extension\FASK_Events_Extension.cs ..\..\_SdileneTridy_\Interface\Extension\Fask_Zasoby_All_Extension.cs ..\..\_SdileneTridy_\Interface\Extension\Fask_Zasoby_Extension.cs ..\..\_SdileneTridy_\Interface\Extension\Fask_Zasoby_Parametry_Extension.cs ..\..\_SdileneTridy_\Interface\Filtry\AdresarListFiltr.cs ..\..\_SdileneTridy_\Interface\Filtry\CiselnikModuly_MachinesDefinitionFiltr.cs ..\..\_SdileneTridy_\Interface\Filtry\ExpediceFormDodaciListyListFiltr.cs ..\..\_SdileneTridy_\Interface\Filtry\FilterBase.cs ..\..\_SdileneTridy_\Interface\Filtry\Import_SKzNC_ListFiltr.cs ..\..\_SdileneTridy_\Interface\Filtry\InventuraCompare.cs ..\..\_SdileneTridy_\Interface\Filtry\InventuraNasnimaneListFiltr.cs ..\..\_SdileneTridy_\Interface\Filtry\InventuraPredlohaListFiltr.cs ..\..\_SdileneTridy_\Interface\Filtry\Inv_PredlohaListFiltr.cs ..\..\_SdileneTridy_\Interface\Filtry\LokaceTypyListFiltr.cs ..\..\_SdileneTridy_\Interface\Filtry\LokaceVariantySortimentListFiltr.cs ..\..\_SdileneTridy_\Interface\Filtry\Odvod_EventsErrListFiltr.cs ..\..\_SdileneTridy_\Interface\Filtry\Odvod_EventsListFiltr.cs ..\..\_SdileneTridy_\Interface\Filtry\Odvod_MachineStateSetListFiltr.cs ..\..\_SdileneTridy_\Interface\Filtry\Odvod_TiskoveSablony.cs ..\..\_SdileneTridy_\Interface\Filtry\PohybyISListFiltr.cs ..\..\_SdileneTridy_\Interface\Filtry\PotrebaMaterialu_Filtr.cs ..\..\_SdileneTridy_\Interface\Filtry\PracovniciListFiltr.cs ..\..\_SdileneTridy_\Interface\Filtry\PrijemDavkyFiltr.cs ..\..\_SdileneTridy_\Interface\Filtry\PrijemNasnimaneFiltr.cs ..\..\_SdileneTridy_\Interface\Filtry\ProdejFiltr.cs ..\..\_SdileneTridy_\Interface\Filtry\ProductionListFiltr.cs ..\..\_SdileneTridy_\Interface\Filtry\ProductionSourcesListFiltr.cs ..\..\_SdileneTridy_\Interface\Filtry\Production_SNListFiltr.cs ..\..\_SdileneTridy_\Interface\Filtry\RadyListFiltr.cs ..\..\_SdileneTridy_\Interface\Filtry\ReportSestavaFiltr.cs ..\..\_SdileneTridy_\Interface\Filtry\SkladLokaceCompareToISFiltr.cs ..\..\_SdileneTridy_\Interface\Filtry\SkladLokaceMapaListFiltr.cs ..\..\_SdileneTridy_\Interface\Filtry\SkladLokaceStavListFiltr.cs ..\..\_SdileneTridy_\Interface\Filtry\SkladPohybListFiltr.cs ..\..\_SdileneTridy_\Interface\Filtry\SkladyListFiltr.cs ..\..\_SdileneTridy_\Interface\Filtry\StavSkladuHistorieFiltr.cs ..\..\_SdileneTridy_\Interface\Filtry\StavSkladuListFiltr.cs ..\..\_SdileneTridy_\Interface\Filtry\StrediskaListFiltr.cs ..\..\_SdileneTridy_\Interface\Filtry\TypDokladuList.cs ..\..\_SdileneTridy_\Interface\Filtry\UzivateleListFiltr.cs ..\..\_SdileneTridy_\Interface\Filtry\VazbyMaterialyFiltr.cs ..\..\_SdileneTridy_\Interface\Filtry\VazbyModifikace_TP.cs ..\..\_SdileneTridy_\Interface\Filtry\Vazby_P_PS_Filtr.cs ..\..\_SdileneTridy_\Interface\Filtry\VydejDavkyFiltr.cs ..\..\_SdileneTridy_\Interface\Filtry\VydejHlavickyFiltr.cs ..\..\_SdileneTridy_\Interface\Filtry\VydejNasnimaneFiltr.cs ..\..\_SdileneTridy_\Interface\Filtry\Vyroba_KapPla_MatProVyr_Filtr.cs ..\..\_SdileneTridy_\Interface\Filtry\Vyroba_PV_Filtr.cs ..\..\_SdileneTridy_\Interface\Filtry\Vyroba_PV_Zap_Filtr.cs ..\..\_SdileneTridy_\Interface\Filtry\Vyroba_VPH_Filtr.cs ..\..\_SdileneTridy_\Interface\Filtry\Vyroba_VPP_Filtr.cs ..\..\_SdileneTridy_\Interface\Filtry\ZboziListFiltr.cs ..\..\_SdileneTridy_\Interface\Filtry\ZboziVyrobaListFiltr.cs ..\..\_SdileneTridy_\Interface\Filtry\ZdrojeListFiltr.cs ..\..\_SdileneTridy_\Interface\Filtry\ZdrojePohybListFiltr.cs ..\..\_SdileneTridy_\Interface\IMES.cs ..\..\_SdileneTridy_\Interface\IT_cast\IIT_cast.cs ..\..\_SdileneTridy_\Interface\IT_cast\IIT_cast_Events_Archivace.cs ..\..\_SdileneTridy_\Interface\IT_cast\IIT_cast_Production_Archivace.cs ..\..\_SdileneTridy_\Interface\Prodej\IProdej2.cs ..\..\_SdileneTridy_\Interface\Prodej\IProdej2_DeleteDI.cs ..\..\_SdileneTridy_\Interface\Prodej\IProdej2_ImportDavka.cs ..\..\_SdileneTridy_\Interface\Prodej\IProdej2_Prodej_GetFiltrovaneDavky.cs ..\..\_SdileneTridy_\Interface\Prodej\IProdej2_UpdateDI.cs ..\..\_SdileneTridy_\Interface\Prodej\IProdej2_UpdateDI_storno.cs ..\..\_SdileneTridy_\Interface\Terminal\ITerminal.cs ..\..\_SdileneTridy_\Interface\Terminal\ITerminal_DeleteFileTerminalKonfigurace_MESAndroid.cs ..\..\_SdileneTridy_\Interface\Terminal\ITerminal_GetTerminalAkt.cs ..\..\_SdileneTridy_\Interface\Terminal\ITerminal_GetTerminalAll.cs ..\..\_SdileneTridy_\Interface\Terminal\ITerminal_GetTerminalDefinition.cs ..\..\_SdileneTridy_\Interface\Terminal\ITerminal_GetTerminalKonfigurace_MESAndroid.cs "..\..\_SdileneTridy_\Interface\Terminal\ITerminal_GetTerminalKonfigurace_MESAndroid_Validace .cs" ..\..\_SdileneTridy_\Interface\Tisky\ITisk_TiskovaSablona.cs ..\..\_SdileneTridy_\Interface\Vyroba\Corrects\ICorrects.cs ..\..\_SdileneTridy_\Interface\Vyroba\Corrects\ICorrects_GetDataByID.cs ..\..\_SdileneTridy_\Interface\Vyroba\Groups\IGroups.cs ..\..\_SdileneTridy_\Interface\Vyroba\Groups\IGroups_FillGroups.cs ..\..\_SdileneTridy_\Interface\Vyroba\Groups\IGroups_GetDataByID.cs ..\..\_SdileneTridy_\Interface\Vyroba\Groups\IGroups_Insert.cs ..\..\_SdileneTridy_\Interface\Vyroba\Groups\IGroups_Update.cs ..\..\_SdileneTridy_\Interface\Vyroba\Groups\IGroups_Update_Row.cs ..\..\_SdileneTridy_\Interface\Vyroba\KapacitniPlanovani\IKapacitniPlanovani.cs ..\..\_SdileneTridy_\Interface\Vyroba\KapacitniPlanovani\IKapacitniPlanovani_GetMatProVyr.cs ..\..\_SdileneTridy_\Interface\Vyroba\KapacitniPlanovani\IKapacitniPlanovani_Get_Vypocet.cs ..\..\_SdileneTridy_\Interface\Vyroba\Machines\IMachines.cs ..\..\_SdileneTridy_\Interface\Vyroba\Machines\IMachines_Fill.cs ..\..\_SdileneTridy_\Interface\Vyroba\Machines\IMachines_GetDataByID.cs ..\..\_SdileneTridy_\Interface\Vyroba\Odvod_EventsErr\IOdvod_EventsErr.cs ..\..\_SdileneTridy_\Interface\Vyroba\Odvod_EventsErr\IOdvod_EventsErr_GetFiltrovanyOdvodEvents.cs ..\..\_SdileneTridy_\Interface\Vyroba\Odvod_Events\IOdvod_Events.cs ..\..\_SdileneTridy_\Interface\Vyroba\Odvod_Events\IOdvod_Events_CallProcedura.cs ..\..\_SdileneTridy_\Interface\Vyroba\Odvod_Events\IOdvod_Events_GetFiltrovanyOdvodEvents.cs ..\..\_SdileneTridy_\Interface\Vyroba\Odvod_Events\IOdvod_Events_GetMaterials.cs ..\..\_SdileneTridy_\Interface\Vyroba\Odvod_Events\IOdvod_Events_StornoEvent.cs ..\..\_SdileneTridy_\Interface\Vyroba\Odvod_Events\IOdvod_Events_StornoEvent_OnlineCheck.cs ..\..\_SdileneTridy_\Interface\Vyroba\Odvod_MachineStateSet\IOdvod_MachineStateSet.cs ..\..\_SdileneTridy_\Interface\Vyroba\Odvod_MachineStateSet\IOdvod_MachineStateSet_GetFiltrovanyOdvodMachineStateSet.cs ..\..\_SdileneTridy_\Interface\Vyroba\Odvod_MachineStateSet\Odvod_MachineStateSet_GetEnum_description.cs ..\..\_SdileneTridy_\Interface\Vyroba\Odvod_TiskoveSablony\IOdvod_TiskoveSablony.cs ..\..\_SdileneTridy_\Interface\Vyroba\Odvod_TiskoveSablony\IOdvod_TiskoveSablony_GetFiltrovanyOdvodTiskoveSablony.cs ..\..\_SdileneTridy_\Interface\Vyroba\Operations\IOperations.cs ..\..\_SdileneTridy_\Interface\Vyroba\Operations\IOperations_Fill.cs ..\..\_SdileneTridy_\Interface\Vyroba\Operations\IOperations_GetDataByID.cs ..\..\_SdileneTridy_\Interface\Vyroba\ProductionSources\IProductionSources.cs ..\..\_SdileneTridy_\Interface\Vyroba\ProductionSources\IProductionSources_GetDataSelectListImport.cs ..\..\_SdileneTridy_\Interface\Vyroba\ProductionSources\IProductionSources_GetFiltrovanyProductionSourcesList.cs ..\..\_SdileneTridy_\Interface\Vyroba\ProductionSources\IProductionSources_GetFiltrovanyVazby.cs ..\..\_SdileneTridy_\Interface\Vyroba\ProductionSources\IProductionSources_ImportVydejkaPohoda.cs ..\..\_SdileneTridy_\Interface\Vyroba\ProductionSources\IProductionSources_Update.cs ..\..\_SdileneTridy_\Interface\Vyroba\ProductionSources\IProductionSources_Update_Row.cs ..\..\_SdileneTridy_\Interface\Vyroba\Production\IProduction.cs ..\..\_SdileneTridy_\Interface\Vyroba\Production\IProduction_Delete_ISOK.cs ..\..\_SdileneTridy_\Interface\Vyroba\Production\IProduction_FillByCORRGUID.cs ..\..\_SdileneTridy_\Interface\Vyroba\Production\IProduction_FillBySOUBEHGUID.cs ..\..\_SdileneTridy_\Interface\Vyroba\Production\IProduction_GetDataByCORRGUID.cs ..\..\_SdileneTridy_\Interface\Vyroba\Production\IProduction_GetDataBySOUBEHGUID.cs ..\..\_SdileneTridy_\Interface\Vyroba\Production\IProduction_GetDataSelectListImport.cs ..\..\_SdileneTridy_\Interface\Vyroba\Production\IProduction_GetFiltrovanyProductionList.cs ..\..\_SdileneTridy_\Interface\Vyroba\Production\IProduction_GetFiltrovanyProductionVazby.cs ..\..\_SdileneTridy_\Interface\Vyroba\Production\IProduction_ImportPohoda_Zdroj_P_Vyroba.cs ..\..\_SdileneTridy_\Interface\Vyroba\Production\IProduction_ImportPrijemkaPohoda_Zdroj_P.cs ..\..\_SdileneTridy_\Interface\Vyroba\Production\IProduction_ImportPrijemkaPohoda_Zdroj_P_PS.cs ..\..\_SdileneTridy_\Interface\Vyroba\Production\IProduction_ImportPrijemkaPohoda_Zdroj_P_TP.cs ..\..\_SdileneTridy_\Interface\Vyroba\Production\IProduction_Update.cs ..\..\_SdileneTridy_\Interface\Vyroba\Production\IProduction_Update_Row.cs ..\..\_SdileneTridy_\Interface\Vyroba\Production_SN\IProduction_SN.cs ..\..\_SdileneTridy_\Interface\Vyroba\Production_SN\IProduction_SN_GetFiltrovanyProduction_SNList.cs ..\..\_SdileneTridy_\Interface\Vyroba\PV\IPV.cs ..\..\_SdileneTridy_\Interface\Vyroba\PV\IPV_Delete_PV.cs ..\..\_SdileneTridy_\Interface\Vyroba\PV\IPV_Edit_QTY_PV.cs ..\..\_SdileneTridy_\Interface\Vyroba\PV\IPV_Edit_RefPVH_in_PVP.cs ..\..\_SdileneTridy_\Interface\Vyroba\PV\IPV_Edit_Zaplanovane.cs ..\..\_SdileneTridy_\Interface\Vyroba\PV\IPV_FillByRefPVH.cs ..\..\_SdileneTridy_\Interface\Vyroba\PV\IPV_FillPVH.cs ..\..\_SdileneTridy_\Interface\Vyroba\PV\IPV_GetDEX_ROW_ID_from_PVH.cs ..\..\_SdileneTridy_\Interface\Vyroba\PV\IPV_GetFiltrovanyPVList.cs ..\..\_SdileneTridy_\Interface\Vyroba\PV\IPV_GetSKzInfo_PV.cs ..\..\_SdileneTridy_\Interface\Vyroba\PV\IPV_GetZaplanovani.cs ..\..\_SdileneTridy_\Interface\Vyroba\PV\IPV_Get_Zaplanovane.cs ..\..\_SdileneTridy_\Interface\Vyroba\PV\IPV_ImportPV.cs ..\..\_SdileneTridy_\Interface\Vyroba\PV\IPV_Insert_PV.cs ..\..\_SdileneTridy_\Interface\Vyroba\PV\IPV_Insert_PVH.cs ..\..\_SdileneTridy_\Interface\Vyroba\PV\IPV_Navrh_DeleteVariantu.cs ..\..\_SdileneTridy_\Interface\Vyroba\PV\IPV_Navrh_FillStav.cs ..\..\_SdileneTridy_\Interface\Vyroba\PV\IPV_Navrh_GetDetailStav.cs ..\..\_SdileneTridy_\Interface\Vyroba\PV\IPV_Navrh_GetRow_Parametry.cs ..\..\_SdileneTridy_\Interface\Vyroba\PV\IPV_Navrh_GetStav_ParamsNastaveni.cs ..\..\_SdileneTridy_\Interface\Vyroba\PV\IPV_Navrh_InitEmptyParams.cs ..\..\_SdileneTridy_\Interface\Vyroba\PV\IPV_Navrh_InsertParams.cs ..\..\_SdileneTridy_\Interface\Vyroba\PV\IPV_Navrh_InsertVariantu.cs ..\..\_SdileneTridy_\Interface\Vyroba\PV\IPV_Navrh_PARAMS_Disponibilita.cs ..\..\_SdileneTridy_\Interface\Vyroba\PV\IPV_Navrh_PARAMS_OnLine_FIFO_OBJ.cs ..\..\_SdileneTridy_\Interface\Vyroba\PV\IPV_Navrh_UpdateNaplanovane.cs ..\..\_SdileneTridy_\Interface\Vyroba\PV\IPV_Navrh_UpdateParams.cs ..\..\_SdileneTridy_\Interface\Vyroba\PV\IPV_Navrh_UpdateVariantu.cs ..\..\_SdileneTridy_\Interface\Vyroba\PV\IPV_Update_PV.cs ..\..\_SdileneTridy_\Interface\Vyroba\PV\IPV_Update_QTY_ByID_PV.cs ..\..\_SdileneTridy_\Interface\Vyroba\PV\IPV_Zaplanovani_PV.cs ..\..\_SdileneTridy_\Interface\Vyroba\VLoginsGroups\IVLoginsGroups.cs ..\..\_SdileneTridy_\Interface\Vyroba\VLoginsGroups\IVLoginsGroups_DeleteByGoupID.cs ..\..\_SdileneTridy_\Interface\Vyroba\VLoginsGroups\IVLoginsGroups_DeleteByLoginID.cs ..\..\_SdileneTridy_\Interface\Vyroba\VLoginsGroups\IVLoginsGroups_GetDataByLoginID.cs ..\..\_SdileneTridy_\Interface\Vyroba\VLoginsGroups\IVLoginsGroups_Insert.cs ..\..\_SdileneTridy_\Interface\Vyroba\VMachinesOperations\IVMachinesOperations.cs ..\..\_SdileneTridy_\Interface\Vyroba\VMachinesOperations\IVMachinesOperations_GetDataByMachineIDoperationID.cs ..\..\_SdileneTridy_\Interface\Vyroba\VPH\IVPH.cs ..\..\_SdileneTridy_\Interface\Vyroba\VPH\IVPH_Fill.cs ..\..\_SdileneTridy_\Interface\Vyroba\VPH\IVPH_GetDataByCountEntriesSOPNUMBE.cs ..\..\_SdileneTridy_\Interface\Vyroba\VPH\IVPH_GetFiltrovanyVPHList.cs ..\..\_SdileneTridy_\Interface\Vyroba\VPH\IVPH_GetPotrebaMaterialu.cs ..\..\_SdileneTridy_\Interface\Vyroba\VPH\IVPH_Insert.cs ..\..\_SdileneTridy_\Interface\Vyroba\VPH\IVPH_Update.cs ..\..\_SdileneTridy_\Interface\Vyroba\VPH\IVPH_Update_Row.cs ..\..\_SdileneTridy_\Interface\Vyroba\VPP\IVPP.cs ..\..\_SdileneTridy_\Interface\Vyroba\VPP\IVPP_DeleteByCountEntriesSOPNUMBE.cs ..\..\_SdileneTridy_\Interface\Vyroba\VPP\IVPP_Fill.cs ..\..\_SdileneTridy_\Interface\Vyroba\VPP\IVPP_FillByCountEntriesAndSOPNUMBE.cs ..\..\_SdileneTridy_\Interface\Vyroba\VPP\IVPP_GenerovatSN_CZPRO_VPP.cs ..\..\_SdileneTridy_\Interface\Vyroba\VPP\IVPP_GetDataByCountEntriesSOPNUMBEITEMNMBR.cs ..\..\_SdileneTridy_\Interface\Vyroba\VPP\IVPP_GetDataByCountEntriesSopnumbeItemnmbrBarcodeP.cs ..\..\_SdileneTridy_\Interface\Vyroba\VPP\IVPP_GetFiltrovanyVPPList.cs ..\..\_SdileneTridy_\Interface\Vyroba\VPP\IVPP_Insert.cs ..\..\_SdileneTridy_\Interface\Vyroba\VPP\IVPP_Update.cs ..\..\_SdileneTridy_\Interface\Vyroba\VPP\IVPP_Update_Row.cs ..\..\_SdileneTridy_\SQL\Common.cs ..\..\_SdileneTridy_\Tisk\MST_Print_Server_ZPL_Printing\TiskParams.cs ..\..\_SdileneTridy_\WEBAPI\API_BO\Tisk_Etiketa.cs ..\..\_SdileneTridy_\WEBAPI\API_BO\Vyroba.cs ..\..\_SdileneTridy_\WEBAPI\API_BO\Zbozi.cs ..\..\_SdileneTridy_\WEBAPI\TransformBO.cs API_BO\SkladLokaceCZMST094.cs API_BO\SkladLokaceMapa.cs API_BO\Sklady.cs API_BO\Strediska.cs API_BO\Odberatele.cs Ciselniky\ISkladLokace_CZMST094\ISkladLokace_CZMST094.cs Ciselniky\ISkladLokace_CZMST094\ISkladLokace_CZMST094_DeleteSkladLokace.cs Ciselniky\ISkladLokace_CZMST094\ISkladLokace_CZMST094_GetFiltrovaneSkladLokace.cs Ciselniky\ISkladLokace_CZMST094\ISkladLokace_CZMST094_GetSkladLokaceByLOCNCODE.cs Ciselniky\ISkladLokace_CZMST094\ISkladLokace_CZMST094_ImportSkladLokace.cs Ciselniky\ISkladLokace_CZMST094\ISkladLokace_CZMST094_InsertSkladLokace.cs Ciselniky\ISkladLokace_CZMST094\ISkladLokace_CZMST094_UpdateSkladLokace.cs Ciselniky\ISkladLokace_Mapa2\ISkladLokace_Mapa2_ImportSkladLokace_Mapa.cs Classes\DataDavky.cs Classes\Davka.cs Classes\Objednavka.cs Classes\Sklad.cs Classes\StatusInfo.cs DataObalka\DataObalka_VyrabenePolozky.cs DataSets\DSValues.Designer.cs DataSets\Hlavni.cs DataSets\Hlavni.Designer.cs DataSets\Inventura.Designer.cs DataSets\Inventura_Compare.cs DataSets\Inventura_Compare.Designer.cs DataSets\Location.Designer.cs DataSets\Odberatele.Designer.cs DataSets\Pracovnici.Designer.cs DataSets\Prijem.cs DataSets\Prijem.Designer.cs DataSets\Prodej.cs DataSets\Prodej.Designer.cs DataSets\Rady.cs DataSets\Rady.Designer.cs DataSets\Servis.Designer.cs DataSets\SkladLokace.Designer.cs DataSets\SkladLokace_CompareToIS.Designer.cs DataSets\SkladPohyb.cs DataSets\SkladPohyb.Designer.cs DataSets\Sklady.Designer.cs DataSets\StavSkladu.Designer.cs DataSets\Strediska.Designer.cs DataSets\Terminal.cs DataSets\Terminal.Designer.cs DataSets\TypyDokladu.Designer.cs DataSets\Ukolovani.cs DataSets\Ukolovani.Designer.cs DataSets\Vydej.cs DataSets\Vydej.Designer.cs DataSets\Vyroba.cs DataSets\Vyroba.Designer.cs DataSets\Vyroba_Planovani.cs DataSets\Vyroba_Planovani.Designer.cs DataSets\Zbozi.cs DataSets\Zbozi.Designer.cs DataSets_Import\ImportPOHODA_FromExcel.cs DataSets_Import\ImportPOHODA_FromExcel.Designer.cs Entity_framework\DataImport.cs Entity_framework\MyDbContext.cs Expedice\IExpedice2.cs Expedice\IExpedice2_GetBufferPolozky.cs Expedice\IExpedice2_GetExpedicePolozky.cs Expedice\IExpedice2_GetFiltrovaneExpedicePolozky.cs Filtry\SkladLokaceCZMST094ListFiltr.cs Filtry\VyrabenePolozkyFiltr.cs ImportniMustky\IImportnyMustky.cs ImportniMustky\IImportnyMustky_ImportPohoda_SKzNC_EXIST.cs ImportniMustky\IImportnyMustky_ImportPohoda_SKzNC_AddRefAg.cs ImportniMustky\IImportnyMustky_Insert_ImportSKzNC.cs ImportniMustky\IImportnyMustky_Delete_ImportSKzNC.cs ImportniMustky\IImportnyMustky_GetImportPohoda_SKzNC.cs ImportniMustky\IImportnyMustky_UpdateImportPohoda_SKzNC.cs ImportniMustky\IImportnyMustky_ImportPohoda_SKzNC.cs Inventura\IInventura2_Generate_FromFile_Inventura.cs Inventura\IInventura2_GetCompare_I123.cs.cs Inventura\IInventura2_GetCompare_I4.cs Inventura\IInventura2_GetFiltrovanaINVPredloha.cs Inventura\IInventura2_Import_ToXML_Inventura.cs Inventura\IInventura2_RozdelitInventury.cs Inventura\IInventura2_ImportInventura.cs Inventura\IInventura2.cs Inventura\IInventura2_GenerateInventura.cs Inventura\IInventura2_GetFiltrovanaPredloha.cs Inventura\IInventura2_GetFiltrovaneNasnimane.cs Inventura\IInventura2_GetHlavickaByID.cs Inventura\IInventura2_GetHlavicky.cs Inventura\IInventura2_SloucitInventury.cs Inventura\IInventura2_UpdateI1.cs Parametry\IParametry2.cs Parametry\IParametry2_ConnectionString.cs DataSets\Expedice.Designer.cs DataSets\Inventura.cs DataSets\Odberatele.cs DataSets\Servis.cs DataSets\SkladLokace.cs DataSets\Sklady.cs DataSets\StavSkladu.cs Parametry\IParametry2_Get_APIConnection.cs Parametry\IParametry2_Get_ConnectionStrings.cs Parametry\IParametry2_Terminal_ID.cs Prijem\IPrijem2.cs Prijem\IPrijem2_DeletePE.cs Prijem\IPrijem2_DeletePI.cs Prijem\IPrijem2_GetFiltrovaneDavkyPE.cs Prijem\IPrijem2_GetFiltrovaneDavkyPI.cs Prijem\IPrijem2_UpdatePE.cs Prijem\IPrijem2_UpdatePE_storno.cs Prijem\IPrijem2_UpdatePI.cs Prijem\IPrijem2_UpdatePI_storno.cs Properties\AssemblyInfo.cs Providers\IVyrabenePolozky2_Get.cs Providers\IVyrabenePolozky2.cs Servis\IServis.cs SkladLokace\ISkladLokace2.cs SkladLokace\ISkladLokace2_ClearLokMech.cs SkladLokace\ISkladLokace2_GetPohybyIS.cs SkladLokace\ISkladLokace2_GetFilt_CopareToIS_FASK.cs SkladLokace\ISkladLokace2_GetFilt_CopareToIS_IS.cs SkladLokace\ISkladLokace2_GetFiltrovanySkladLokaceStav.cs SkladLokace\ISkladLokace2_ImportLokMech_From_I4.cs SkladLokace\ISkladLokace2_InsertStavPohyb.cs SkladLokace\LokacePohyb.cs SkladPohyb\ISkladPohyb2_GetFiltrovanySkladLokace.cs SkladPohyb\ISkladPohyb2_GetTypPohybu.cs SkladPohyb\ISkladPohyb2.cs StavSkladu\IStavSkladu2_GetFiltrovanyStavSkladu.cs StavSkladu\IStavSkladu2_GetFiltrovanyStavSkladuHistorie.cs StavSkladu\IStavSkladu2_GetStavSkladu.cs StavSkladu\IStavSkladu2_getUzivatele.cs StavSkladu\IStavSkladu2_GetSklady.cs StavSkladu\IStavSkladu2.cs Tisky\ITisky2_EtiketaTisk.cs Tisky\ITisky2.cs Tisky\ITisky2_MetodaEtiketa.cs Tisky\ITisky2_MetodaEtiketa_GS1.cs Ukolovani\IUkolovani_Update_Row_CZ_UKOL.cs Ukolovani\IUkolovani_GetDataByID_CZ_UKOL.cs Ukolovani\IUkolovani_Update_Row_CZ_UKOL_UZIV.cs Ukolovani\IUkolovani_Fill_CZ_UKOL_STATE.cs Ukolovani\IUkolovani_GetDataByID_CZ_UKOL_UZIV.cs Ukolovani\IUkolovani_Update_CZ_UKOL_UZIV.cs Ukolovani\IUkolovani_Update_CZ_UKOL.cs Ukolovani\IUkolovani_GetDataByState_CZ_UKOL_STATE.cs Ukolovani\IUkolovani_Delete_CZ_UKOL.cs Ukolovani\IUkolovani_DeleteByUkolID_CZ_UKOL_UZIV.cs Ukolovani\IUkolovani_Insert_CZ_UKOL.cs Ukolovani\IUkolovani_Insert_CZ_UKOL_UZIV.cs Ukolovani\IUkolovani_GetDataByUkolIDAndUserID_CZ_UKOL_UZIV.cs Ukolovani\IUkolovani_Fill_CZ_UKOL.cs Ukolovani\IUkolovani_GetCZ_UKOL_STATE.cs Ukolovani\IUkolovani.cs "Uzivatele\IUzivatele2 _OverUzivatele.cs" Uzivatele\IUzivatele2.cs Vazby\IVazby2_ImportVyrobky.cs Vazby\IVazby2_Modifikace_TP_SetZamenZdrojCil.cs Vazby\IVazby2_Modifikace_TP_GetFiltrovaneData.cs Vazby\IVazby2_DeleteMaterial.cs Vazby\IVazby2_Fill_only_Koef_and_Alter.cs Vazby\IVazby2_Fill_onlyALTERtable.cs Vazby\IVazby2_ImportVydejkaPohoda.cs Vazby\IVazby2_UpdateEdit.cs Vazby\IVazby2_DeleteVyrobek.cs Vazby\IVazby2_Scalar_Vyrobky_Count.cs Vazby\IVazby2_Scalar_MAX_IDL.cs Vazby\IVazby2_GetFiltrovanyVazbyAddVyrobky.cs Vazby\IVazby2_GetFiltrovanyVazbyVyrobky.cs Vazby\IVazby2.cs Vazby\IVazby2_GetFiltrovanyVazbyMaterialy.cs Vazby\IVazby2_Insert_VazbyAddVyrobky.cs Vydej\IVydej2_DeleteSI.cs Vydej\IVydej2_Get_SE_MaxCountEntries.cs Vydej\IVydej2_InsertSI.cs Vydej\IVydej2_KontrolaDavky_TEST.cs Vydej\IVydej2_GetAdresy.cs Vydej\IVydej2_GetFiltrovaneDavkySI.cs Vydej\IVydej2_UpdateSE_QTY_ByDEXROWID.cs Vydej\IVydej2.cs Vydej\IVydej2_DeleteSE.cs Vydej\IVydej2_GenerateDavka.cs Vydej\IVydej2_GetFiltrovaneDavky.cs Vydej\IVydej2_GetFiltrovaneHlavicky.cs Vydej\IVydej2_GetHlavickaByCountEntries.cs Vydej\IVydej2_GetHlavicky.cs Vydej\IVydej2_InsertSE.cs Vydej\IVydej2_KontrolaDavky.cs Vydej\IVydej2_UpdatePriorityDavka_byPriority.cs Vydej\IVydej2_UpdatePriorityDavka_byUserID.cs Vydej\IVydej2_UpdateSE.cs Vydej\IVydej2_UpdateSE_storno.cs Vydej\IVydej2_UpdateSI.cs Vydej\IVydej2_UvolnitDavku.cs Vyroba\MachinesDefinition\IMachinesDefinition.cs Vyroba\MachinesDefinition\IMachinesDefinition_GetFilterData.cs Vyroba\MachinesDefinition\IMachinesDefinition_IudCommand.cs Vyroba\Machines\IMachines_GetFilterData.cs Vyroba\Machines\IMachines_IudCommand.cs "obj\Debug\.NETFramework,Version=v4.7.AssemblyAttributes.cs"
  Compilation request Fask.Console.Interfaces, PathToTool=C:\Program Files\Microsoft Visual Studio\18\Community\MSBuild\Current\Bin\Roslyn\csc.exe
  CommandLine = ' /noconfig'
  BuildResponseFile = '/nowarn:1701,1702 /fullpaths /nostdlib+ /errorreport:prompt /warn:4 /define:DEBUG;TRACE /highentropyva+ /reference:C:\Users\ratho\OneDrive\Plocha\work_2026\FASK_2026\0x_Zdrojove_Kody\Konzola\packages\CsvHelper.32.0.3\lib\net47\CsvHelper.dll /reference:C:\Users\ratho\OneDrive\Plocha\work_2026\FASK_2026\0x_Zdrojove_Kody\Konzola\packages\Dapper.2.1.35\lib\net461\Dapper.dll /reference:"C:\Users\ratho\OneDrive\Plocha\work_2026\FASK_2026\0x_Zdrojove_Kody\_SdileneProjekty_\Fask.Logging\!Build!\Debug\Fask.Logging.dll" /reference:"C:\Users\ratho\OneDrive\Plocha\work_2026\FASK_2026\0x_Zdrojove_Kody\_SdileneProjekty_\FASK.Logins\!Build!\Debug\FASK.Logins.dll" /reference:C:\Users\ratho\OneDrive\Plocha\work_2026\FASK_2026\0x_Zdrojove_Kody\_SdileneProjekty_\Fask.POHODA.Disponibility\bin\Debug\Fask.POHODA.Disponibility.dll /reference:C:\Users\ratho\OneDrive\Plocha\work_2026\FASK_2026\0x_Zdrojove_Kody\Konzola\packages\Microsoft.Bcl.AsyncInterfaces.7.0.0\lib\net462\Microsoft.Bcl.AsyncInterfaces.dll /reference:C:\Users\ratho\OneDrive\Plocha\work_2026\FASK_2026\0x_Zdrojove_Kody\Konzola\packages\Microsoft.Bcl.HashCode.1.1.1\lib\net461\Microsoft.Bcl.HashCode.dll /reference:"C:\Program Files (x86)\Reference Assemblies\Microsoft\Framework\.NETFramework\v4.7\Microsoft.CSharp.dll" /reference:"C:\Program Files\Microsoft Visual Studio\18\Community\MSBuild\Microsoft\Microsoft.NET.Build.Extensions\net461\lib\Microsoft.Win32.Primitives.dll" /reference:"C:\Program Files (x86)\Reference Assemblies\Microsoft\Framework\.NETFramework\v4.7\mscorlib.dll" /reference:"C:\Program Files\Microsoft Visual Studio\18\Community\MSBuild\Microsoft\Microsoft.NET.Build.Extensions\net461\lib\netfx.force.conflicts.dll" /reference:"C:\Program Files\Microsoft Visual Studio\18\Community\MSBuild\Microsoft\Microsoft.NET.Build.Extensions\net461\lib\netstandard.dll" /reference:"C:\Program Files\Microsoft Visual Studio\18\Community\MSBuild\Microsoft\Microsoft.NET.Build.Extensions\net461\lib\System.AppContext.dll" /reference:C:\Users\ratho\OneDrive\Plocha\work_2026\FASK_2026\0x_Zdrojove_Kody\Konzola\packages\System.Buffers.4.4.0\lib\netstandard2.0\System.Buffers.dll /reference:"C:\Program Files\Microsoft Visual Studio\18\Community\MSBuild\Microsoft\Microsoft.NET.Build.Extensions\net461\lib\System.Collections.Concurrent.dll" /reference:"C:\Program Files\Microsoft Visual Studio\18\Community\MSBuild\Microsoft\Microsoft.NET.Build.Extensions\net461\lib\System.Collections.dll" /reference:"C:\Program Files\Microsoft Visual Studio\18\Community\MSBuild\Microsoft\Microsoft.NET.Build.Extensions\net461\lib\System.Collections.NonGeneric.dll" /reference:"C:\Program Files\Microsoft Visual Studio\18\Community\MSBuild\Microsoft\Microsoft.NET.Build.Extensions\net461\lib\System.Collections.Specialized.dll" /reference:"C:\Program Files (x86)\Reference Assemblies\Microsoft\Framework\.NETFramework\v4.7\System.ComponentModel.DataAnnotations.dll" /reference:"C:\Program Files\Microsoft Visual Studio\18\Community\MSBuild\Microsoft\Microsoft.NET.Build.Extensions\net461\lib\System.ComponentModel.dll" /reference:"C:\Program Files\Microsoft Visual Studio\18\Community\MSBuild\Microsoft\Microsoft.NET.Build.Extensions\net461\lib\System.ComponentModel.EventBasedAsync.dll" /reference:"C:\Program Files\Microsoft Visual Studio\18\Community\MSBuild\Microsoft\Microsoft.NET.Build.Extensions\net461\lib\System.ComponentModel.Primitives.dll" /reference:"C:\Program Files\Microsoft Visual Studio\18\Community\MSBuild\Microsoft\Microsoft.NET.Build.Extensions\net461\lib\System.ComponentModel.TypeConverter.dll" /reference:"C:\Program Files\Microsoft Visual Studio\18\Community\MSBuild\Microsoft\Microsoft.NET.Build.Extensions\net461\lib\System.Console.dll" /reference:"C:\Program Files (x86)\Reference Assemblies\Microsoft\Framework\.NETFramework\v4.7\System.Core.dll" /reference:"C:\Program Files\Microsoft Visual Studio\18\Community\MSBuild\Microsoft\Microsoft.NET.Build.Extensions\net461\lib\System.Data.Common.dll" /reference:"C:\Program Files (x86)\Reference Assemblies\Microsoft\Framework\.NETFramework\v4.7\System.Data.DataSetExtensions.dll" /reference:"C:\Program Files (x86)\Reference Assemblies\Microsoft\Framework\.NETFramework\v4.7\System.Data.dll" /reference:"C:\Program Files\Microsoft Visual Studio\18\Community\MSBuild\Microsoft\Microsoft.NET.Build.Extensions\net461\lib\System.Diagnostics.Contracts.dll" /reference:"C:\Program Files\Microsoft Visual Studio\18\Community\MSBuild\Microsoft\Microsoft.NET.Build.Extensions\net461\lib\System.Diagnostics.Debug.dll" /reference:"C:\Program Files\Microsoft Visual Studio\18\Community\MSBuild\Microsoft\Microsoft.NET.Build.Extensions\net461\lib\System.Diagnostics.FileVersionInfo.dll" /reference:"C:\Program Files\Microsoft Visual Studio\18\Community\MSBuild\Microsoft\Microsoft.NET.Build.Extensions\net461\lib\System.Diagnostics.Process.dll" /reference:"C:\Program Files\Microsoft Visual Studio\18\Community\MSBuild\Microsoft\Microsoft.NET.Build.Extensions\net461\lib\System.Diagnostics.StackTrace.dll" /reference:"C:\Program Files\Microsoft Visual Studio\18\Community\MSBuild\Microsoft\Microsoft.NET.Build.Extensions\net461\lib\System.Diagnostics.TextWriterTraceListener.dll" /reference:"C:\Program Files\Microsoft Visual Studio\18\Community\MSBuild\Microsoft\Microsoft.NET.Build.Extensions\net461\lib\System.Diagnostics.Tools.dll" /reference:"C:\Program Files\Microsoft Visual Studio\18\Community\MSBuild\Microsoft\Microsoft.NET.Build.Extensions\net461\lib\System.Diagnostics.TraceSource.dll" /reference:"C:\Program Files\Microsoft Visual Studio\18\Community\MSBuild\Microsoft\Microsoft.NET.Build.Extensions\net461\lib\System.Diagnostics.Tracing.dll" /reference:"C:\Program Files (x86)\Reference Assemblies\Microsoft\Framework\.NETFramework\v4.7\System.dll" /reference:"C:\Program Files\Microsoft Visual Studio\18\Community\MSBuild\Microsoft\Microsoft.NET.Build.Extensions\net461\lib\System.Drawing.Primitives.dll" /reference:"C:\Program Files\Microsoft Visual Studio\18\Community\MSBuild\Microsoft\Microsoft.NET.Build.Extensions\net461\lib\System.Dynamic.Runtime.dll" /reference:"C:\Program Files\Microsoft Visual Studio\18\Community\MSBuild\Microsoft\Microsoft.NET.Build.Extensions\net461\lib\System.Globalization.Calendars.dll" /reference:"C:\Program Files\Microsoft Visual Studio\18\Community\MSBuild\Microsoft\Microsoft.NET.Build.Extensions\net461\lib\System.Globalization.dll" /reference:"C:\Program Files\Microsoft Visual Studio\18\Community\MSBuild\Microsoft\Microsoft.NET.Build.Extensions\net461\lib\System.Globalization.Extensions.dll" /reference:"C:\Program Files\Microsoft Visual Studio\18\Community\MSBuild\Microsoft\Microsoft.NET.Build.Extensions\net461\lib\System.IO.Compression.dll" /reference:"C:\Program Files\Microsoft Visual Studio\18\Community\MSBuild\Microsoft\Microsoft.NET.Build.Extensions\net461\lib\System.IO.Compression.ZipFile.dll" /reference:"C:\Program Files\Microsoft Visual Studio\18\Community\MSBuild\Microsoft\Microsoft.NET.Build.Extensions\net461\lib\System.IO.dll" /reference:"C:\Program Files\Microsoft Visual Studio\18\Community\MSBuild\Microsoft\Microsoft.NET.Build.Extensions\net461\lib\System.IO.FileSystem.dll" /reference:"C:\Program Files\Microsoft Visual Studio\18\Community\MSBuild\Microsoft\Microsoft.NET.Build.Extensions\net461\lib\System.IO.FileSystem.DriveInfo.dll" /reference:"C:\Program Files\Microsoft Visual Studio\18\Community\MSBuild\Microsoft\Microsoft.NET.Build.Extensions\net461\lib\System.IO.FileSystem.Primitives.dll" /reference:"C:\Program Files\Microsoft Visual Studio\18\Community\MSBuild\Microsoft\Microsoft.NET.Build.Extensions\net461\lib\System.IO.FileSystem.Watcher.dll" /reference:"C:\Program Files\Microsoft Visual Studio\18\Community\MSBuild\Microsoft\Microsoft.NET.Build.Extensions\net461\lib\System.IO.IsolatedStorage.dll" /reference:"C:\Program Files\Microsoft Visual Studio\18\Community\MSBuild\Microsoft\Microsoft.NET.Build.Extensions\net461\lib\System.IO.MemoryMappedFiles.dll" /reference:"C:\Program Files\Microsoft Visual Studio\18\Community\MSBuild\Microsoft\Microsoft.NET.Build.Extensions\net461\lib\System.IO.Pipes.dll" /reference:"C:\Program Files\Microsoft Visual Studio\18\Community\MSBuild\Microsoft\Microsoft.NET.Build.Extensions\net461\lib\System.IO.UnmanagedMemoryStream.dll" /reference:"C:\Program Files\Microsoft Visual Studio\18\Community\MSBuild\Microsoft\Microsoft.NET.Build.Extensions\net461\lib\System.Linq.dll" /reference:"C:\Program Files\Microsoft Visual Studio\18\Community\MSBuild\Microsoft\Microsoft.NET.Build.Extensions\net461\lib\System.Linq.Expressions.dll" /reference:"C:\Program Files\Microsoft Visual Studio\18\Community\MSBuild\Microsoft\Microsoft.NET.Build.Extensions\net461\lib\System.Linq.Parallel.dll" /reference:"C:\Program Files\Microsoft Visual Studio\18\Community\MSBuild\Microsoft\Microsoft.NET.Build.Extensions\net461\lib\System.Linq.Queryable.dll" /reference:C:\Users\ratho\OneDrive\Plocha\work_2026\FASK_2026\0x_Zdrojove_Kody\Konzola\packages\System.Memory.4.5.0\lib\netstandard2.0\System.Memory.dll /reference:"C:\Program Files (x86)\Reference Assemblies\Microsoft\Framework\.NETFramework\v4.7\System.Net.dll" /reference:"C:\Program Files\Microsoft Visual Studio\18\Community\MSBuild\Microsoft\Microsoft.NET.Build.Extensions\net461\lib\System.Net.Http.dll" /reference:"C:\Program Files\Microsoft Visual Studio\18\Community\MSBuild\Microsoft\Microsoft.NET.Build.Extensions\net461\lib\System.Net.NameResolution.dll" /reference:"C:\Program Files\Microsoft Visual Studio\18\Community\MSBuild\Microsoft\Microsoft.NET.Build.Extensions\net461\lib\System.Net.NetworkInformation.dll" /reference:"C:\Program Files\Microsoft Visual Studio\18\Community\MSBuild\Microsoft\Microsoft.NET.Build.Extensions\net461\lib\System.Net.Ping.dll" /reference:"C:\Program Files\Microsoft Visual Studio\18\Community\MSBuild\Microsoft\Microsoft.NET.Build.Extensions\net461\lib\System.Net.Primitives.dll" /reference:"C:\Program Files\Microsoft Visual Studio\18\Community\MSBuild\Microsoft\Microsoft.NET.Build.Extensions\net461\lib\System.Net.Requests.dll" /reference:"C:\Program Files\Microsoft Visual Studio\18\Community\MSBuild\Microsoft\Microsoft.NET.Build.Extensions\net461\lib\System.Net.Security.dll" /reference:"C:\Program Files\Microsoft Visual Studio\18\Community\MSBuild\Microsoft\Microsoft.NET.Build.Extensions\net461\lib\System.Net.Sockets.dll" /reference:"C:\Program Files\Microsoft Visual Studio\18\Community\MSBuild\Microsoft\Microsoft.NET.Build.Extensions\net461\lib\System.Net.WebHeaderCollection.dll" /reference:"C:\Program Files\Microsoft Visual Studio\18\Community\MSBuild\Microsoft\Microsoft.NET.Build.Extensions\net461\lib\System.Net.WebSockets.Client.dll" /reference:"C:\Program Files\Microsoft Visual Studio\18\Community\MSBuild\Microsoft\Microsoft.NET.Build.Extensions\net461\lib\System.Net.WebSockets.dll" /reference:"C:\Program Files (x86)\Reference Assemblies\Microsoft\Framework\.NETFramework\v4.7\System.Numerics.dll" /reference:C:\Users\ratho\OneDrive\Plocha\work_2026\FASK_2026\0x_Zdrojove_Kody\Konzola\packages\System.Numerics.Vectors.4.4.0\lib\net46\System.Numerics.Vectors.dll /reference:"C:\Program Files\Microsoft Visual Studio\18\Community\MSBuild\Microsoft\Microsoft.NET.Build.Extensions\net461\lib\System.ObjectModel.dll" /reference:"C:\Program Files\Microsoft Visual Studio\18\Community\MSBuild\Microsoft\Microsoft.NET.Build.Extensions\net461\lib\System.Reflection.dll" /reference:"C:\Program Files\Microsoft Visual Studio\18\Community\MSBuild\Microsoft\Microsoft.NET.Build.Extensions\net461\lib\System.Reflection.Extensions.dll" /reference:"C:\Program Files\Microsoft Visual Studio\18\Community\MSBuild\Microsoft\Microsoft.NET.Build.Extensions\net461\lib\System.Reflection.Primitives.dll" /reference:"C:\Program Files\Microsoft Visual Studio\18\Community\MSBuild\Microsoft\Microsoft.NET.Build.Extensions\net461\lib\System.Resources.Reader.dll" /reference:"C:\Program Files\Microsoft Visual Studio\18\Community\MSBuild\Microsoft\Microsoft.NET.Build.Extensions\net461\lib\System.Resources.ResourceManager.dll" /reference:"C:\Program Files\Microsoft Visual Studio\18\Community\MSBuild\Microsoft\Microsoft.NET.Build.Extensions\net461\lib\System.Resources.Writer.dll" /reference:C:\Users\ratho\OneDrive\Plocha\work_2026\FASK_2026\0x_Zdrojove_Kody\Konzola\packages\System.Runtime.CompilerServices.Unsafe.4.5.3\lib\net461\System.Runtime.CompilerServices.Unsafe.dll /reference:"C:\Program Files\Microsoft Visual Studio\18\Community\MSBuild\Microsoft\Microsoft.NET.Build.Extensions\net461\lib\System.Runtime.CompilerServices.VisualC.dll" /reference:"C:\Program Files\Microsoft Visual Studio\18\Community\MSBuild\Microsoft\Microsoft.NET.Build.Extensions\net461\lib\System.Runtime.dll" /reference:"C:\Program Files\Microsoft Visual Studio\18\Community\MSBuild\Microsoft\Microsoft.NET.Build.Extensions\net461\lib\System.Runtime.Extensions.dll" /reference:"C:\Program Files\Microsoft Visual Studio\18\Community\MSBuild\Microsoft\Microsoft.NET.Build.Extensions\net461\lib\System.Runtime.Handles.dll" /reference:"C:\Program Files\Microsoft Visual Studio\18\Community\MSBuild\Microsoft\Microsoft.NET.Build.Extensions\net461\lib\System.Runtime.InteropServices.dll" /reference:"C:\Program Files\Microsoft Visual Studio\18\Community\MSBuild\Microsoft\Microsoft.NET.Build.Extensions\net47\lib\System.Runtime.InteropServices.RuntimeInformation.dll" /reference:"C:\Program Files\Microsoft Visual Studio\18\Community\MSBuild\Microsoft\Microsoft.NET.Build.Extensions\net461\lib\System.Runtime.Numerics.dll" /reference:"C:\Program Files\Microsoft Visual Studio\18\Community\MSBuild\Microsoft\Microsoft.NET.Build.Extensions\net461\lib\System.Runtime.Serialization.Formatters.dll" /reference:"C:\Program Files\Microsoft Visual Studio\18\Community\MSBuild\Microsoft\Microsoft.NET.Build.Extensions\net461\lib\System.Runtime.Serialization.Json.dll" /reference:"C:\Program Files\Microsoft Visual Studio\18\Community\MSBuild\Microsoft\Microsoft.NET.Build.Extensions\net461\lib\System.Runtime.Serialization.Primitives.dll" /reference:"C:\Program Files\Microsoft Visual Studio\18\Community\MSBuild\Microsoft\Microsoft.NET.Build.Extensions\net461\lib\System.Runtime.Serialization.Xml.dll" /reference:"C:\Program Files\Microsoft Visual Studio\18\Community\MSBuild\Microsoft\Microsoft.NET.Build.Extensions\net461\lib\System.Security.Claims.dll" /reference:"C:\Program Files\Microsoft Visual Studio\18\Community\MSBuild\Microsoft\Microsoft.NET.Build.Extensions\net47\lib\System.Security.Cryptography.Algorithms.dll" /reference:"C:\Program Files\Microsoft Visual Studio\18\Community\MSBuild\Microsoft\Microsoft.NET.Build.Extensions\net461\lib\System.Security.Cryptography.Csp.dll" /reference:"C:\Program Files\Microsoft Visual Studio\18\Community\MSBuild\Microsoft\Microsoft.NET.Build.Extensions\net461\lib\System.Security.Cryptography.Encoding.dll" /reference:"C:\Program Files\Microsoft Visual Studio\18\Community\MSBuild\Microsoft\Microsoft.NET.Build.Extensions\net461\lib\System.Security.Cryptography.Primitives.dll" /reference:"C:\Program Files\Microsoft Visual Studio\18\Community\MSBuild\Microsoft\Microsoft.NET.Build.Extensions\net461\lib\System.Security.Cryptography.X509Certificates.dll" /reference:"C:\Program Files\Microsoft Visual Studio\18\Community\MSBuild\Microsoft\Microsoft.NET.Build.Extensions\net461\lib\System.Security.Principal.dll" /reference:"C:\Program Files\Microsoft Visual Studio\18\Community\MSBuild\Microsoft\Microsoft.NET.Build.Extensions\net461\lib\System.Security.SecureString.dll" /reference:"C:\Program Files\Microsoft Visual Studio\18\Community\MSBuild\Microsoft\Microsoft.NET.Build.Extensions\net461\lib\System.Text.Encoding.dll" /reference:"C:\Program Files\Microsoft Visual Studio\18\Community\MSBuild\Microsoft\Microsoft.NET.Build.Extensions\net461\lib\System.Text.Encoding.Extensions.dll" /reference:"C:\Program Files\Microsoft Visual Studio\18\Community\MSBuild\Microsoft\Microsoft.NET.Build.Extensions\net461\lib\System.Text.RegularExpressions.dll" /reference:"C:\Program Files\Microsoft Visual Studio\18\Community\MSBuild\Microsoft\Microsoft.NET.Build.Extensions\net461\lib\System.Threading.dll" /reference:"C:\Program Files\Microsoft Visual Studio\18\Community\MSBuild\Microsoft\Microsoft.NET.Build.Extensions\net461\lib\System.Threading.Overlapped.dll" /reference:"C:\Program Files\Microsoft Visual Studio\18\Community\MSBuild\Microsoft\Microsoft.NET.Build.Extensions\net461\lib\System.Threading.Tasks.dll" /reference:C:\Users\ratho\OneDrive\Plocha\work_2026\FASK_2026\0x_Zdrojove_Kody\Konzola\packages\System.Threading.Tasks.Extensions.4.5.4\lib\net461\System.Threading.Tasks.Extensions.dll /reference:"C:\Program Files\Microsoft Visual Studio\18\Community\MSBuild\Microsoft\Microsoft.NET.Build.Extensions\net461\lib\System.Threading.Tasks.Parallel.dll" /reference:"C:\Program Files\Microsoft Visual Studio\18\Community\MSBuild\Microsoft\Microsoft.NET.Build.Extensions\net461\lib\System.Threading.Thread.dll" /reference:"C:\Program Files\Microsoft Visual Studio\18\Community\MSBuild\Microsoft\Microsoft.NET.Build.Extensions\net461\lib\System.Threading.ThreadPool.dll" /reference:"C:\Program Files\Microsoft Visual Studio\18\Community\MSBuild\Microsoft\Microsoft.NET.Build.Extensions\net461\lib\System.Threading.Timer.dll" /reference:"C:\Program Files\Microsoft Visual Studio\18\Community\MSBuild\Microsoft\Microsoft.NET.Build.Extensions\net47\lib\System.ValueTuple.dll" /reference:"C:\Program Files (x86)\Reference Assemblies\Microsoft\Framework\.NETFramework\v4.7\System.Web.dll" /reference:"C:\Program Files (x86)\Reference Assemblies\Microsoft\Framework\.NETFramework\v4.7\System.Windows.Forms.dll" /reference:"C:\Program Files (x86)\Reference Assemblies\Microsoft\Framework\.NETFramework\v4.7\System.Xml.dll" /reference:"C:\Program Files (x86)\Reference Assemblies\Microsoft\Framework\.NETFramework\v4.7\System.Xml.Linq.dll" /reference:"C:\Program Files\Microsoft Visual Studio\18\Community\MSBuild\Microsoft\Microsoft.NET.Build.Extensions\net461\lib\System.Xml.ReaderWriter.dll" /reference:"C:\Program Files\Microsoft Visual Studio\18\Community\MSBuild\Microsoft\Microsoft.NET.Build.Extensions\net461\lib\System.Xml.XDocument.dll" /reference:"C:\Program Files\Microsoft Visual Studio\18\Community\MSBuild\Microsoft\Microsoft.NET.Build.Extensions\net461\lib\System.Xml.XmlDocument.dll" /reference:"C:\Program Files\Microsoft Visual Studio\18\Community\MSBuild\Microsoft\Microsoft.NET.Build.Extensions\net461\lib\System.Xml.XmlSerializer.dll" /reference:"C:\Program Files\Microsoft Visual Studio\18\Community\MSBuild\Microsoft\Microsoft.NET.Build.Extensions\net461\lib\System.Xml.XPath.dll" /reference:"C:\Program Files\Microsoft Visual Studio\18\Community\MSBuild\Microsoft\Microsoft.NET.Build.Extensions\net461\lib\System.Xml.XPath.XDocument.dll" /reference:"C:\Program Files (x86)\Reference Assemblies\Microsoft\Framework\.NETFramework\v4.7\Facades\System.ComponentModel.Annotations.dll" /reference:"C:\Program Files (x86)\Reference Assemblies\Microsoft\Framework\.NETFramework\v4.7\Facades\System.Reflection.Emit.dll" /reference:"C:\Program Files (x86)\Reference Assemblies\Microsoft\Framework\.NETFramework\v4.7\Facades\System.Reflection.Emit.ILGeneration.dll" /reference:"C:\Program Files (x86)\Reference Assemblies\Microsoft\Framework\.NETFramework\v4.7\Facades\System.Reflection.Emit.Lightweight.dll" /reference:"C:\Program Files (x86)\Reference Assemblies\Microsoft\Framework\.NETFramework\v4.7\Facades\System.Runtime.InteropServices.WindowsRuntime.dll" /reference:"C:\Program Files (x86)\Reference Assemblies\Microsoft\Framework\.NETFramework\v4.7\Facades\System.ServiceModel.Duplex.dll" /reference:"C:\Program Files (x86)\Reference Assemblies\Microsoft\Framework\.NETFramework\v4.7\Facades\System.ServiceModel.Http.dll" /reference:"C:\Program Files (x86)\Reference Assemblies\Microsoft\Framework\.NETFramework\v4.7\Facades\System.ServiceModel.NetTcp.dll" /reference:"C:\Program Files (x86)\Reference Assemblies\Microsoft\Framework\.NETFramework\v4.7\Facades\System.ServiceModel.Primitives.dll" /reference:"C:\Program Files (x86)\Reference Assemblies\Microsoft\Framework\.NETFramework\v4.7\Facades\System.ServiceModel.Security.dll" /debug+ /debug:full /filealign:512 /optimize- /out:obj\Debug\Fask.Console.Interfaces.dll /subsystemversion:6.00 /target:library /utf8output /langversion:7.3 ..\..\_SdileneTridy_\Interface\Ciselniky\ILokace2\ILokace2.cs ..\..\_SdileneTridy_\Interface\Ciselniky\ILokace2\ILokace2_Fill.cs ..\..\_SdileneTridy_\Interface\Ciselniky\IOdberatele2\IOdberatele2.cs ..\..\_SdileneTridy_\Interface\Ciselniky\IOdberatele2\IOdberatele2_DeleteOdberatel.cs ..\..\_SdileneTridy_\Interface\Ciselniky\IOdberatele2\IOdberatele2_GetFiltrovaneOdberatele.cs ..\..\_SdileneTridy_\Interface\Ciselniky\IOdberatele2\IOdberatele2_GetOdberatelByID.cs ..\..\_SdileneTridy_\Interface\Ciselniky\IOdberatele2\IOdberatele2_GetOdberatele.cs ..\..\_SdileneTridy_\Interface\Ciselniky\IOdberatele2\IOdberatele2_ImportOdberatel.cs ..\..\_SdileneTridy_\Interface\Ciselniky\IOdberatele2\IOdberatele2_InsertOdberatel.cs ..\..\_SdileneTridy_\Interface\Ciselniky\IOdberatele2\IOdberatele2_UpdateOdberatel.cs ..\..\_SdileneTridy_\Interface\Ciselniky\IPracovnici2\IPracovnici2.cs ..\..\_SdileneTridy_\Interface\Ciselniky\IPracovnici2\IPracovnici2_DeletePracovnici.cs ..\..\_SdileneTridy_\Interface\Ciselniky\IPracovnici2\IPracovnici2_GetFiltrovanePracovniky.cs ..\..\_SdileneTridy_\Interface\Ciselniky\IPracovnici2\IPracovnici2_GetPracovnici.cs ..\..\_SdileneTridy_\Interface\Ciselniky\IPracovnici2\IPracovnici2_GetPracovnikByID.cs ..\..\_SdileneTridy_\Interface\Ciselniky\IPracovnici2\IPracovnici2_ImportPracovnici.cs ..\..\_SdileneTridy_\Interface\Ciselniky\IPracovnici2\IPracovnici2_InsertPracovnici.cs ..\..\_SdileneTridy_\Interface\Ciselniky\IPracovnici2\IPracovnici2_SynchronizacePracovniciAD.cs ..\..\_SdileneTridy_\Interface\Ciselniky\IPracovnici2\IPracovnici2_UpdatePracovnici.cs ..\..\_SdileneTridy_\Interface\Ciselniky\IRady2\IRady2.cs ..\..\_SdileneTridy_\Interface\Ciselniky\IRady2\IRady2_Detete.cs ..\..\_SdileneTridy_\Interface\Ciselniky\IRady2\IRady2_GetFiltrovaneData.cs ..\..\_SdileneTridy_\Interface\Ciselniky\IRady2\IRady2_Insert.cs ..\..\_SdileneTridy_\Interface\Ciselniky\IRady2\IRady2_Update.cs ..\..\_SdileneTridy_\Interface\Ciselniky\ISkladLokace_LokaceTypy2\ISkladLokace_LokaceTypy2.cs ..\..\_SdileneTridy_\Interface\Ciselniky\ISkladLokace_LokaceTypy2\ISkladLokace_LokaceTypy2_DeleteSkladLokace_LokaceTypy.cs ..\..\_SdileneTridy_\Interface\Ciselniky\ISkladLokace_LokaceTypy2\ISkladLokace_LokaceTypy2_GetFiltrovaneSkladLokace_LokaceTypy.cs ..\..\_SdileneTridy_\Interface\Ciselniky\ISkladLokace_LokaceTypy2\ISkladLokace_LokaceTypy2_GetSkladLokace_LokaceTypy.cs ..\..\_SdileneTridy_\Interface\Ciselniky\ISkladLokace_LokaceTypy2\ISkladLokace_LokaceTypy2_GetSkladLokace_LokaceTypyByType.cs ..\..\_SdileneTridy_\Interface\Ciselniky\ISkladLokace_LokaceTypy2\ISkladLokace_LokaceTypy2_InsertSkladLokace_LokaceTypy.cs ..\..\_SdileneTridy_\Interface\Ciselniky\ISkladLokace_LokaceTypy2\ISkladLokace_LokaceTypy2_UpdateSkladLokace_LokaceTypy.cs ..\..\_SdileneTridy_\Interface\Ciselniky\ISkladLokace_LVS2\ISkladLokace_LVS2.cs ..\..\_SdileneTridy_\Interface\Ciselniky\ISkladLokace_LVS2\ISkladLokace_LVS2_DeleteSkladLokace_LokaceVariantySortiment.cs ..\..\_SdileneTridy_\Interface\Ciselniky\ISkladLokace_LVS2\ISkladLokace_LVS2_GetFiltrovanySkladLokace_LokaceVariantySortiment.cs ..\..\_SdileneTridy_\Interface\Ciselniky\ISkladLokace_LVS2\ISkladLokace_LVS2_GetSkladLokace_LokaceVariantySortiment.cs ..\..\_SdileneTridy_\Interface\Ciselniky\ISkladLokace_LVS2\ISkladLokace_LVS2_GetSkladLokace_LokaceVariantySortimentBySklidLocncodeItemnmbr.cs ..\..\_SdileneTridy_\Interface\Ciselniky\ISkladLokace_LVS2\ISkladLokace_LVS2_InsertSkladLokace_LokaceVariantySortiment.cs ..\..\_SdileneTridy_\Interface\Ciselniky\ISkladLokace_LVS2\ISkladLokace_LVS2_InsertSkladLokace_LokaceVariantySortiment_Row.cs ..\..\_SdileneTridy_\Interface\Ciselniky\ISkladLokace_LVS2\ISkladLokace_LVS2_UpdateSkladLokace_LokaceVariantySortiment.cs ..\..\_SdileneTridy_\Interface\Ciselniky\ISkladLokace_Mapa2\ISkladLokace_Mapa2.cs ..\..\_SdileneTridy_\Interface\Ciselniky\ISkladLokace_Mapa2\ISkladLokace_Mapa2_DeleteSkladLokace_Mapa.cs ..\..\_SdileneTridy_\Interface\Ciselniky\ISkladLokace_Mapa2\ISkladLokace_Mapa2_GenerovatLokace_SkladLokace_Mapa.cs ..\..\_SdileneTridy_\Interface\Ciselniky\ISkladLokace_Mapa2\ISkladLokace_Mapa2_GetFiltrovaneSkladLokace_Mapa.cs ..\..\_SdileneTridy_\Interface\Ciselniky\ISkladLokace_Mapa2\ISkladLokace_Mapa2_GetSkladLokace_Mapa.cs ..\..\_SdileneTridy_\Interface\Ciselniky\ISkladLokace_Mapa2\ISkladLokace_Mapa2_GetSkladLokace_MapaBySklIDAndLocncode.cs ..\..\_SdileneTridy_\Interface\Ciselniky\ISkladLokace_Mapa2\ISkladLokace_Mapa2_InsertSkladLokace_Mapa.cs ..\..\_SdileneTridy_\Interface\Ciselniky\ISkladLokace_Mapa2\ISkladLokace_Mapa2_UpdateSkladLokace_Mapa.cs ..\..\_SdileneTridy_\Interface\Ciselniky\ISklady2\ISklady2.cs ..\..\_SdileneTridy_\Interface\Ciselniky\ISklady2\ISklady2_DeleteSklad.cs ..\..\_SdileneTridy_\Interface\Ciselniky\ISklady2\ISklady2_GetFiltrovaneSklady.cs ..\..\_SdileneTridy_\Interface\Ciselniky\ISklady2\ISklady2_GetSkladByID.cs ..\..\_SdileneTridy_\Interface\Ciselniky\ISklady2\ISklady2_GetSklady.cs ..\..\_SdileneTridy_\Interface\Ciselniky\ISklady2\ISklady2_ImportSklad.cs ..\..\_SdileneTridy_\Interface\Ciselniky\ISklady2\ISklady2_InsertSklad.cs ..\..\_SdileneTridy_\Interface\Ciselniky\ISklady2\ISklady2_UpdateSklad.cs ..\..\_SdileneTridy_\Interface\Ciselniky\ISklady2\ISklady2_Vyroba_Fill.cs ..\..\_SdileneTridy_\Interface\Ciselniky\IStrediska2\IStrediska2.cs ..\..\_SdileneTridy_\Interface\Ciselniky\IStrediska2\IStrediska2_DeleteStredisko.cs ..\..\_SdileneTridy_\Interface\Ciselniky\IStrediska2\IStrediska2_GetFiltrovaneStrediska.cs ..\..\_SdileneTridy_\Interface\Ciselniky\IStrediska2\IStrediska2_GetStrediska.cs ..\..\_SdileneTridy_\Interface\Ciselniky\IStrediska2\IStrediska2_GetStrediskoByID.cs ..\..\_SdileneTridy_\Interface\Ciselniky\IStrediska2\IStrediska2_ImportStrediska.cs ..\..\_SdileneTridy_\Interface\Ciselniky\IStrediska2\IStrediska2_InsertStredisko.cs ..\..\_SdileneTridy_\Interface\Ciselniky\IStrediska2\IStrediska2_UpdateStredisko.cs ..\..\_SdileneTridy_\Interface\Ciselniky\ITypyDokladu2\ITypyDokladu2.cs ..\..\_SdileneTridy_\Interface\Ciselniky\ITypyDokladu2\ITypyDokladu2_Delete.cs ..\..\_SdileneTridy_\Interface\Ciselniky\ITypyDokladu2\ITypyDokladu2_GetFiltrovaneData.cs ..\..\_SdileneTridy_\Interface\Ciselniky\ITypyDokladu2\ITypyDokladu2_Insert.cs ..\..\_SdileneTridy_\Interface\Ciselniky\ITypyDokladu2\ITypyDokladu2_Update.cs ..\..\_SdileneTridy_\Interface\Ciselniky\IZbozi2\IZbozi2.cs ..\..\_SdileneTridy_\Interface\Ciselniky\IZbozi2\IZbozi2_DeleteZbozi.cs ..\..\_SdileneTridy_\Interface\Ciselniky\IZbozi2\IZbozi2_ExportKatalogZasoby_Procedura.cs ..\..\_SdileneTridy_\Interface\Ciselniky\IZbozi2\IZbozi2_GetFiltrovaneZbozi.cs ..\..\_SdileneTridy_\Interface\Ciselniky\IZbozi2\IZbozi2_GetParametry.cs ..\..\_SdileneTridy_\Interface\Ciselniky\IZbozi2\IZbozi2_GetParametrybyID.cs ..\..\_SdileneTridy_\Interface\Ciselniky\IZbozi2\IZbozi2_GetZbozi.cs ..\..\_SdileneTridy_\Interface\Ciselniky\IZbozi2\IZbozi2_GetZboziByID.cs ..\..\_SdileneTridy_\Interface\Ciselniky\IZbozi2\IZbozi2_ImportZbozi.cs ..\..\_SdileneTridy_\Interface\Ciselniky\IZbozi2\IZbozi2_InsertZbozi.cs ..\..\_SdileneTridy_\Interface\Ciselniky\IZbozi2\IZbozi2_InsertZboziParams.cs ..\..\_SdileneTridy_\Interface\Ciselniky\IZbozi2\IZbozi2_UpdateParametry.cs ..\..\_SdileneTridy_\Interface\Ciselniky\IZbozi2\IZbozi2_UpdateZbozi.cs ..\..\_SdileneTridy_\Interface\Ciselniky\IZbozi2\IZbozi2_UpdateZboziParams.cs ..\..\_SdileneTridy_\Interface\Classes\Enums.cs ..\..\_SdileneTridy_\Interface\Classes\GenerovaniLokaci.cs ..\..\_SdileneTridy_\Interface\Classes\GenerovaniSN.cs ..\..\_SdileneTridy_\Interface\Classes\Parametry.cs ..\..\_SdileneTridy_\Interface\Classes\StatusInfo_Dispo.cs ..\..\_SdileneTridy_\Interface\Classes\TimeFilters.cs ..\..\_SdileneTridy_\Interface\Extension\CZMST093_Extension.cs ..\..\_SdileneTridy_\Interface\Extension\FaskEvents_Extensions.cs ..\..\_SdileneTridy_\Interface\Extension\FASK_Events_Extension.cs ..\..\_SdileneTridy_\Interface\Extension\Fask_Zasoby_All_Extension.cs ..\..\_SdileneTridy_\Interface\Extension\Fask_Zasoby_Extension.cs ..\..\_SdileneTridy_\Interface\Extension\Fask_Zasoby_Parametry_Extension.cs ..\..\_SdileneTridy_\Interface\Filtry\AdresarListFiltr.cs ..\..\_SdileneTridy_\Interface\Filtry\CiselnikModuly_MachinesDefinitionFiltr.cs ..\..\_SdileneTridy_\Interface\Filtry\ExpediceFormDodaciListyListFiltr.cs ..\..\_SdileneTridy_\Interface\Filtry\FilterBase.cs ..\..\_SdileneTridy_\Interface\Filtry\Import_SKzNC_ListFiltr.cs ..\..\_SdileneTridy_\Interface\Filtry\InventuraCompare.cs ..\..\_SdileneTridy_\Interface\Filtry\InventuraNasnimaneListFiltr.cs ..\..\_SdileneTridy_\Interface\Filtry\InventuraPredlohaListFiltr.cs ..\..\_SdileneTridy_\Interface\Filtry\Inv_PredlohaListFiltr.cs ..\..\_SdileneTridy_\Interface\Filtry\LokaceTypyListFiltr.cs ..\..\_SdileneTridy_\Interface\Filtry\LokaceVariantySortimentListFiltr.cs ..\..\_SdileneTridy_\Interface\Filtry\Odvod_EventsErrListFiltr.cs ..\..\_SdileneTridy_\Interface\Filtry\Odvod_EventsListFiltr.cs ..\..\_SdileneTridy_\Interface\Filtry\Odvod_MachineStateSetListFiltr.cs ..\..\_SdileneTridy_\Interface\Filtry\Odvod_TiskoveSablony.cs ..\..\_SdileneTridy_\Interface\Filtry\PohybyISListFiltr.cs ..\..\_SdileneTridy_\Interface\Filtry\PotrebaMaterialu_Filtr.cs ..\..\_SdileneTridy_\Interface\Filtry\PracovniciListFiltr.cs ..\..\_SdileneTridy_\Interface\Filtry\PrijemDavkyFiltr.cs ..\..\_SdileneTridy_\Interface\Filtry\PrijemNasnimaneFiltr.cs ..\..\_SdileneTridy_\Interface\Filtry\ProdejFiltr.cs ..\..\_SdileneTridy_\Interface\Filtry\ProductionListFiltr.cs ..\..\_SdileneTridy_\Interface\Filtry\ProductionSourcesListFiltr.cs ..\..\_SdileneTridy_\Interface\Filtry\Production_SNListFiltr.cs ..\..\_SdileneTridy_\Interface\Filtry\RadyListFiltr.cs ..\..\_SdileneTridy_\Interface\Filtry\ReportSestavaFiltr.cs ..\..\_SdileneTridy_\Interface\Filtry\SkladLokaceCompareToISFiltr.cs ..\..\_SdileneTridy_\Interface\Filtry\SkladLokaceMapaListFiltr.cs ..\..\_SdileneTridy_\Interface\Filtry\SkladLokaceStavListFiltr.cs ..\..\_SdileneTridy_\Interface\Filtry\SkladPohybListFiltr.cs ..\..\_SdileneTridy_\Interface\Filtry\SkladyListFiltr.cs ..\..\_SdileneTridy_\Interface\Filtry\StavSkladuHistorieFiltr.cs ..\..\_SdileneTridy_\Interface\Filtry\StavSkladuListFiltr.cs ..\..\_SdileneTridy_\Interface\Filtry\StrediskaListFiltr.cs ..\..\_SdileneTridy_\Interface\Filtry\TypDokladuList.cs ..\..\_SdileneTridy_\Interface\Filtry\UzivateleListFiltr.cs ..\..\_SdileneTridy_\Interface\Filtry\VazbyMaterialyFiltr.cs ..\..\_SdileneTridy_\Interface\Filtry\VazbyModifikace_TP.cs ..\..\_SdileneTridy_\Interface\Filtry\Vazby_P_PS_Filtr.cs ..\..\_SdileneTridy_\Interface\Filtry\VydejDavkyFiltr.cs ..\..\_SdileneTridy_\Interface\Filtry\VydejHlavickyFiltr.cs ..\..\_SdileneTridy_\Interface\Filtry\VydejNasnimaneFiltr.cs ..\..\_SdileneTridy_\Interface\Filtry\Vyroba_KapPla_MatProVyr_Filtr.cs ..\..\_SdileneTridy_\Interface\Filtry\Vyroba_PV_Filtr.cs ..\..\_SdileneTridy_\Interface\Filtry\Vyroba_PV_Zap_Filtr.cs ..\..\_SdileneTridy_\Interface\Filtry\Vyroba_VPH_Filtr.cs ..\..\_SdileneTridy_\Interface\Filtry\Vyroba_VPP_Filtr.cs ..\..\_SdileneTridy_\Interface\Filtry\ZboziListFiltr.cs ..\..\_SdileneTridy_\Interface\Filtry\ZboziVyrobaListFiltr.cs ..\..\_SdileneTridy_\Interface\Filtry\ZdrojeListFiltr.cs ..\..\_SdileneTridy_\Interface\Filtry\ZdrojePohybListFiltr.cs ..\..\_SdileneTridy_\Interface\IMES.cs ..\..\_SdileneTridy_\Interface\IT_cast\IIT_cast.cs ..\..\_SdileneTridy_\Interface\IT_cast\IIT_cast_Events_Archivace.cs ..\..\_SdileneTridy_\Interface\IT_cast\IIT_cast_Production_Archivace.cs ..\..\_SdileneTridy_\Interface\Prodej\IProdej2.cs ..\..\_SdileneTridy_\Interface\Prodej\IProdej2_DeleteDI.cs ..\..\_SdileneTridy_\Interface\Prodej\IProdej2_ImportDavka.cs ..\..\_SdileneTridy_\Interface\Prodej\IProdej2_Prodej_GetFiltrovaneDavky.cs ..\..\_SdileneTridy_\Interface\Prodej\IProdej2_UpdateDI.cs ..\..\_SdileneTridy_\Interface\Prodej\IProdej2_UpdateDI_storno.cs ..\..\_SdileneTridy_\Interface\Terminal\ITerminal.cs ..\..\_SdileneTridy_\Interface\Terminal\ITerminal_DeleteFileTerminalKonfigurace_MESAndroid.cs ..\..\_SdileneTridy_\Interface\Terminal\ITerminal_GetTerminalAkt.cs ..\..\_SdileneTridy_\Interface\Terminal\ITerminal_GetTerminalAll.cs ..\..\_SdileneTridy_\Interface\Terminal\ITerminal_GetTerminalDefinition.cs ..\..\_SdileneTridy_\Interface\Terminal\ITerminal_GetTerminalKonfigurace_MESAndroid.cs "..\..\_SdileneTridy_\Interface\Terminal\ITerminal_GetTerminalKonfigurace_MESAndroid_Validace .cs" ..\..\_SdileneTridy_\Interface\Tisky\ITisk_TiskovaSablona.cs ..\..\_SdileneTridy_\Interface\Vyroba\Corrects\ICorrects.cs ..\..\_SdileneTridy_\Interface\Vyroba\Corrects\ICorrects_GetDataByID.cs ..\..\_SdileneTridy_\Interface\Vyroba\Groups\IGroups.cs ..\..\_SdileneTridy_\Interface\Vyroba\Groups\IGroups_FillGroups.cs ..\..\_SdileneTridy_\Interface\Vyroba\Groups\IGroups_GetDataByID.cs ..\..\_SdileneTridy_\Interface\Vyroba\Groups\IGroups_Insert.cs ..\..\_SdileneTridy_\Interface\Vyroba\Groups\IGroups_Update.cs ..\..\_SdileneTridy_\Interface\Vyroba\Groups\IGroups_Update_Row.cs ..\..\_SdileneTridy_\Interface\Vyroba\KapacitniPlanovani\IKapacitniPlanovani.cs ..\..\_SdileneTridy_\Interface\Vyroba\KapacitniPlanovani\IKapacitniPlanovani_GetMatProVyr.cs ..\..\_SdileneTridy_\Interface\Vyroba\KapacitniPlanovani\IKapacitniPlanovani_Get_Vypocet.cs ..\..\_SdileneTridy_\Interface\Vyroba\Machines\IMachines.cs ..\..\_SdileneTridy_\Interface\Vyroba\Machines\IMachines_Fill.cs ..\..\_SdileneTridy_\Interface\Vyroba\Machines\IMachines_GetDataByID.cs ..\..\_SdileneTridy_\Interface\Vyroba\Odvod_EventsErr\IOdvod_EventsErr.cs ..\..\_SdileneTridy_\Interface\Vyroba\Odvod_EventsErr\IOdvod_EventsErr_GetFiltrovanyOdvodEvents.cs ..\..\_SdileneTridy_\Interface\Vyroba\Odvod_Events\IOdvod_Events.cs ..\..\_SdileneTridy_\Interface\Vyroba\Odvod_Events\IOdvod_Events_CallProcedura.cs ..\..\_SdileneTridy_\Interface\Vyroba\Odvod_Events\IOdvod_Events_GetFiltrovanyOdvodEvents.cs ..\..\_SdileneTridy_\Interface\Vyroba\Odvod_Events\IOdvod_Events_GetMaterials.cs ..\..\_SdileneTridy_\Interface\Vyroba\Odvod_Events\IOdvod_Events_StornoEvent.cs ..\..\_SdileneTridy_\Interface\Vyroba\Odvod_Events\IOdvod_Events_StornoEvent_OnlineCheck.cs ..\..\_SdileneTridy_\Interface\Vyroba\Odvod_MachineStateSet\IOdvod_MachineStateSet.cs ..\..\_SdileneTridy_\Interface\Vyroba\Odvod_MachineStateSet\IOdvod_MachineStateSet_GetFiltrovanyOdvodMachineStateSet.cs ..\..\_SdileneTridy_\Interface\Vyroba\Odvod_MachineStateSet\Odvod_MachineStateSet_GetEnum_description.cs ..\..\_SdileneTridy_\Interface\Vyroba\Odvod_TiskoveSablony\IOdvod_TiskoveSablony.cs ..\..\_SdileneTridy_\Interface\Vyroba\Odvod_TiskoveSablony\IOdvod_TiskoveSablony_GetFiltrovanyOdvodTiskoveSablony.cs ..\..\_SdileneTridy_\Interface\Vyroba\Operations\IOperations.cs ..\..\_SdileneTridy_\Interface\Vyroba\Operations\IOperations_Fill.cs ..\..\_SdileneTridy_\Interface\Vyroba\Operations\IOperations_GetDataByID.cs ..\..\_SdileneTridy_\Interface\Vyroba\ProductionSources\IProductionSources.cs ..\..\_SdileneTridy_\Interface\Vyroba\ProductionSources\IProductionSources_GetDataSelectListImport.cs ..\..\_SdileneTridy_\Interface\Vyroba\ProductionSources\IProductionSources_GetFiltrovanyProductionSourcesList.cs ..\..\_SdileneTridy_\Interface\Vyroba\ProductionSources\IProductionSources_GetFiltrovanyVazby.cs ..\..\_SdileneTridy_\Interface\Vyroba\ProductionSources\IProductionSources_ImportVydejkaPohoda.cs ..\..\_SdileneTridy_\Interface\Vyroba\ProductionSources\IProductionSources_Update.cs ..\..\_SdileneTridy_\Interface\Vyroba\ProductionSources\IProductionSources_Update_Row.cs ..\..\_SdileneTridy_\Interface\Vyroba\Production\IProduction.cs ..\..\_SdileneTridy_\Interface\Vyroba\Production\IProduction_Delete_ISOK.cs ..\..\_SdileneTridy_\Interface\Vyroba\Production\IProduction_FillByCORRGUID.cs ..\..\_SdileneTridy_\Interface\Vyroba\Production\IProduction_FillBySOUBEHGUID.cs ..\..\_SdileneTridy_\Interface\Vyroba\Production\IProduction_GetDataByCORRGUID.cs ..\..\_SdileneTridy_\Interface\Vyroba\Production\IProduction_GetDataBySOUBEHGUID.cs ..\..\_SdileneTridy_\Interface\Vyroba\Production\IProduction_GetDataSelectListImport.cs ..\..\_SdileneTridy_\Interface\Vyroba\Production\IProduction_GetFiltrovanyProductionList.cs ..\..\_SdileneTridy_\Interface\Vyroba\Production\IProduction_GetFiltrovanyProductionVazby.cs ..\..\_SdileneTridy_\Interface\Vyroba\Production\IProduction_ImportPohoda_Zdroj_P_Vyroba.cs ..\..\_SdileneTridy_\Interface\Vyroba\Production\IProduction_ImportPrijemkaPohoda_Zdroj_P.cs ..\..\_SdileneTridy_\Interface\Vyroba\Production\IProduction_ImportPrijemkaPohoda_Zdroj_P_PS.cs ..\..\_SdileneTridy_\Interface\Vyroba\Production\IProduction_ImportPrijemkaPohoda_Zdroj_P_TP.cs ..\..\_SdileneTridy_\Interface\Vyroba\Production\IProduction_Update.cs ..\..\_SdileneTridy_\Interface\Vyroba\Production\IProduction_Update_Row.cs ..\..\_SdileneTridy_\Interface\Vyroba\Production_SN\IProduction_SN.cs ..\..\_SdileneTridy_\Interface\Vyroba\Production_SN\IProduction_SN_GetFiltrovanyProduction_SNList.cs ..\..\_SdileneTridy_\Interface\Vyroba\PV\IPV.cs ..\..\_SdileneTridy_\Interface\Vyroba\PV\IPV_Delete_PV.cs ..\..\_SdileneTridy_\Interface\Vyroba\PV\IPV_Edit_QTY_PV.cs ..\..\_SdileneTridy_\Interface\Vyroba\PV\IPV_Edit_RefPVH_in_PVP.cs ..\..\_SdileneTridy_\Interface\Vyroba\PV\IPV_Edit_Zaplanovane.cs ..\..\_SdileneTridy_\Interface\Vyroba\PV\IPV_FillByRefPVH.cs ..\..\_SdileneTridy_\Interface\Vyroba\PV\IPV_FillPVH.cs ..\..\_SdileneTridy_\Interface\Vyroba\PV\IPV_GetDEX_ROW_ID_from_PVH.cs ..\..\_SdileneTridy_\Interface\Vyroba\PV\IPV_GetFiltrovanyPVList.cs ..\..\_SdileneTridy_\Interface\Vyroba\PV\IPV_GetSKzInfo_PV.cs ..\..\_SdileneTridy_\Interface\Vyroba\PV\IPV_GetZaplanovani.cs ..\..\_SdileneTridy_\Interface\Vyroba\PV\IPV_Get_Zaplanovane.cs ..\..\_SdileneTridy_\Interface\Vyroba\PV\IPV_ImportPV.cs ..\..\_SdileneTridy_\Interface\Vyroba\PV\IPV_Insert_PV.cs ..\..\_SdileneTridy_\Interface\Vyroba\PV\IPV_Insert_PVH.cs ..\..\_SdileneTridy_\Interface\Vyroba\PV\IPV_Navrh_DeleteVariantu.cs ..\..\_SdileneTridy_\Interface\Vyroba\PV\IPV_Navrh_FillStav.cs ..\..\_SdileneTridy_\Interface\Vyroba\PV\IPV_Navrh_GetDetailStav.cs ..\..\_SdileneTridy_\Interface\Vyroba\PV\IPV_Navrh_GetRow_Parametry.cs ..\..\_SdileneTridy_\Interface\Vyroba\PV\IPV_Navrh_GetStav_ParamsNastaveni.cs ..\..\_SdileneTridy_\Interface\Vyroba\PV\IPV_Navrh_InitEmptyParams.cs ..\..\_SdileneTridy_\Interface\Vyroba\PV\IPV_Navrh_InsertParams.cs ..\..\_SdileneTridy_\Interface\Vyroba\PV\IPV_Navrh_InsertVariantu.cs ..\..\_SdileneTridy_\Interface\Vyroba\PV\IPV_Navrh_PARAMS_Disponibilita.cs ..\..\_SdileneTridy_\Interface\Vyroba\PV\IPV_Navrh_PARAMS_OnLine_FIFO_OBJ.cs ..\..\_SdileneTridy_\Interface\Vyroba\PV\IPV_Navrh_UpdateNaplanovane.cs ..\..\_SdileneTridy_\Interface\Vyroba\PV\IPV_Navrh_UpdateParams.cs ..\..\_SdileneTridy_\Interface\Vyroba\PV\IPV_Navrh_UpdateVariantu.cs ..\..\_SdileneTridy_\Interface\Vyroba\PV\IPV_Update_PV.cs ..\..\_SdileneTridy_\Interface\Vyroba\PV\IPV_Update_QTY_ByID_PV.cs ..\..\_SdileneTridy_\Interface\Vyroba\PV\IPV_Zaplanovani_PV.cs ..\..\_SdileneTridy_\Interface\Vyroba\VLoginsGroups\IVLoginsGroups.cs ..\..\_SdileneTridy_\Interface\Vyroba\VLoginsGroups\IVLoginsGroups_DeleteByGoupID.cs ..\..\_SdileneTridy_\Interface\Vyroba\VLoginsGroups\IVLoginsGroups_DeleteByLoginID.cs ..\..\_SdileneTridy_\Interface\Vyroba\VLoginsGroups\IVLoginsGroups_GetDataByLoginID.cs ..\..\_SdileneTridy_\Interface\Vyroba\VLoginsGroups\IVLoginsGroups_Insert.cs ..\..\_SdileneTridy_\Interface\Vyroba\VMachinesOperations\IVMachinesOperations.cs ..\..\_SdileneTridy_\Interface\Vyroba\VMachinesOperations\IVMachinesOperations_GetDataByMachineIDoperationID.cs ..\..\_SdileneTridy_\Interface\Vyroba\VPH\IVPH.cs ..\..\_SdileneTridy_\Interface\Vyroba\VPH\IVPH_Fill.cs ..\..\_SdileneTridy_\Interface\Vyroba\VPH\IVPH_GetDataByCountEntriesSOPNUMBE.cs ..\..\_SdileneTridy_\Interface\Vyroba\VPH\IVPH_GetFiltrovanyVPHList.cs ..\..\_SdileneTridy_\Interface\Vyroba\VPH\IVPH_GetPotrebaMaterialu.cs ..\..\_SdileneTridy_\Interface\Vyroba\VPH\IVPH_Insert.cs ..\..\_SdileneTridy_\Interface\Vyroba\VPH\IVPH_Update.cs ..\..\_SdileneTridy_\Interface\Vyroba\VPH\IVPH_Update_Row.cs ..\..\_SdileneTridy_\Interface\Vyroba\VPP\IVPP.cs ..\..\_SdileneTridy_\Interface\Vyroba\VPP\IVPP_DeleteByCountEntriesSOPNUMBE.cs ..\..\_SdileneTridy_\Interface\Vyroba\VPP\IVPP_Fill.cs ..\..\_SdileneTridy_\Interface\Vyroba\VPP\IVPP_FillByCountEntriesAndSOPNUMBE.cs ..\..\_SdileneTridy_\Interface\Vyroba\VPP\IVPP_GenerovatSN_CZPRO_VPP.cs ..\..\_SdileneTridy_\Interface\Vyroba\VPP\IVPP_GetDataByCountEntriesSOPNUMBEITEMNMBR.cs ..\..\_SdileneTridy_\Interface\Vyroba\VPP\IVPP_GetDataByCountEntriesSopnumbeItemnmbrBarcodeP.cs ..\..\_SdileneTridy_\Interface\Vyroba\VPP\IVPP_GetFiltrovanyVPPList.cs ..\..\_SdileneTridy_\Interface\Vyroba\VPP\IVPP_Insert.cs ..\..\_SdileneTridy_\Interface\Vyroba\VPP\IVPP_Update.cs ..\..\_SdileneTridy_\Interface\Vyroba\VPP\IVPP_Update_Row.cs ..\..\_SdileneTridy_\SQL\Common.cs ..\..\_SdileneTridy_\Tisk\MST_Print_Server_ZPL_Printing\TiskParams.cs ..\..\_SdileneTridy_\WEBAPI\API_BO\Tisk_Etiketa.cs ..\..\_SdileneTridy_\WEBAPI\API_BO\Vyroba.cs ..\..\_SdileneTridy_\WEBAPI\API_BO\Zbozi.cs ..\..\_SdileneTridy_\WEBAPI\TransformBO.cs API_BO\SkladLokaceCZMST094.cs API_BO\SkladLokaceMapa.cs API_BO\Sklady.cs API_BO\Strediska.cs API_BO\Odberatele.cs Ciselniky\ISkladLokace_CZMST094\ISkladLokace_CZMST094.cs Ciselniky\ISkladLokace_CZMST094\ISkladLokace_CZMST094_DeleteSkladLokace.cs Ciselniky\ISkladLokace_CZMST094\ISkladLokace_CZMST094_GetFiltrovaneSkladLokace.cs Ciselniky\ISkladLokace_CZMST094\ISkladLokace_CZMST094_GetSkladLokaceByLOCNCODE.cs Ciselniky\ISkladLokace_CZMST094\ISkladLokace_CZMST094_ImportSkladLokace.cs Ciselniky\ISkladLokace_CZMST094\ISkladLokace_CZMST094_InsertSkladLokace.cs Ciselniky\ISkladLokace_CZMST094\ISkladLokace_CZMST094_UpdateSkladLokace.cs Ciselniky\ISkladLokace_Mapa2\ISkladLokace_Mapa2_ImportSkladLokace_Mapa.cs Classes\DataDavky.cs Classes\Davka.cs Classes\Objednavka.cs Classes\Sklad.cs Classes\StatusInfo.cs DataObalka\DataObalka_VyrabenePolozky.cs DataSets\DSValues.Designer.cs DataSets\Hlavni.cs DataSets\Hlavni.Designer.cs DataSets\Inventura.Designer.cs DataSets\Inventura_Compare.cs DataSets\Inventura_Compare.Designer.cs DataSets\Location.Designer.cs DataSets\Odberatele.Designer.cs DataSets\Pracovnici.Designer.cs DataSets\Prijem.cs DataSets\Prijem.Designer.cs DataSets\Prodej.cs DataSets\Prodej.Designer.cs DataSets\Rady.cs DataSets\Rady.Designer.cs DataSets\Servis.Designer.cs DataSets\SkladLokace.Designer.cs DataSets\SkladLokace_CompareToIS.Designer.cs DataSets\SkladPohyb.cs DataSets\SkladPohyb.Designer.cs DataSets\Sklady.Designer.cs DataSets\StavSkladu.Designer.cs DataSets\Strediska.Designer.cs DataSets\Terminal.cs DataSets\Terminal.Designer.cs DataSets\TypyDokladu.Designer.cs DataSets\Ukolovani.cs DataSets\Ukolovani.Designer.cs DataSets\Vydej.cs DataSets\Vydej.Designer.cs DataSets\Vyroba.cs DataSets\Vyroba.Designer.cs DataSets\Vyroba_Planovani.cs DataSets\Vyroba_Planovani.Designer.cs DataSets\Zbozi.cs DataSets\Zbozi.Designer.cs DataSets_Import\ImportPOHODA_FromExcel.cs DataSets_Import\ImportPOHODA_FromExcel.Designer.cs Entity_framework\DataImport.cs Entity_framework\MyDbContext.cs Expedice\IExpedice2.cs Expedice\IExpedice2_GetBufferPolozky.cs Expedice\IExpedice2_GetExpedicePolozky.cs Expedice\IExpedice2_GetFiltrovaneExpedicePolozky.cs Filtry\SkladLokaceCZMST094ListFiltr.cs Filtry\VyrabenePolozkyFiltr.cs ImportniMustky\IImportnyMustky.cs ImportniMustky\IImportnyMustky_ImportPohoda_SKzNC_EXIST.cs ImportniMustky\IImportnyMustky_ImportPohoda_SKzNC_AddRefAg.cs ImportniMustky\IImportnyMustky_Insert_ImportSKzNC.cs ImportniMustky\IImportnyMustky_Delete_ImportSKzNC.cs ImportniMustky\IImportnyMustky_GetImportPohoda_SKzNC.cs ImportniMustky\IImportnyMustky_UpdateImportPohoda_SKzNC.cs ImportniMustky\IImportnyMustky_ImportPohoda_SKzNC.cs Inventura\IInventura2_Generate_FromFile_Inventura.cs Inventura\IInventura2_GetCompare_I123.cs.cs Inventura\IInventura2_GetCompare_I4.cs Inventura\IInventura2_GetFiltrovanaINVPredloha.cs Inventura\IInventura2_Import_ToXML_Inventura.cs Inventura\IInventura2_RozdelitInventury.cs Inventura\IInventura2_ImportInventura.cs Inventura\IInventura2.cs Inventura\IInventura2_GenerateInventura.cs Inventura\IInventura2_GetFiltrovanaPredloha.cs Inventura\IInventura2_GetFiltrovaneNasnimane.cs Inventura\IInventura2_GetHlavickaByID.cs Inventura\IInventura2_GetHlavicky.cs Inventura\IInventura2_SloucitInventury.cs Inventura\IInventura2_UpdateI1.cs Parametry\IParametry2.cs Parametry\IParametry2_ConnectionString.cs DataSets\Expedice.Designer.cs DataSets\Inventura.cs DataSets\Odberatele.cs DataSets\Servis.cs DataSets\SkladLokace.cs DataSets\Sklady.cs DataSets\StavSkladu.cs Parametry\IParametry2_Get_APIConnection.cs Parametry\IParametry2_Get_ConnectionStrings.cs Parametry\IParametry2_Terminal_ID.cs Prijem\IPrijem2.cs Prijem\IPrijem2_DeletePE.cs Prijem\IPrijem2_DeletePI.cs Prijem\IPrijem2_GetFiltrovaneDavkyPE.cs Prijem\IPrijem2_GetFiltrovaneDavkyPI.cs Prijem\IPrijem2_UpdatePE.cs Prijem\IPrijem2_UpdatePE_storno.cs Prijem\IPrijem2_UpdatePI.cs Prijem\IPrijem2_UpdatePI_storno.cs Properties\AssemblyInfo.cs Providers\IVyrabenePolozky2_Get.cs Providers\IVyrabenePolozky2.cs Servis\IServis.cs SkladLokace\ISkladLokace2.cs SkladLokace\ISkladLokace2_ClearLokMech.cs SkladLokace\ISkladLokace2_GetPohybyIS.cs SkladLokace\ISkladLokace2_GetFilt_CopareToIS_FASK.cs SkladLokace\ISkladLokace2_GetFilt_CopareToIS_IS.cs SkladLokace\ISkladLokace2_GetFiltrovanySkladLokaceStav.cs SkladLokace\ISkladLokace2_ImportLokMech_From_I4.cs SkladLokace\ISkladLokace2_InsertStavPohyb.cs SkladLokace\LokacePohyb.cs SkladPohyb\ISkladPohyb2_GetFiltrovanySkladLokace.cs SkladPohyb\ISkladPohyb2_GetTypPohybu.cs SkladPohyb\ISkladPohyb2.cs StavSkladu\IStavSkladu2_GetFiltrovanyStavSkladu.cs StavSkladu\IStavSkladu2_GetFiltrovanyStavSkladuHistorie.cs StavSkladu\IStavSkladu2_GetStavSkladu.cs StavSkladu\IStavSkladu2_getUzivatele.cs StavSkladu\IStavSkladu2_GetSklady.cs StavSkladu\IStavSkladu2.cs Tisky\ITisky2_EtiketaTisk.cs Tisky\ITisky2.cs Tisky\ITisky2_MetodaEtiketa.cs Tisky\ITisky2_MetodaEtiketa_GS1.cs Ukolovani\IUkolovani_Update_Row_CZ_UKOL.cs Ukolovani\IUkolovani_GetDataByID_CZ_UKOL.cs Ukolovani\IUkolovani_Update_Row_CZ_UKOL_UZIV.cs Ukolovani\IUkolovani_Fill_CZ_UKOL_STATE.cs Ukolovani\IUkolovani_GetDataByID_CZ_UKOL_UZIV.cs Ukolovani\IUkolovani_Update_CZ_UKOL_UZIV.cs Ukolovani\IUkolovani_Update_CZ_UKOL.cs Ukolovani\IUkolovani_GetDataByState_CZ_UKOL_STATE.cs Ukolovani\IUkolovani_Delete_CZ_UKOL.cs Ukolovani\IUkolovani_DeleteByUkolID_CZ_UKOL_UZIV.cs Ukolovani\IUkolovani_Insert_CZ_UKOL.cs Ukolovani\IUkolovani_Insert_CZ_UKOL_UZIV.cs Ukolovani\IUkolovani_GetDataByUkolIDAndUserID_CZ_UKOL_UZIV.cs Ukolovani\IUkolovani_Fill_CZ_UKOL.cs Ukolovani\IUkolovani_GetCZ_UKOL_STATE.cs Ukolovani\IUkolovani.cs "Uzivatele\IUzivatele2 _OverUzivatele.cs" Uzivatele\IUzivatele2.cs Vazby\IVazby2_ImportVyrobky.cs Vazby\IVazby2_Modifikace_TP_SetZamenZdrojCil.cs Vazby\IVazby2_Modifikace_TP_GetFiltrovaneData.cs Vazby\IVazby2_DeleteMaterial.cs Vazby\IVazby2_Fill_only_Koef_and_Alter.cs Vazby\IVazby2_Fill_onlyALTERtable.cs Vazby\IVazby2_ImportVydejkaPohoda.cs Vazby\IVazby2_UpdateEdit.cs Vazby\IVazby2_DeleteVyrobek.cs Vazby\IVazby2_Scalar_Vyrobky_Count.cs Vazby\IVazby2_Scalar_MAX_IDL.cs Vazby\IVazby2_GetFiltrovanyVazbyAddVyrobky.cs Vazby\IVazby2_GetFiltrovanyVazbyVyrobky.cs Vazby\IVazby2.cs Vazby\IVazby2_GetFiltrovanyVazbyMaterialy.cs Vazby\IVazby2_Insert_VazbyAddVyrobky.cs Vydej\IVydej2_DeleteSI.cs Vydej\IVydej2_Get_SE_MaxCountEntries.cs Vydej\IVydej2_InsertSI.cs Vydej\IVydej2_KontrolaDavky_TEST.cs Vydej\IVydej2_GetAdresy.cs Vydej\IVydej2_GetFiltrovaneDavkySI.cs Vydej\IVydej2_UpdateSE_QTY_ByDEXROWID.cs Vydej\IVydej2.cs Vydej\IVydej2_DeleteSE.cs Vydej\IVydej2_GenerateDavka.cs Vydej\IVydej2_GetFiltrovaneDavky.cs Vydej\IVydej2_GetFiltrovaneHlavicky.cs Vydej\IVydej2_GetHlavickaByCountEntries.cs Vydej\IVydej2_GetHlavicky.cs Vydej\IVydej2_InsertSE.cs Vydej\IVydej2_KontrolaDavky.cs Vydej\IVydej2_UpdatePriorityDavka_byPriority.cs Vydej\IVydej2_UpdatePriorityDavka_byUserID.cs Vydej\IVydej2_UpdateSE.cs Vydej\IVydej2_UpdateSE_storno.cs Vydej\IVydej2_UpdateSI.cs Vydej\IVydej2_UvolnitDavku.cs Vyroba\MachinesDefinition\IMachinesDefinition.cs Vyroba\MachinesDefinition\IMachinesDefinition_GetFilterData.cs Vyroba\MachinesDefinition\IMachinesDefinition_IudCommand.cs Vyroba\Machines\IMachines_GetFilterData.cs Vyroba\Machines\IMachines_IudCommand.cs "obj\Debug\.NETFramework,Version=v4.7.AssemblyAttributes.cs"'
  Attempt to open named pipe '9u7Mq5B0RaDaiN3atZFkuOIPV_m2MrBWEDBJPGpczys'
  Attempt to connect named pipe '9u7Mq5B0RaDaiN3atZFkuOIPV_m2MrBWEDBJPGpczys'
  Named pipe '9u7Mq5B0RaDaiN3atZFkuOIPV_m2MrBWEDBJPGpczys' connected
  Begin writing request for Fask.Console.Interfaces
  End writing request for Fask.Console.Interfaces
  Begin reading response for Fask.Console.Interfaces
  End reading response for Fask.Console.Interfaces
  CompilerServer: server - server processed compilation - Fask.Console.Interfaces
_CopyFilesMarkedCopyLocal:
  Probíhá kopírování souboru z umístìní C:\Users\ratho\OneDrive\Plocha\work_2026\FASK_2026\0x_Zdrojove_Kody\_SdileneProjekty_\Fask.Logging\!Build!\Debug\Fask.Logging.dll do umístìní C:\Users\ratho\OneDrive\Plocha\work_2026\FASK_2026\0x_Zdrojove_Kody\!Build!\Konzola\Debug\Fask.Logging.dll.
  Probíhá kopírování souboru z umístìní C:\Users\ratho\OneDrive\Plocha\work_2026\FASK_2026\0x_Zdrojove_Kody\_SdileneProjekty_\FASK.Logins\!Build!\Debug\FASK.Logins.dll do umístìní C:\Users\ratho\OneDrive\Plocha\work_2026\FASK_2026\0x_Zdrojove_Kody\!Build!\Konzola\Debug\FASK.Logins.dll.
  Probíhá kopírování souboru z umístìní C:\Users\ratho\OneDrive\Plocha\work_2026\FASK_2026\0x_Zdrojove_Kody\_SdileneProjekty_\Fask.POHODA.Disponibility\bin\Debug\Fask.POHODA.Disponibility.dll do umístìní C:\Users\ratho\OneDrive\Plocha\work_2026\FASK_2026\0x_Zdrojove_Kody\!Build!\Konzola\Debug\Fask.POHODA.Disponibility.dll.
  Probíhá kopírování souboru z umístìní C:\Users\ratho\OneDrive\Plocha\work_2026\FASK_2026\0x_Zdrojove_Kody\_SdileneProjekty_\FASK.Logins\!Build!\Debug\Fask.RestSharp.dll do umístìní C:\Users\ratho\OneDrive\Plocha\work_2026\FASK_2026\0x_Zdrojove_Kody\!Build!\Konzola\Debug\Fask.RestSharp.dll.
  Probíhá kopírování souboru z umístìní C:\Users\ratho\OneDrive\Plocha\work_2026\FASK_2026\0x_Zdrojove_Kody\_SdileneProjekty_\Fask.Logging\!Build!\Debug\Fask.Logging.pdb do umístìní C:\Users\ratho\OneDrive\Plocha\work_2026\FASK_2026\0x_Zdrojove_Kody\!Build!\Konzola\Debug\Fask.Logging.pdb.
  Probíhá kopírování souboru z umístìní C:\Users\ratho\OneDrive\Plocha\work_2026\FASK_2026\0x_Zdrojove_Kody\_SdileneProjekty_\FASK.Logins\!Build!\Debug\FASK.Logins.pdb do umístìní C:\Users\ratho\OneDrive\Plocha\work_2026\FASK_2026\0x_Zdrojove_Kody\!Build!\Konzola\Debug\FASK.Logins.pdb.
  Probíhá kopírování souboru z umístìní C:\Users\ratho\OneDrive\Plocha\work_2026\FASK_2026\0x_Zdrojove_Kody\_SdileneProjekty_\Fask.POHODA.Disponibility\bin\Debug\Fask.POHODA.Disponibility.pdb do umístìní C:\Users\ratho\OneDrive\Plocha\work_2026\FASK_2026\0x_Zdrojove_Kody\!Build!\Konzola\Debug\Fask.POHODA.Disponibility.pdb.
  Probíhá kopírování souboru z umístìní C:\Users\ratho\OneDrive\Plocha\work_2026\FASK_2026\0x_Zdrojove_Kody\_SdileneProjekty_\FASK.Logins\!Build!\Debug\Fask.RestSharp.pdb do umístìní C:\Users\ratho\OneDrive\Plocha\work_2026\FASK_2026\0x_Zdrojove_Kody\!Build!\Konzola\Debug\Fask.RestSharp.pdb.
  Probíhá aktualizace èasového razítka pro C:\Users\ratho\OneDrive\Plocha\work_2026\FASK_2026\0x_Zdrojove_Kody\Konzola\Fask.Console.Interfaces\obj\Debug\Fask.Con.277DB9E5.Up2Date.
_CopyAppConfigFile:
Cíl _CopyAppConfigFile bude vynechán, protože všechny výstupní soubory jsou aktuální vzhledem ke vstupním souborùm.
CopyFilesToOutputDirectory:
  Probíhá kopírování souboru z umístìní C:\Users\ratho\OneDrive\Plocha\work_2026\FASK_2026\0x_Zdrojove_Kody\Konzola\Fask.Console.Interfaces\obj\Debug\Fask.Console.Interfaces.dll do umístìní C:\Users\ratho\OneDrive\Plocha\work_2026\FASK_2026\0x_Zdrojove_Kody\!Build!\Konzola\Debug\Fask.Console.Interfaces.dll.
  Fask.Console.Interfaces -> C:\Users\ratho\OneDrive\Plocha\work_2026\FASK_2026\0x_Zdrojove_Kody\!Build!\Konzola\Debug\Fask.Console.Interfaces.dll
  Probíhá kopírování souboru z umístìní C:\Users\ratho\OneDrive\Plocha\work_2026\FASK_2026\0x_Zdrojove_Kody\Konzola\Fask.Console.Interfaces\obj\Debug\Fask.Console.Interfaces.pdb do umístìní C:\Users\ratho\OneDrive\Plocha\work_2026\FASK_2026\0x_Zdrojove_Kody\!Build!\Konzola\Debug\Fask.Console.Interfaces.pdb.
Sestavení projektu C:\Users\ratho\OneDrive\Plocha\work_2026\FASK_2026\0x_Zdrojove_Kody\Konzola\Fask.Console.Interfaces\Fask.Console.Interfaces.csproj (s výchozími cíli) bylo dokonèeno.
Probíhá sestavení projektu C:\Users\ratho\OneDrive\Plocha\work_2026\FASK_2026\0x_Zdrojove_Kody\Konzola\Konzola\Konzola.csproj (2) – C:\Users\ratho\OneDrive\Plocha\work_2026\FASK_2026\0x_Zdrojove_Kody\Konzola\Fask.Console.Modules\Fask.Module.Print.GS1\Fask.Module.Print.GS1.csproj (18:2) v uzlu 1 (výchozí cíle).
GenerateTargetFrameworkMonikerAttribute:
Cíl GenerateTargetFrameworkMonikerAttribute bude vynechán, protože všechny výstupní soubory jsou aktuální vzhledem ke vstupním souborùm.
CoreCompile:
  Setting DOTNET_TieredCompilation to '0'
  C:\Program Files\Microsoft Visual Studio\18\Community\MSBuild\Current\Bin\Roslyn\csc.exe /noconfig /nowarn:1701,1702 /fullpaths /nostdlib+ /errorreport:prompt /warn:4 /define:DEBUG;TRACE /highentropyva+ /reference:C:\Users\ratho\OneDrive\Plocha\work_2026\FASK_2026\0x_Zdrojove_Kody\Konzola\packages\Dapper.2.1.35\lib\net461\Dapper.dll /reference:"C:\Users\ratho\OneDrive\Plocha\work_2026\FASK_2026\0x_Zdrojove_Kody\!Build!\Konzola\Debug\Fask.Console.Interfaces.dll" /reference:"C:\Users\ratho\OneDrive\Plocha\work_2026\FASK_2026\0x_Zdrojove_Kody\_SdileneProjekty_\Fask.Logging\!Build!\Debug\Fask.Logging.dll" /reference:"C:\Program Files (x86)\Reference Assemblies\Microsoft\Framework\.NETFramework\v4.7\mscorlib.dll" /reference:"C:\Program Files (x86)\Reference Assemblies\Microsoft\Framework\.NETFramework\v4.7\System.Configuration.dll" /reference:"C:\Program Files (x86)\Reference Assemblies\Microsoft\Framework\.NETFramework\v4.7\System.Core.dll" /reference:"C:\Program Files (x86)\Reference Assemblies\Microsoft\Framework\.NETFramework\v4.7\System.Data.DataSetExtensions.dll" /reference:"C:\Program Files (x86)\Reference Assemblies\Microsoft\Framework\.NETFramework\v4.7\System.Data.dll" /reference:"C:\Program Files (x86)\Reference Assemblies\Microsoft\Framework\.NETFramework\v4.7\System.dll" /reference:"C:\Program Files (x86)\Reference Assemblies\Microsoft\Framework\.NETFramework\v4.7\System.Drawing.dll" /reference:"C:\Program Files (x86)\Reference Assemblies\Microsoft\Framework\.NETFramework\v4.7\System.Xml.dll" /reference:"C:\Program Files (x86)\Reference Assemblies\Microsoft\Framework\.NETFramework\v4.7\System.Xml.Linq.dll" /debug+ /debug:full /filealign:512 /optimize- /out:obj\Debug\Fask.Module.Print.GS1.dll /subsystemversion:6.00 /target:library /utf8output /langversion:7.3 Properties\Settings.Designer.cs Provider\ProviderTisk.cs Properties\AssemblyInfo.cs SettingsModified.cs "obj\Debug\.NETFramework,Version=v4.7.AssemblyAttributes.cs"
  Compilation request Fask.Module.Print.GS1, PathToTool=C:\Program Files\Microsoft Visual Studio\18\Community\MSBuild\Current\Bin\Roslyn\csc.exe
  CommandLine = ' /noconfig'
  BuildResponseFile = '/nowarn:1701,1702 /fullpaths /nostdlib+ /errorreport:prompt /warn:4 /define:DEBUG;TRACE /highentropyva+ /reference:C:\Users\ratho\OneDrive\Plocha\work_2026\FASK_2026\0x_Zdrojove_Kody\Konzola\packages\Dapper.2.1.35\lib\net461\Dapper.dll /reference:"C:\Users\ratho\OneDrive\Plocha\work_2026\FASK_2026\0x_Zdrojove_Kody\!Build!\Konzola\Debug\Fask.Console.Interfaces.dll" /reference:"C:\Users\ratho\OneDrive\Plocha\work_2026\FASK_2026\0x_Zdrojove_Kody\_SdileneProjekty_\Fask.Logging\!Build!\Debug\Fask.Logging.dll" /reference:"C:\Program Files (x86)\Reference Assemblies\Microsoft\Framework\.NETFramework\v4.7\mscorlib.dll" /reference:"C:\Program Files (x86)\Reference Assemblies\Microsoft\Framework\.NETFramework\v4.7\System.Configuration.dll" /reference:"C:\Program Files (x86)\Reference Assemblies\Microsoft\Framework\.NETFramework\v4.7\System.Core.dll" /reference:"C:\Program Files (x86)\Reference Assemblies\Microsoft\Framework\.NETFramework\v4.7\System.Data.DataSetExtensions.dll" /reference:"C:\Program Files (x86)\Reference Assemblies\Microsoft\Framework\.NETFramework\v4.7\System.Data.dll" /reference:"C:\Program Files (x86)\Reference Assemblies\Microsoft\Framework\.NETFramework\v4.7\System.dll" /reference:"C:\Program Files (x86)\Reference Assemblies\Microsoft\Framework\.NETFramework\v4.7\System.Drawing.dll" /reference:"C:\Program Files (x86)\Reference Assemblies\Microsoft\Framework\.NETFramework\v4.7\System.Xml.dll" /reference:"C:\Program Files (x86)\Reference Assemblies\Microsoft\Framework\.NETFramework\v4.7\System.Xml.Linq.dll" /debug+ /debug:full /filealign:512 /optimize- /out:obj\Debug\Fask.Module.Print.GS1.dll /subsystemversion:6.00 /target:library /utf8output /langversion:7.3 Properties\Settings.Designer.cs Provider\ProviderTisk.cs Properties\AssemblyInfo.cs SettingsModified.cs "obj\Debug\.NETFramework,Version=v4.7.AssemblyAttributes.cs"'
  Attempt to open named pipe '9u7Mq5B0RaDaiN3atZFkuOIPV_m2MrBWEDBJPGpczys'
  Attempt to connect named pipe '9u7Mq5B0RaDaiN3atZFkuOIPV_m2MrBWEDBJPGpczys'
  Named pipe '9u7Mq5B0RaDaiN3atZFkuOIPV_m2MrBWEDBJPGpczys' connected
  Begin writing request for Fask.Module.Print.GS1
  End writing request for Fask.Module.Print.GS1
  Begin reading response for Fask.Module.Print.GS1
  End reading response for Fask.Module.Print.GS1
  CompilerServer: server - server processed compilation - Fask.Module.Print.GS1
_CopyAppConfigFile:
Cíl _CopyAppConfigFile bude vynechán, protože všechny výstupní soubory jsou aktuální vzhledem ke vstupním souborùm.
CopyFilesToOutputDirectory:
  Probíhá kopírování souboru z umístìní C:\Users\ratho\OneDrive\Plocha\work_2026\FASK_2026\0x_Zdrojove_Kody\Konzola\Fask.Console.Modules\Fask.Module.Print.GS1\obj\Debug\Fask.Module.Print.GS1.dll do umístìní C:\Users\ratho\OneDrive\Plocha\work_2026\FASK_2026\0x_Zdrojove_Kody\!Build!\Konzola\Debug\Fask.Module.Print.GS1.dll.
  Fask.Module.Print.GS1 -> C:\Users\ratho\OneDrive\Plocha\work_2026\FASK_2026\0x_Zdrojove_Kody\!Build!\Konzola\Debug\Fask.Module.Print.GS1.dll
  Probíhá kopírování souboru z umístìní C:\Users\ratho\OneDrive\Plocha\work_2026\FASK_2026\0x_Zdrojove_Kody\Konzola\Fask.Console.Modules\Fask.Module.Print.GS1\obj\Debug\Fask.Module.Print.GS1.pdb do umístìní C:\Users\ratho\OneDrive\Plocha\work_2026\FASK_2026\0x_Zdrojove_Kody\!Build!\Konzola\Debug\Fask.Module.Print.GS1.pdb.
Sestavení projektu C:\Users\ratho\OneDrive\Plocha\work_2026\FASK_2026\0x_Zdrojove_Kody\Konzola\Fask.Console.Modules\Fask.Module.Print.GS1\Fask.Module.Print.GS1.csproj (s výchozími cíli) bylo dokonèeno.
Probíhá sestavení projektu C:\Users\ratho\OneDrive\Plocha\work_2026\FASK_2026\0x_Zdrojove_Kody\Konzola\Konzola\Konzola.csproj (2) – C:\Users\ratho\OneDrive\Plocha\work_2026\FASK_2026\0x_Zdrojove_Kody\Konzola\Fask.Console.Modules\Fask.ModuleFirebird\Fask.ModuleFirebird.csproj (19:2) v uzlu 1 (výchozí cíle).
GenerateTargetFrameworkMonikerAttribute:
Cíl GenerateTargetFrameworkMonikerAttribute bude vynechán, protože všechny výstupní soubory jsou aktuální vzhledem ke vstupním souborùm.
CoreCompile:
  Setting DOTNET_TieredCompilation to '0'
  C:\Program Files\Microsoft Visual Studio\18\Community\MSBuild\Current\Bin\Roslyn\csc.exe /noconfig /nowarn:1701,1702 /fullpaths /nostdlib+ /errorreport:prompt /warn:0 /define:DEBUG;TRACE /highentropyva+ /reference:C:\Users\ratho\OneDrive\Plocha\work_2026\FASK_2026\0x_Zdrojove_Kody\Konzola\packages\Dapper.2.1.35\lib\net461\Dapper.dll /reference:"C:\Users\ratho\OneDrive\Plocha\work_2026\FASK_2026\0x_Zdrojove_Kody\!Build!\Konzola\Debug\Fask.Console.Interfaces.dll" /reference:"C:\Users\ratho\OneDrive\Plocha\work_2026\FASK_2026\0x_Zdrojove_Kody\Konzola\!!!Support!!!\Firebird\FirebirdSql.Data.FirebirdClient.dll" /reference:"C:\Program Files (x86)\Reference Assemblies\Microsoft\Framework\.NETFramework\v4.7\Microsoft.CSharp.dll" /reference:"C:\Program Files (x86)\Reference Assemblies\Microsoft\Framework\.NETFramework\v4.7\mscorlib.dll" /reference:"C:\Program Files (x86)\Reference Assemblies\Microsoft\Framework\.NETFramework\v4.7\System.Core.dll" /reference:"C:\Program Files (x86)\Reference Assemblies\Microsoft\Framework\.NETFramework\v4.7\System.Data.DataSetExtensions.dll" /reference:"C:\Program Files (x86)\Reference Assemblies\Microsoft\Framework\.NETFramework\v4.7\System.Data.dll" /reference:"C:\Program Files (x86)\Reference Assemblies\Microsoft\Framework\.NETFramework\v4.7\System.dll" /reference:"C:\Program Files (x86)\Reference Assemblies\Microsoft\Framework\.NETFramework\v4.7\System.Xml.dll" /reference:"C:\Program Files (x86)\Reference Assemblies\Microsoft\Framework\.NETFramework\v4.7\System.Xml.Linq.dll" /debug+ /debug:full /filealign:512 /optimize- /out:obj\Debug\Fask.ModuleFirebird.dll /subsystemversion:6.00 /target:library /utf8output /langversion:7.3 Properties\AssemblyInfo.cs Provider\ProviderAll.cs Provider\ProviderStavSkladu.cs "obj\Debug\.NETFramework,Version=v4.7.AssemblyAttributes.cs"
  Compilation request Fask.ModuleFirebird, PathToTool=C:\Program Files\Microsoft Visual Studio\18\Community\MSBuild\Current\Bin\Roslyn\csc.exe
  CommandLine = ' /noconfig'
  BuildResponseFile = '/nowarn:1701,1702 /fullpaths /nostdlib+ /errorreport:prompt /warn:0 /define:DEBUG;TRACE /highentropyva+ /reference:C:\Users\ratho\OneDrive\Plocha\work_2026\FASK_2026\0x_Zdrojove_Kody\Konzola\packages\Dapper.2.1.35\lib\net461\Dapper.dll /reference:"C:\Users\ratho\OneDrive\Plocha\work_2026\FASK_2026\0x_Zdrojove_Kody\!Build!\Konzola\Debug\Fask.Console.Interfaces.dll" /reference:"C:\Users\ratho\OneDrive\Plocha\work_2026\FASK_2026\0x_Zdrojove_Kody\Konzola\!!!Support!!!\Firebird\FirebirdSql.Data.FirebirdClient.dll" /reference:"C:\Program Files (x86)\Reference Assemblies\Microsoft\Framework\.NETFramework\v4.7\Microsoft.CSharp.dll" /reference:"C:\Program Files (x86)\Reference Assemblies\Microsoft\Framework\.NETFramework\v4.7\mscorlib.dll" /reference:"C:\Program Files (x86)\Reference Assemblies\Microsoft\Framework\.NETFramework\v4.7\System.Core.dll" /reference:"C:\Program Files (x86)\Reference Assemblies\Microsoft\Framework\.NETFramework\v4.7\System.Data.DataSetExtensions.dll" /reference:"C:\Program Files (x86)\Reference Assemblies\Microsoft\Framework\.NETFramework\v4.7\System.Data.dll" /reference:"C:\Program Files (x86)\Reference Assemblies\Microsoft\Framework\.NETFramework\v4.7\System.dll" /reference:"C:\Program Files (x86)\Reference Assemblies\Microsoft\Framework\.NETFramework\v4.7\System.Xml.dll" /reference:"C:\Program Files (x86)\Reference Assemblies\Microsoft\Framework\.NETFramework\v4.7\System.Xml.Linq.dll" /debug+ /debug:full /filealign:512 /optimize- /out:obj\Debug\Fask.ModuleFirebird.dll /subsystemversion:6.00 /target:library /utf8output /langversion:7.3 Properties\AssemblyInfo.cs Provider\ProviderAll.cs Provider\ProviderStavSkladu.cs "obj\Debug\.NETFramework,Version=v4.7.AssemblyAttributes.cs"'
  Attempt to open named pipe '9u7Mq5B0RaDaiN3atZFkuOIPV_m2MrBWEDBJPGpczys'
  Attempt to connect named pipe '9u7Mq5B0RaDaiN3atZFkuOIPV_m2MrBWEDBJPGpczys'
  Named pipe '9u7Mq5B0RaDaiN3atZFkuOIPV_m2MrBWEDBJPGpczys' connected
  Begin writing request for Fask.ModuleFirebird
  End writing request for Fask.ModuleFirebird
  Begin reading response for Fask.ModuleFirebird
  End reading response for Fask.ModuleFirebird
  CompilerServer: server - server processed compilation - Fask.ModuleFirebird
_CopyAppConfigFile:
Cíl _CopyAppConfigFile bude vynechán, protože všechny výstupní soubory jsou aktuální vzhledem ke vstupním souborùm.
CopyFilesToOutputDirectory:
  Probíhá kopírování souboru z umístìní C:\Users\ratho\OneDrive\Plocha\work_2026\FASK_2026\0x_Zdrojove_Kody\Konzola\Fask.Console.Modules\Fask.ModuleFirebird\obj\Debug\Fask.ModuleFirebird.dll do umístìní C:\Users\ratho\OneDrive\Plocha\work_2026\FASK_2026\0x_Zdrojove_Kody\!Build!\Konzola\Debug\Fask.ModuleFirebird.dll.
  Fask.ModuleFirebird -> C:\Users\ratho\OneDrive\Plocha\work_2026\FASK_2026\0x_Zdrojove_Kody\!Build!\Konzola\Debug\Fask.ModuleFirebird.dll
  Probíhá kopírování souboru z umístìní C:\Users\ratho\OneDrive\Plocha\work_2026\FASK_2026\0x_Zdrojove_Kody\Konzola\Fask.Console.Modules\Fask.ModuleFirebird\obj\Debug\Fask.ModuleFirebird.pdb do umístìní C:\Users\ratho\OneDrive\Plocha\work_2026\FASK_2026\0x_Zdrojove_Kody\!Build!\Konzola\Debug\Fask.ModuleFirebird.pdb.
Sestavení projektu C:\Users\ratho\OneDrive\Plocha\work_2026\FASK_2026\0x_Zdrojove_Kody\Konzola\Fask.Console.Modules\Fask.ModuleFirebird\Fask.ModuleFirebird.csproj (s výchozími cíli) bylo dokonèeno.
Probíhá sestavení projektu C:\Users\ratho\OneDrive\Plocha\work_2026\FASK_2026\0x_Zdrojove_Kody\Konzola\Konzola\Konzola.csproj (2) – C:\Users\ratho\OneDrive\Plocha\work_2026\FASK_2026\0x_Zdrojove_Kody\Konzola\Fask.Console.Modules\Fask.ModulePohodaXML\Fask.ModulePohodaXML.csproj (20:2) v uzlu 1 (výchozí cíle).
CoreResGen:
  Probíhá zpracování souboru prostøedku Konfigurace\Form_Properties.resx do obj\Debug\Fask.ModulePohodaXML.Form_Properties.resources.
  Probíhá zpracování souboru prostøedku Konfigurace\Konfig.resx do obj\Debug\Fask.ModulePohodaXML.Konfigurace.Konfig.resources.
GenerateTargetFrameworkMonikerAttribute:
Cíl GenerateTargetFrameworkMonikerAttribute bude vynechán, protože všechny výstupní soubory jsou aktuální vzhledem ke vstupním souborùm.
CoreCompile:
  Setting DOTNET_TieredCompilation to '0'
  C:\Program Files\Microsoft Visual Studio\18\Community\MSBuild\Current\Bin\Roslyn\csc.exe /noconfig /nowarn:1701,1702 /fullpaths /nostdlib+ /errorreport:prompt /warn:4 /define:DEBUG;TRACE /highentropyva+ /reference:C:\Users\ratho\OneDrive\Plocha\work_2026\FASK_2026\0x_Zdrojove_Kody\Konzola\packages\Dapper.2.1.35\lib\net461\Dapper.dll /reference:"C:\Users\ratho\OneDrive\Plocha\work_2026\FASK_2026\0x_Zdrojove_Kody\_SdileneProjekty_\Fask.Columns\!Build!\Debug\Fask.Columns.dll" /reference:"C:\Users\ratho\OneDrive\Plocha\work_2026\FASK_2026\0x_Zdrojove_Kody\!Build!\Konzola\Debug\Fask.Console.Interfaces.dll" /reference:"C:\Users\ratho\OneDrive\Plocha\work_2026\FASK_2026\0x_Zdrojove_Kody\_SdileneProjekty_\Fask.Logging\!Build!\Debug\Fask.Logging.dll" /reference:"C:\Users\ratho\OneDrive\Plocha\work_2026\FASK_2026\0x_Zdrojove_Kody\_SdileneProjekty_\FASK.Logins\!Build!\Debug\FASK.Logins.dll" /reference:C:\Users\ratho\OneDrive\Plocha\work_2026\FASK_2026\0x_Zdrojove_Kody\_SdileneProjekty_\Fask.POHODA.Disponibility\bin\Debug\Fask.POHODA.Disponibility.dll /reference:C:\Users\ratho\OneDrive\Plocha\work_2026\FASK_2026\0x_Zdrojove_Kody\_SdileneProjekty_\Fask.Rady\bin\Debug\Fask.Rady.dll /reference:"C:\Program Files (x86)\Reference Assemblies\Microsoft\Framework\.NETFramework\v4.7\Microsoft.CSharp.dll" /reference:"C:\Program Files (x86)\Reference Assemblies\Microsoft\Framework\.NETFramework\v4.7\mscorlib.dll" /reference:"C:\Program Files (x86)\Reference Assemblies\Microsoft\Framework\.NETFramework\v4.7\System.Configuration.dll" /reference:"C:\Program Files (x86)\Reference Assemblies\Microsoft\Framework\.NETFramework\v4.7\System.Core.dll" /reference:"C:\Program Files (x86)\Reference Assemblies\Microsoft\Framework\.NETFramework\v4.7\System.Data.DataSetExtensions.dll" /reference:"C:\Program Files (x86)\Reference Assemblies\Microsoft\Framework\.NETFramework\v4.7\System.Data.dll" /reference:"C:\Program Files (x86)\Reference Assemblies\Microsoft\Framework\.NETFramework\v4.7\System.DirectoryServices.AccountManagement.dll" /reference:"C:\Program Files (x86)\Reference Assemblies\Microsoft\Framework\.NETFramework\v4.7\System.dll" /reference:"C:\Program Files (x86)\Reference Assemblies\Microsoft\Framework\.NETFramework\v4.7\System.Drawing.dll" /reference:"C:\Program Files (x86)\Reference Assemblies\Microsoft\Framework\.NETFramework\v4.7\System.Web.Services.dll" /reference:"C:\Program Files (x86)\Reference Assemblies\Microsoft\Framework\.NETFramework\v4.7\System.Windows.Forms.dll" /reference:"C:\Program Files (x86)\Reference Assemblies\Microsoft\Framework\.NETFramework\v4.7\System.Xml.dll" /reference:"C:\Program Files (x86)\Reference Assemblies\Microsoft\Framework\.NETFramework\v4.7\System.Xml.Linq.dll" /debug+ /debug:full /filealign:512 /optimize- /out:obj\Debug\Fask.ModulePohodaXML.dll /subsystemversion:6.00 /resource:obj\Debug\Fask.ModulePohodaXML.Form_Properties.resources /resource:obj\Debug\Fask.ModulePohodaXML.Konfigurace.Konfig.resources /target:library /utf8output /langversion:7.3 Classes\Doklady.cs Classes\Importni_Mustek.cs Classes\Inventura.cs Classes\Pohoda.cs Classes\Prijem.cs Classes\Prodej2.cs Database\Ciselniky.cs Database\SkladLokace_Mapa.cs Classes\Vydej.cs Classes\Vyroba.cs Database\Sklady_CZMST_DI.cs Database\Sklady_CZMST_SI.cs Database\Tisk_FASK_FORMULARE.cs Database\Vazby.cs Database\Inventura.cs Database\Pohoda.cs Database\Prijem.cs Database\Vydej.cs Database\Vyroba_Corrects.cs Database\Vyroba_CZPRO_VPH.cs Database\Vyroba_CZPRO_VPP.cs Database\Vyroba_FASK_Vyroba_PVH.cs Database\Vyroba_FASK_Vyroba_TP.cs Database\Vyroba_Groups.cs Database\Vyroba_Machines.cs Database\Vyroba_Production.cs Database\Vyroba_Production_Sources.cs Database\Vyroba_VLoginsGroups.cs Konfigurace\Form_Properties.cs Konfigurace\Form_Properties.Designer.cs Globals_V1.cs Konfigurace\Konfig.cs Konfigurace\Konfig.Designer.cs Konfigurace\Wrapper\RowWrapper.cs Konfigurace\Wrapper\RowWrapperConverter.cs Konfigurace\Wrapper\RowWrapperDescriptor.cs Pohoda_DataSets\DatabasePohoda.cs Pohoda_DataSets\DatabasePohoda.Designer.cs Pohoda_DataSets\Inventura.cs Pohoda_DataSets\Inventura1.Designer.cs Pohoda_DataSets\Odberatele.Designer.cs Pohoda_DataSets\POHODA_V1.Designer.cs Pohoda_DataSets\Pracovnici.cs Pohoda_DataSets\Pracovnici.Designer.cs Pohoda_DataSets\Prijem.Designer.cs Pohoda_DataSets\Prodej.Designer.cs Pohoda_DataSets\Rady.Designer.cs Pohoda_DataSets\SkladLokace.cs Pohoda_DataSets\SkladLokace.Designer.cs Pohoda_DataSets\Sklady.cs Pohoda_DataSets\Sklady.Designer.cs Pohoda_DataSets\Strediska.Designer.cs Pohoda_DataSets\TypyDokladu.Designer.cs Pohoda_DataSets\Uzivatele.cs Pohoda_DataSets\Uzivatele.Designer.cs Pohoda_DataSets\Vydej.cs Pohoda_DataSets\Vydej.Designer.cs Pohoda_DataSets\VyrobaDataSet.cs Pohoda_DataSets\VyrobaDataSet.Designer.cs Pohoda_DataSets\Zbozi.cs Pohoda_DataSets\Zbozi.Designer.cs Properties\AssemblyInfo.cs Properties\Settings.Designer.cs Provider\Ciselniky\ProviderCiselniky_Lokace.cs Provider\Ciselniky\ProviderCiselniky_Odberatele.cs Provider\Ciselniky\ProviderCiselniky_Pracovnici.cs Provider\Ciselniky\ProviderCiselniky_Rady.cs Provider\Ciselniky\ProviderCiselniky_SkladLokace_LokaceTypy.cs Provider\Ciselniky\ProviderCiselniky_SkladLokace_LokaceVariantySortiment.cs Provider\Ciselniky\ProviderCiselniky_SkladLokace_Mapa.cs Provider\Ciselniky\ProviderCiselniky_Sklady.cs Provider\Ciselniky\ProviderCiselniky_Strediska.cs Provider\Ciselniky\ProviderCiselniky_TypyDokladu.cs Provider\Ciselniky\ProviderCiselniky_Zbozi.cs Provider\ProviderAll.cs Provider\ProviderExpedice.cs Provider\ProviderImportMustek.cs Provider\ProviderInventura.cs Provider\ProviderLokace.cs Provider\ProviderHlavni.cs Provider\ProviderPrijem.cs Provider\ProviderProdej.cs Provider\ProviderSkladLokace.cs Provider\ProviderSkladPohyb.cs Provider\ProviderStavSkladu.cs Provider\ProviderTerminal.cs Provider\ProviderUzivatele.cs Provider\Vyroba\ProviderKapacitniPlanovani.cs Provider\Vyroba\ProviderOdvodEvents.cs Provider\Vyroba\ProviderOdvodEventsErr.cs Provider\Vyroba\ProviderProduction_SN.cs Provider\Vyroba\ProviderPV.cs Provider\Vyroba\ProviderVazby.cs Provider\ProviderVydej.cs Provider\Vyroba\ProviderCorrects.cs Provider\Vyroba\ProviderGroups.cs Provider\Vyroba\ProviderMachines.cs Provider\Vyroba\ProviderOperations.cs Provider\Vyroba\ProviderProduction.cs Provider\Vyroba\ProviderProductionSources.cs Provider\Vyroba\ProviderVLoginsGroups.cs Provider\Vyroba\ProviderVMachinesOperations.cs Provider\Vyroba\ProviderVPH.cs Provider\Vyroba\ProviderVPP.cs SettingsModified.cs XML\Classes\Response2.cs XML\MST_Pohoda.cs XML\NetworkDrives.cs XML\PohodaComunication.cs "obj\Debug\.NETFramework,Version=v4.7.AssemblyAttributes.cs"
  Compilation request Fask.ModulePohodaXML, PathToTool=C:\Program Files\Microsoft Visual Studio\18\Community\MSBuild\Current\Bin\Roslyn\csc.exe
  CommandLine = ' /noconfig'
  BuildResponseFile = '/nowarn:1701,1702 /fullpaths /nostdlib+ /errorreport:prompt /warn:4 /define:DEBUG;TRACE /highentropyva+ /reference:C:\Users\ratho\OneDrive\Plocha\work_2026\FASK_2026\0x_Zdrojove_Kody\Konzola\packages\Dapper.2.1.35\lib\net461\Dapper.dll /reference:"C:\Users\ratho\OneDrive\Plocha\work_2026\FASK_2026\0x_Zdrojove_Kody\_SdileneProjekty_\Fask.Columns\!Build!\Debug\Fask.Columns.dll" /reference:"C:\Users\ratho\OneDrive\Plocha\work_2026\FASK_2026\0x_Zdrojove_Kody\!Build!\Konzola\Debug\Fask.Console.Interfaces.dll" /reference:"C:\Users\ratho\OneDrive\Plocha\work_2026\FASK_2026\0x_Zdrojove_Kody\_SdileneProjekty_\Fask.Logging\!Build!\Debug\Fask.Logging.dll" /reference:"C:\Users\ratho\OneDrive\Plocha\work_2026\FASK_2026\0x_Zdrojove_Kody\_SdileneProjekty_\FASK.Logins\!Build!\Debug\FASK.Logins.dll" /reference:C:\Users\ratho\OneDrive\Plocha\work_2026\FASK_2026\0x_Zdrojove_Kody\_SdileneProjekty_\Fask.POHODA.Disponibility\bin\Debug\Fask.POHODA.Disponibility.dll /reference:C:\Users\ratho\OneDrive\Plocha\work_2026\FASK_2026\0x_Zdrojove_Kody\_SdileneProjekty_\Fask.Rady\bin\Debug\Fask.Rady.dll /reference:"C:\Program Files (x86)\Reference Assemblies\Microsoft\Framework\.NETFramework\v4.7\Microsoft.CSharp.dll" /reference:"C:\Program Files (x86)\Reference Assemblies\Microsoft\Framework\.NETFramework\v4.7\mscorlib.dll" /reference:"C:\Program Files (x86)\Reference Assemblies\Microsoft\Framework\.NETFramework\v4.7\System.Configuration.dll" /reference:"C:\Program Files (x86)\Reference Assemblies\Microsoft\Framework\.NETFramework\v4.7\System.Core.dll" /reference:"C:\Program Files (x86)\Reference Assemblies\Microsoft\Framework\.NETFramework\v4.7\System.Data.DataSetExtensions.dll" /reference:"C:\Program Files (x86)\Reference Assemblies\Microsoft\Framework\.NETFramework\v4.7\System.Data.dll" /reference:"C:\Program Files (x86)\Reference Assemblies\Microsoft\Framework\.NETFramework\v4.7\System.DirectoryServices.AccountManagement.dll" /reference:"C:\Program Files (x86)\Reference Assemblies\Microsoft\Framework\.NETFramework\v4.7\System.dll" /reference:"C:\Program Files (x86)\Reference Assemblies\Microsoft\Framework\.NETFramework\v4.7\System.Drawing.dll" /reference:"C:\Program Files (x86)\Reference Assemblies\Microsoft\Framework\.NETFramework\v4.7\System.Web.Services.dll" /reference:"C:\Program Files (x86)\Reference Assemblies\Microsoft\Framework\.NETFramework\v4.7\System.Windows.Forms.dll" /reference:"C:\Program Files (x86)\Reference Assemblies\Microsoft\Framework\.NETFramework\v4.7\System.Xml.dll" /reference:"C:\Program Files (x86)\Reference Assemblies\Microsoft\Framework\.NETFramework\v4.7\System.Xml.Linq.dll" /debug+ /debug:full /filealign:512 /optimize- /out:obj\Debug\Fask.ModulePohodaXML.dll /subsystemversion:6.00 /resource:obj\Debug\Fask.ModulePohodaXML.Form_Properties.resources /resource:obj\Debug\Fask.ModulePohodaXML.Konfigurace.Konfig.resources /target:library /utf8output /langversion:7.3 Classes\Doklady.cs Classes\Importni_Mustek.cs Classes\Inventura.cs Classes\Pohoda.cs Classes\Prijem.cs Classes\Prodej2.cs Database\Ciselniky.cs Database\SkladLokace_Mapa.cs Classes\Vydej.cs Classes\Vyroba.cs Database\Sklady_CZMST_DI.cs Database\Sklady_CZMST_SI.cs Database\Tisk_FASK_FORMULARE.cs Database\Vazby.cs Database\Inventura.cs Database\Pohoda.cs Database\Prijem.cs Database\Vydej.cs Database\Vyroba_Corrects.cs Database\Vyroba_CZPRO_VPH.cs Database\Vyroba_CZPRO_VPP.cs Database\Vyroba_FASK_Vyroba_PVH.cs Database\Vyroba_FASK_Vyroba_TP.cs Database\Vyroba_Groups.cs Database\Vyroba_Machines.cs Database\Vyroba_Production.cs Database\Vyroba_Production_Sources.cs Database\Vyroba_VLoginsGroups.cs Konfigurace\Form_Properties.cs Konfigurace\Form_Properties.Designer.cs Globals_V1.cs Konfigurace\Konfig.cs Konfigurace\Konfig.Designer.cs Konfigurace\Wrapper\RowWrapper.cs Konfigurace\Wrapper\RowWrapperConverter.cs Konfigurace\Wrapper\RowWrapperDescriptor.cs Pohoda_DataSets\DatabasePohoda.cs Pohoda_DataSets\DatabasePohoda.Designer.cs Pohoda_DataSets\Inventura.cs Pohoda_DataSets\Inventura1.Designer.cs Pohoda_DataSets\Odberatele.Designer.cs Pohoda_DataSets\POHODA_V1.Designer.cs Pohoda_DataSets\Pracovnici.cs Pohoda_DataSets\Pracovnici.Designer.cs Pohoda_DataSets\Prijem.Designer.cs Pohoda_DataSets\Prodej.Designer.cs Pohoda_DataSets\Rady.Designer.cs Pohoda_DataSets\SkladLokace.cs Pohoda_DataSets\SkladLokace.Designer.cs Pohoda_DataSets\Sklady.cs Pohoda_DataSets\Sklady.Designer.cs Pohoda_DataSets\Strediska.Designer.cs Pohoda_DataSets\TypyDokladu.Designer.cs Pohoda_DataSets\Uzivatele.cs Pohoda_DataSets\Uzivatele.Designer.cs Pohoda_DataSets\Vydej.cs Pohoda_DataSets\Vydej.Designer.cs Pohoda_DataSets\VyrobaDataSet.cs Pohoda_DataSets\VyrobaDataSet.Designer.cs Pohoda_DataSets\Zbozi.cs Pohoda_DataSets\Zbozi.Designer.cs Properties\AssemblyInfo.cs Properties\Settings.Designer.cs Provider\Ciselniky\ProviderCiselniky_Lokace.cs Provider\Ciselniky\ProviderCiselniky_Odberatele.cs Provider\Ciselniky\ProviderCiselniky_Pracovnici.cs Provider\Ciselniky\ProviderCiselniky_Rady.cs Provider\Ciselniky\ProviderCiselniky_SkladLokace_LokaceTypy.cs Provider\Ciselniky\ProviderCiselniky_SkladLokace_LokaceVariantySortiment.cs Provider\Ciselniky\ProviderCiselniky_SkladLokace_Mapa.cs Provider\Ciselniky\ProviderCiselniky_Sklady.cs Provider\Ciselniky\ProviderCiselniky_Strediska.cs Provider\Ciselniky\ProviderCiselniky_TypyDokladu.cs Provider\Ciselniky\ProviderCiselniky_Zbozi.cs Provider\ProviderAll.cs Provider\ProviderExpedice.cs Provider\ProviderImportMustek.cs Provider\ProviderInventura.cs Provider\ProviderLokace.cs Provider\ProviderHlavni.cs Provider\ProviderPrijem.cs Provider\ProviderProdej.cs Provider\ProviderSkladLokace.cs Provider\ProviderSkladPohyb.cs Provider\ProviderStavSkladu.cs Provider\ProviderTerminal.cs Provider\ProviderUzivatele.cs Provider\Vyroba\ProviderKapacitniPlanovani.cs Provider\Vyroba\ProviderOdvodEvents.cs Provider\Vyroba\ProviderOdvodEventsErr.cs Provider\Vyroba\ProviderProduction_SN.cs Provider\Vyroba\ProviderPV.cs Provider\Vyroba\ProviderVazby.cs Provider\ProviderVydej.cs Provider\Vyroba\ProviderCorrects.cs Provider\Vyroba\ProviderGroups.cs Provider\Vyroba\ProviderMachines.cs Provider\Vyroba\ProviderOperations.cs Provider\Vyroba\ProviderProduction.cs Provider\Vyroba\ProviderProductionSources.cs Provider\Vyroba\ProviderVLoginsGroups.cs Provider\Vyroba\ProviderVMachinesOperations.cs Provider\Vyroba\ProviderVPH.cs Provider\Vyroba\ProviderVPP.cs SettingsModified.cs XML\Classes\Response2.cs XML\MST_Pohoda.cs XML\NetworkDrives.cs XML\PohodaComunication.cs "obj\Debug\.NETFramework,Version=v4.7.AssemblyAttributes.cs"'
  Attempt to open named pipe '9u7Mq5B0RaDaiN3atZFkuOIPV_m2MrBWEDBJPGpczys'
  Attempt to connect named pipe '9u7Mq5B0RaDaiN3atZFkuOIPV_m2MrBWEDBJPGpczys'
  Named pipe '9u7Mq5B0RaDaiN3atZFkuOIPV_m2MrBWEDBJPGpczys' connected
  Begin writing request for Fask.ModulePohodaXML
  End writing request for Fask.ModulePohodaXML
  Begin reading response for Fask.ModulePohodaXML
  End reading response for Fask.ModulePohodaXML
C:\Users\ratho\OneDrive\Plocha\work_2026\FASK_2026\0x_Zdrojove_Kody\Konzola\Fask.Console.Modules\Fask.ModulePohodaXML\Provider\ProviderHlavni.cs(7,7): warning CS0105: Direktiva using pro Fask.Interfaces.DataSets se objevila už døív v tomto oboru názvù. [C:\Users\ratho\OneDrive\Plocha\work_2026\FASK_2026\0x_Zdrojove_Kody\Konzola\Fask.Console.Modules\Fask.ModulePohodaXML\Fask.ModulePohodaXML.csproj]
C:\Users\ratho\OneDrive\Plocha\work_2026\FASK_2026\0x_Zdrojove_Kody\Konzola\Fask.Console.Modules\Fask.ModulePohodaXML\Provider\Ciselniky\ProviderCiselniky_Zbozi.cs(706,17): warning CS0162: Byl zjištìn nedosažitelný kód. [C:\Users\ratho\OneDrive\Plocha\work_2026\FASK_2026\0x_Zdrojove_Kody\Konzola\Fask.Console.Modules\Fask.ModulePohodaXML\Fask.ModulePohodaXML.csproj]
C:\Users\ratho\OneDrive\Plocha\work_2026\FASK_2026\0x_Zdrojove_Kody\Konzola\Fask.Console.Modules\Fask.ModulePohodaXML\Provider\Vyroba\ProviderPV.cs(2019,13): warning CS0162: Byl zjištìn nedosažitelný kód. [C:\Users\ratho\OneDrive\Plocha\work_2026\FASK_2026\0x_Zdrojove_Kody\Konzola\Fask.Console.Modules\Fask.ModulePohodaXML\Fask.ModulePohodaXML.csproj]
C:\Users\ratho\OneDrive\Plocha\work_2026\FASK_2026\0x_Zdrojove_Kody\Konzola\Fask.Console.Modules\Fask.ModulePohodaXML\Provider\Ciselniky\ProviderCiselniky_SkladLokace_Mapa.cs(663,13): warning CS0162: Byl zjištìn nedosažitelný kód. [C:\Users\ratho\OneDrive\Plocha\work_2026\FASK_2026\0x_Zdrojove_Kody\Konzola\Fask.Console.Modules\Fask.ModulePohodaXML\Fask.ModulePohodaXML.csproj]
  CompilerServer: server - server processed compilation - Fask.ModulePohodaXML
_CopyFilesMarkedCopyLocal:
  Probíhá kopírování souboru z umístìní C:\Users\ratho\OneDrive\Plocha\work_2026\FASK_2026\0x_Zdrojove_Kody\_SdileneProjekty_\Fask.Columns\!Build!\Debug\Fask.Columns.dll do umístìní C:\Users\ratho\OneDrive\Plocha\work_2026\FASK_2026\0x_Zdrojove_Kody\!Build!\Konzola\Debug\Fask.Columns.dll.
  Probíhá kopírování souboru z umístìní C:\Users\ratho\OneDrive\Plocha\work_2026\FASK_2026\0x_Zdrojove_Kody\_SdileneProjekty_\Fask.Rady\bin\Debug\Fask.Rady.dll do umístìní C:\Users\ratho\OneDrive\Plocha\work_2026\FASK_2026\0x_Zdrojove_Kody\!Build!\Konzola\Debug\Fask.Rady.dll.
  Probíhá kopírování souboru z umístìní C:\Users\ratho\OneDrive\Plocha\work_2026\FASK_2026\0x_Zdrojove_Kody\_SdileneProjekty_\Fask.Columns\!Build!\Debug\Fask.Columns.pdb do umístìní C:\Users\ratho\OneDrive\Plocha\work_2026\FASK_2026\0x_Zdrojove_Kody\!Build!\Konzola\Debug\Fask.Columns.pdb.
  Probíhá kopírování souboru z umístìní C:\Users\ratho\OneDrive\Plocha\work_2026\FASK_2026\0x_Zdrojove_Kody\_SdileneProjekty_\Fask.Rady\bin\Debug\Fask.Rady.pdb do umístìní C:\Users\ratho\OneDrive\Plocha\work_2026\FASK_2026\0x_Zdrojove_Kody\!Build!\Konzola\Debug\Fask.Rady.pdb.
  Probíhá aktualizace èasového razítka pro C:\Users\ratho\OneDrive\Plocha\work_2026\FASK_2026\0x_Zdrojove_Kody\Konzola\Fask.Console.Modules\Fask.ModulePohodaXML\obj\Debug\Fask.Mod.C6573EBB.Up2Date.
_CopyOutOfDateSourceItemsToOutputDirectory:
Cíl _CopyOutOfDateSourceItemsToOutputDirectory bude vynechán, protože všechny výstupní soubory jsou aktuální vzhledem ke vstupním souborùm.
_CopyAppConfigFile:
Cíl _CopyAppConfigFile bude vynechán, protože všechny výstupní soubory jsou aktuální vzhledem ke vstupním souborùm.
CopyFilesToOutputDirectory:
  Probíhá kopírování souboru z umístìní C:\Users\ratho\OneDrive\Plocha\work_2026\FASK_2026\0x_Zdrojove_Kody\Konzola\Fask.Console.Modules\Fask.ModulePohodaXML\obj\Debug\Fask.ModulePohodaXML.dll do umístìní C:\Users\ratho\OneDrive\Plocha\work_2026\FASK_2026\0x_Zdrojove_Kody\!Build!\Konzola\Debug\Fask.ModulePohodaXML.dll.
  Fask.ModulePohodaXML -> C:\Users\ratho\OneDrive\Plocha\work_2026\FASK_2026\0x_Zdrojove_Kody\!Build!\Konzola\Debug\Fask.ModulePohodaXML.dll
  Probíhá kopírování souboru z umístìní C:\Users\ratho\OneDrive\Plocha\work_2026\FASK_2026\0x_Zdrojove_Kody\Konzola\Fask.Console.Modules\Fask.ModulePohodaXML\obj\Debug\Fask.ModulePohodaXML.pdb do umístìní C:\Users\ratho\OneDrive\Plocha\work_2026\FASK_2026\0x_Zdrojove_Kody\!Build!\Konzola\Debug\Fask.ModulePohodaXML.pdb.
Sestavení projektu C:\Users\ratho\OneDrive\Plocha\work_2026\FASK_2026\0x_Zdrojove_Kody\Konzola\Fask.Console.Modules\Fask.ModulePohodaXML\Fask.ModulePohodaXML.csproj (s výchozími cíli) bylo dokonèeno.
Probíhá sestavení projektu C:\Users\ratho\OneDrive\Plocha\work_2026\FASK_2026\0x_Zdrojove_Kody\Konzola\Konzola\Konzola.csproj (2) – C:\Users\ratho\OneDrive\Plocha\work_2026\FASK_2026\0x_Zdrojove_Kody\Konzola\Fask.Console.Modules\Fask.ModuleSql\Fask.ModuleSql.csproj (21:2) v uzlu 1 (výchozí cíle).
Probíhá sestavení projektu C:\Users\ratho\OneDrive\Plocha\work_2026\FASK_2026\0x_Zdrojove_Kody\Konzola\Fask.Console.Modules\Fask.ModuleSql\Fask.ModuleSql.csproj (21:2) – C:\Users\ratho\OneDrive\Plocha\work_2026\FASK_2026\0x_Zdrojove_Kody\Konzola\Fask.Console.Modules\Fask.ModuleSql_API\Fask.ModuleSql_API.csproj (22:3) v uzlu 1 (výchozí cíle).
GenerateTargetFrameworkMonikerAttribute:
Cíl GenerateTargetFrameworkMonikerAttribute bude vynechán, protože všechny výstupní soubory jsou aktuální vzhledem ke vstupním souborùm.
CoreCompile:
  Setting DOTNET_TieredCompilation to '0'
  C:\Program Files\Microsoft Visual Studio\18\Community\MSBuild\Current\Bin\Roslyn\csc.exe /noconfig /nowarn:1701,1702 /fullpaths /nostdlib+ /errorreport:prompt /warn:4 /define:DEBUG;TRACE /highentropyva+ /reference:C:\Users\ratho\OneDrive\Plocha\work_2026\FASK_2026\0x_Zdrojove_Kody\Konzola\packages\Dapper.2.1.35\lib\net461\Dapper.dll /reference:"C:\Users\ratho\OneDrive\Plocha\work_2026\FASK_2026\0x_Zdrojove_Kody\!Build!\Konzola\Debug\Fask.Console.Interfaces.dll" /reference:"C:\Users\ratho\OneDrive\Plocha\work_2026\FASK_2026\0x_Zdrojove_Kody\_SdileneProjekty_\Fask.Logging\!Build!\Debug\Fask.Logging.dll" /reference:"C:\Users\ratho\OneDrive\Plocha\work_2026\FASK_2026\0x_Zdrojove_Kody\_SdileneProjekty_\FASK.Logins\!Build!\Debug\FASK.Logins.dll" /reference:C:\Users\ratho\OneDrive\Plocha\work_2026\FASK_2026\0x_Zdrojove_Kody\_SdileneProjekty_\Fask.RestSharp\bin\Debug\Fask.RestSharp.dll /reference:"C:\Program Files (x86)\Reference Assemblies\Microsoft\Framework\.NETFramework\v4.7\Microsoft.CSharp.dll" /reference:"C:\Program Files (x86)\Reference Assemblies\Microsoft\Framework\.NETFramework\v4.7\mscorlib.dll" /reference:C:\Users\ratho\OneDrive\Plocha\work_2026\FASK_2026\0x_Zdrojove_Kody\Win_Kom_Server\packages\Newtonsoft.Json.13.0.1\lib\net45\Newtonsoft.Json.dll /reference:C:\Users\ratho\OneDrive\Plocha\work_2026\FASK_2026\0x_Zdrojove_Kody\Win_Kom_Server\packages\RestSharp.106.0.0\lib\net452\RestSharp.dll /reference:"C:\Program Files (x86)\Reference Assemblies\Microsoft\Framework\.NETFramework\v4.7\System.Configuration.dll" /reference:"C:\Program Files (x86)\Reference Assemblies\Microsoft\Framework\.NETFramework\v4.7\System.Core.dll" /reference:"C:\Program Files (x86)\Reference Assemblies\Microsoft\Framework\.NETFramework\v4.7\System.Data.DataSetExtensions.dll" /reference:"C:\Program Files (x86)\Reference Assemblies\Microsoft\Framework\.NETFramework\v4.7\System.Data.dll" /reference:"C:\Program Files (x86)\Reference Assemblies\Microsoft\Framework\.NETFramework\v4.7\System.dll" /reference:"C:\Program Files (x86)\Reference Assemblies\Microsoft\Framework\.NETFramework\v4.7\System.Net.Http.dll" /reference:"C:\Program Files (x86)\Reference Assemblies\Microsoft\Framework\.NETFramework\v4.7\System.Xml.dll" /reference:"C:\Program Files (x86)\Reference Assemblies\Microsoft\Framework\.NETFramework\v4.7\System.Xml.Linq.dll" /debug+ /debug:full /filealign:512 /optimize- /out:obj\Debug\Fask.ModuleSql_API.dll /subsystemversion:6.00 /target:library /utf8output /deterministic+ /langversion:7.3 API_DataSets\API_V1.Designer.cs Classes\WEBAPI\Comunication.cs Classes\WEBAPI\JSON_Class.cs Classes\WEBAPI\JSON_Logs.cs Classes\WEBAPI\Path.cs Globals_V1.cs Properties\AssemblyInfo.cs Provider\Ciselniky\ProviderCiselniky_Lokace.cs Provider\Ciselniky\ProviderCiselniky_Strediska.cs Provider\Ciselniky\ProviderCiselniky_Odberatele.cs Provider\Ciselniky\ProviderCiselniky_Sklady.cs Provider\IT_cast\ProviderIT_cast.cs Provider\ProviderAll.cs Provider\Ciselniky\ProviderCiselniky_Zbozi.cs Provider\ProviderTerminal.cs Provider\ProviderTisk.cs Provider\ProviderUzivatele.cs Provider\Sklady\ProviderSklady.cs Provider\Tisk\ProviderTisk.cs Provider\Vyroba\ProviderCorrects.cs Provider\Vyroba\ProviderGroups.cs Provider\Vyroba\ProviderMachines.cs Provider\Vyroba\ProviderTiskoveSablony.cs Provider\Vyroba\ProviderMachineStateSet.cs Provider\Vyroba\ProviderOdvodEvents.cs Provider\Vyroba\ProviderOdvodEventsErr.cs Provider\Vyroba\ProviderOperations.cs Provider\Vyroba\ProviderProduction.cs Provider\Vyroba\ProviderVMachinesOperations.cs Provider\Vyroba\ProviderVPH.cs Provider\Vyroba\ProviderVPP.cs "obj\Debug\.NETFramework,Version=v4.7.AssemblyAttributes.cs"
  Compilation request Fask.ModuleSql_API, PathToTool=C:\Program Files\Microsoft Visual Studio\18\Community\MSBuild\Current\Bin\Roslyn\csc.exe
  CommandLine = ' /noconfig'
  BuildResponseFile = '/nowarn:1701,1702 /fullpaths /nostdlib+ /errorreport:prompt /warn:4 /define:DEBUG;TRACE /highentropyva+ /reference:C:\Users\ratho\OneDrive\Plocha\work_2026\FASK_2026\0x_Zdrojove_Kody\Konzola\packages\Dapper.2.1.35\lib\net461\Dapper.dll /reference:"C:\Users\ratho\OneDrive\Plocha\work_2026\FASK_2026\0x_Zdrojove_Kody\!Build!\Konzola\Debug\Fask.Console.Interfaces.dll" /reference:"C:\Users\ratho\OneDrive\Plocha\work_2026\FASK_2026\0x_Zdrojove_Kody\_SdileneProjekty_\Fask.Logging\!Build!\Debug\Fask.Logging.dll" /reference:"C:\Users\ratho\OneDrive\Plocha\work_2026\FASK_2026\0x_Zdrojove_Kody\_SdileneProjekty_\FASK.Logins\!Build!\Debug\FASK.Logins.dll" /reference:C:\Users\ratho\OneDrive\Plocha\work_2026\FASK_2026\0x_Zdrojove_Kody\_SdileneProjekty_\Fask.RestSharp\bin\Debug\Fask.RestSharp.dll /reference:"C:\Program Files (x86)\Reference Assemblies\Microsoft\Framework\.NETFramework\v4.7\Microsoft.CSharp.dll" /reference:"C:\Program Files (x86)\Reference Assemblies\Microsoft\Framework\.NETFramework\v4.7\mscorlib.dll" /reference:C:\Users\ratho\OneDrive\Plocha\work_2026\FASK_2026\0x_Zdrojove_Kody\Win_Kom_Server\packages\Newtonsoft.Json.13.0.1\lib\net45\Newtonsoft.Json.dll /reference:C:\Users\ratho\OneDrive\Plocha\work_2026\FASK_2026\0x_Zdrojove_Kody\Win_Kom_Server\packages\RestSharp.106.0.0\lib\net452\RestSharp.dll /reference:"C:\Program Files (x86)\Reference Assemblies\Microsoft\Framework\.NETFramework\v4.7\System.Configuration.dll" /reference:"C:\Program Files (x86)\Reference Assemblies\Microsoft\Framework\.NETFramework\v4.7\System.Core.dll" /reference:"C:\Program Files (x86)\Reference Assemblies\Microsoft\Framework\.NETFramework\v4.7\System.Data.DataSetExtensions.dll" /reference:"C:\Program Files (x86)\Reference Assemblies\Microsoft\Framework\.NETFramework\v4.7\System.Data.dll" /reference:"C:\Program Files (x86)\Reference Assemblies\Microsoft\Framework\.NETFramework\v4.7\System.dll" /reference:"C:\Program Files (x86)\Reference Assemblies\Microsoft\Framework\.NETFramework\v4.7\System.Net.Http.dll" /reference:"C:\Program Files (x86)\Reference Assemblies\Microsoft\Framework\.NETFramework\v4.7\System.Xml.dll" /reference:"C:\Program Files (x86)\Reference Assemblies\Microsoft\Framework\.NETFramework\v4.7\System.Xml.Linq.dll" /debug+ /debug:full /filealign:512 /optimize- /out:obj\Debug\Fask.ModuleSql_API.dll /subsystemversion:6.00 /target:library /utf8output /deterministic+ /langversion:7.3 API_DataSets\API_V1.Designer.cs Classes\WEBAPI\Comunication.cs Classes\WEBAPI\JSON_Class.cs Classes\WEBAPI\JSON_Logs.cs Classes\WEBAPI\Path.cs Globals_V1.cs Properties\AssemblyInfo.cs Provider\Ciselniky\ProviderCiselniky_Lokace.cs Provider\Ciselniky\ProviderCiselniky_Strediska.cs Provider\Ciselniky\ProviderCiselniky_Odberatele.cs Provider\Ciselniky\ProviderCiselniky_Sklady.cs Provider\IT_cast\ProviderIT_cast.cs Provider\ProviderAll.cs Provider\Ciselniky\ProviderCiselniky_Zbozi.cs Provider\ProviderTerminal.cs Provider\ProviderTisk.cs Provider\ProviderUzivatele.cs Provider\Sklady\ProviderSklady.cs Provider\Tisk\ProviderTisk.cs Provider\Vyroba\ProviderCorrects.cs Provider\Vyroba\ProviderGroups.cs Provider\Vyroba\ProviderMachines.cs Provider\Vyroba\ProviderTiskoveSablony.cs Provider\Vyroba\ProviderMachineStateSet.cs Provider\Vyroba\ProviderOdvodEvents.cs Provider\Vyroba\ProviderOdvodEventsErr.cs Provider\Vyroba\ProviderOperations.cs Provider\Vyroba\ProviderProduction.cs Provider\Vyroba\ProviderVMachinesOperations.cs Provider\Vyroba\ProviderVPH.cs Provider\Vyroba\ProviderVPP.cs "obj\Debug\.NETFramework,Version=v4.7.AssemblyAttributes.cs"'
  Attempt to open named pipe '9u7Mq5B0RaDaiN3atZFkuOIPV_m2MrBWEDBJPGpczys'
  Attempt to connect named pipe '9u7Mq5B0RaDaiN3atZFkuOIPV_m2MrBWEDBJPGpczys'
  Named pipe '9u7Mq5B0RaDaiN3atZFkuOIPV_m2MrBWEDBJPGpczys' connected
  Begin writing request for Fask.ModuleSql_API
  End writing request for Fask.ModuleSql_API
  Begin reading response for Fask.ModuleSql_API
  End reading response for Fask.ModuleSql_API
  CompilerServer: server - server processed compilation - Fask.ModuleSql_API
_CopyAppConfigFile:
Cíl _CopyAppConfigFile bude vynechán, protože všechny výstupní soubory jsou aktuální vzhledem ke vstupním souborùm.
CopyFilesToOutputDirectory:
  Probíhá kopírování souboru z umístìní C:\Users\ratho\OneDrive\Plocha\work_2026\FASK_2026\0x_Zdrojove_Kody\Konzola\Fask.Console.Modules\Fask.ModuleSql_API\obj\Debug\Fask.ModuleSql_API.dll do umístìní C:\Users\ratho\OneDrive\Plocha\work_2026\FASK_2026\0x_Zdrojove_Kody\!Build!\Konzola\Debug\Fask.ModuleSql_API.dll.
  Fask.ModuleSql_API -> C:\Users\ratho\OneDrive\Plocha\work_2026\FASK_2026\0x_Zdrojove_Kody\!Build!\Konzola\Debug\Fask.ModuleSql_API.dll
  Probíhá kopírování souboru z umístìní C:\Users\ratho\OneDrive\Plocha\work_2026\FASK_2026\0x_Zdrojove_Kody\Konzola\Fask.Console.Modules\Fask.ModuleSql_API\obj\Debug\Fask.ModuleSql_API.pdb do umístìní C:\Users\ratho\OneDrive\Plocha\work_2026\FASK_2026\0x_Zdrojove_Kody\!Build!\Konzola\Debug\Fask.ModuleSql_API.pdb.
Sestavení projektu C:\Users\ratho\OneDrive\Plocha\work_2026\FASK_2026\0x_Zdrojove_Kody\Konzola\Fask.Console.Modules\Fask.ModuleSql_API\Fask.ModuleSql_API.csproj (s výchozími cíli) bylo dokonèeno.
GenerateTargetFrameworkMonikerAttribute:
Cíl GenerateTargetFrameworkMonikerAttribute bude vynechán, protože všechny výstupní soubory jsou aktuální vzhledem ke vstupním souborùm.
CoreCompile:
  Setting DOTNET_TieredCompilation to '0'
  C:\Program Files\Microsoft Visual Studio\18\Community\MSBuild\Current\Bin\Roslyn\csc.exe /noconfig /nowarn:1701,1702 /fullpaths /nostdlib+ /errorreport:prompt /warn:4 /define:DEBUG;TRACE /highentropyva+ /reference:C:\Users\ratho\OneDrive\Plocha\work_2026\FASK_2026\0x_Zdrojove_Kody\Konzola\packages\Dapper.2.1.35\lib\net461\Dapper.dll /reference:"C:\Users\ratho\OneDrive\Plocha\work_2026\FASK_2026\0x_Zdrojove_Kody\!Build!\Konzola\Debug\Fask.Console.Interfaces.dll" /reference:"C:\Users\ratho\OneDrive\Plocha\work_2026\FASK_2026\0x_Zdrojove_Kody\_SdileneProjekty_\Fask.Logging\!Build!\Debug\Fask.Logging.dll" /reference:"C:\Users\ratho\OneDrive\Plocha\work_2026\FASK_2026\0x_Zdrojove_Kody\_SdileneProjekty_\FASK.Logins\!Build!\Debug\FASK.Logins.dll" /reference:"C:\Users\ratho\OneDrive\Plocha\work_2026\FASK_2026\0x_Zdrojove_Kody\!Build!\Konzola\Debug\Fask.ModuleSql_API.dll" /reference:"C:\Program Files (x86)\Reference Assemblies\Microsoft\Framework\.NETFramework\v4.7\Microsoft.CSharp.dll" /reference:"C:\Program Files (x86)\Reference Assemblies\Microsoft\Framework\.NETFramework\v4.7\mscorlib.dll" /reference:"C:\Program Files (x86)\Reference Assemblies\Microsoft\Framework\.NETFramework\v4.7\System.Configuration.dll" /reference:"C:\Program Files (x86)\Reference Assemblies\Microsoft\Framework\.NETFramework\v4.7\System.Core.dll" /reference:"C:\Program Files (x86)\Reference Assemblies\Microsoft\Framework\.NETFramework\v4.7\System.Data.DataSetExtensions.dll" /reference:"C:\Program Files (x86)\Reference Assemblies\Microsoft\Framework\.NETFramework\v4.7\System.Data.dll" /reference:"C:\Program Files (x86)\Reference Assemblies\Microsoft\Framework\.NETFramework\v4.7\System.DirectoryServices.AccountManagement.dll" /reference:"C:\Program Files (x86)\Reference Assemblies\Microsoft\Framework\.NETFramework\v4.7\System.DirectoryServices.dll" /reference:"C:\Program Files (x86)\Reference Assemblies\Microsoft\Framework\.NETFramework\v4.7\System.dll" /reference:"C:\Program Files (x86)\Reference Assemblies\Microsoft\Framework\.NETFramework\v4.7\System.Web.dll" /reference:"C:\Program Files (x86)\Reference Assemblies\Microsoft\Framework\.NETFramework\v4.7\System.Windows.Forms.dll" /reference:"C:\Program Files (x86)\Reference Assemblies\Microsoft\Framework\.NETFramework\v4.7\System.Xml.dll" /reference:"C:\Program Files (x86)\Reference Assemblies\Microsoft\Framework\.NETFramework\v4.7\System.Xml.Linq.dll" /debug+ /debug:full /filealign:512 /optimize- /out:obj\Debug\Fask.ModuleSql.dll /subsystemversion:6.00 /target:library /utf8output /langversion:7.3 Classes\AD\AccountManagementExtensions.cs Classes\AD\ActiveDirectoryHelper.cs Classes\AD\ADManager.cs Classes\AD\ADProperties.cs Classes\AD\ADUserDetail.cs Classes\Inventura.cs Classes\Pracovnici.cs Database\Ciselnik.cs Database\Inventura_CZMST_I1.cs Database\Sklady_CZMST_SI.cs Database\Sklady_CZMST_SE.cs Database\Sklady_CZMST_PE.cs Database\Sklady_CZMST_DI.cs Database\Sklady_CZMST_PI.cs Database\Tisk_FASK_FORMULARE.cs Database\Vydej.cs Database\Vyroba_Corrects.cs Database\Vyroba_CZPRO_VPP.cs Database\Vyroba_Production_Sources.cs Database\Vyroba_VLoginsGroups.cs Database\Vyroba_VMachinesOperations.cs Database\Vyroba_Operations.cs Database\Vyroba_Machines.cs Database\Vyroba_Groups.cs Database\Vyroba_Production.cs Database\Vyroba_CZPRO_VPH.cs Pohoda_DataSets\DatabasePohoda.Designer.cs Properties\AssemblyInfo.cs Properties\Settings.Designer.cs Provider\IT_cast\ProviderIT_cast.cs Provider\ProviderHlavni.cs Provider\ProviderPrijem.cs Provider\ProviderProdej.cs Provider\ProviderTerminal.cs Provider\ProviderUkolovani.cs Provider\ProviderUzivatele.cs Provider\Tisk\ProviderTisk.cs Provider\Vyroba\ProviderMachineStateSet.cs Provider\Vyroba\ProviderOdvodEventsErr.cs Provider\Vyroba\ProviderOdvodEvents.cs Provider\Vyroba\ProviderProduction_SN.cs Provider\Vyroba\ProviderPV.cs Provider\Vyroba\ProviderTiskoveSablony.cs Provider\Vyroba\ProviderVazby.cs Provider\ProviderAll.cs Provider\ProviderCiselniky.cs Provider\ProviderExpedice.cs Provider\ProviderInventura.cs Provider\ProviderServis.cs Provider\ProviderSkladLokace.cs Provider\ProviderSkladPohyb.cs Provider\ProviderVydej.cs Provider\Vyroba\ProviderVPP.cs Provider\Vyroba\ProviderVPH.cs Provider\Vyroba\ProviderVMachinesOperations.cs Provider\Vyroba\ProviderOperations.cs Provider\Vyroba\ProviderMachines.cs Provider\Vyroba\ProviderCorrects.cs Provider\Vyroba\ProviderGroups.cs Provider\Vyroba\ProviderVLoginsGroups.cs Provider\Vyroba\ProviderProductionSources.cs Provider\Vyroba\ProviderProduction.cs SettingsModified.cs SQL_Datasets\Inventura.cs SQL_Datasets\Inventura.Designer.cs SQL_Datasets\Pracovnici.cs SQL_Datasets\Pracovnici.Designer.cs SQL_Datasets\Report.Designer.cs SQL_Datasets\Servis.cs SQL_Datasets\Servis.Designer.cs SQL_Datasets\SkladLokace.cs SQL_Datasets\SkladLokace.Designer.cs SQL_Datasets\Sklady.cs SQL_Datasets\Sklady.Designer.cs SQL_Datasets\UkolovaniDataset.cs SQL_Datasets\UkolovaniDataset1.Designer.cs SQL_Datasets\Uzivatele.cs SQL_Datasets\Uzivatele.Designer.cs SQL_Datasets\Vydej.cs SQL_Datasets\Vydej.Designer.cs SQL_Datasets\VyrobaDataSet.cs SQL_Datasets\VyrobaDataSet.Designer.cs "obj\Debug\.NETFramework,Version=v4.7.AssemblyAttributes.cs"
  Compilation request Fask.ModuleSql, PathToTool=C:\Program Files\Microsoft Visual Studio\18\Community\MSBuild\Current\Bin\Roslyn\csc.exe
  CommandLine = ' /noconfig'
  BuildResponseFile = '/nowarn:1701,1702 /fullpaths /nostdlib+ /errorreport:prompt /warn:4 /define:DEBUG;TRACE /highentropyva+ /reference:C:\Users\ratho\OneDrive\Plocha\work_2026\FASK_2026\0x_Zdrojove_Kody\Konzola\packages\Dapper.2.1.35\lib\net461\Dapper.dll /reference:"C:\Users\ratho\OneDrive\Plocha\work_2026\FASK_2026\0x_Zdrojove_Kody\!Build!\Konzola\Debug\Fask.Console.Interfaces.dll" /reference:"C:\Users\ratho\OneDrive\Plocha\work_2026\FASK_2026\0x_Zdrojove_Kody\_SdileneProjekty_\Fask.Logging\!Build!\Debug\Fask.Logging.dll" /reference:"C:\Users\ratho\OneDrive\Plocha\work_2026\FASK_2026\0x_Zdrojove_Kody\_SdileneProjekty_\FASK.Logins\!Build!\Debug\FASK.Logins.dll" /reference:"C:\Users\ratho\OneDrive\Plocha\work_2026\FASK_2026\0x_Zdrojove_Kody\!Build!\Konzola\Debug\Fask.ModuleSql_API.dll" /reference:"C:\Program Files (x86)\Reference Assemblies\Microsoft\Framework\.NETFramework\v4.7\Microsoft.CSharp.dll" /reference:"C:\Program Files (x86)\Reference Assemblies\Microsoft\Framework\.NETFramework\v4.7\mscorlib.dll" /reference:"C:\Program Files (x86)\Reference Assemblies\Microsoft\Framework\.NETFramework\v4.7\System.Configuration.dll" /reference:"C:\Program Files (x86)\Reference Assemblies\Microsoft\Framework\.NETFramework\v4.7\System.Core.dll" /reference:"C:\Program Files (x86)\Reference Assemblies\Microsoft\Framework\.NETFramework\v4.7\System.Data.DataSetExtensions.dll" /reference:"C:\Program Files (x86)\Reference Assemblies\Microsoft\Framework\.NETFramework\v4.7\System.Data.dll" /reference:"C:\Program Files (x86)\Reference Assemblies\Microsoft\Framework\.NETFramework\v4.7\System.DirectoryServices.AccountManagement.dll" /reference:"C:\Program Files (x86)\Reference Assemblies\Microsoft\Framework\.NETFramework\v4.7\System.DirectoryServices.dll" /reference:"C:\Program Files (x86)\Reference Assemblies\Microsoft\Framework\.NETFramework\v4.7\System.dll" /reference:"C:\Program Files (x86)\Reference Assemblies\Microsoft\Framework\.NETFramework\v4.7\System.Web.dll" /reference:"C:\Program Files (x86)\Reference Assemblies\Microsoft\Framework\.NETFramework\v4.7\System.Windows.Forms.dll" /reference:"C:\Program Files (x86)\Reference Assemblies\Microsoft\Framework\.NETFramework\v4.7\System.Xml.dll" /reference:"C:\Program Files (x86)\Reference Assemblies\Microsoft\Framework\.NETFramework\v4.7\System.Xml.Linq.dll" /debug+ /debug:full /filealign:512 /optimize- /out:obj\Debug\Fask.ModuleSql.dll /subsystemversion:6.00 /target:library /utf8output /langversion:7.3 Classes\AD\AccountManagementExtensions.cs Classes\AD\ActiveDirectoryHelper.cs Classes\AD\ADManager.cs Classes\AD\ADProperties.cs Classes\AD\ADUserDetail.cs Classes\Inventura.cs Classes\Pracovnici.cs Database\Ciselnik.cs Database\Inventura_CZMST_I1.cs Database\Sklady_CZMST_SI.cs Database\Sklady_CZMST_SE.cs Database\Sklady_CZMST_PE.cs Database\Sklady_CZMST_DI.cs Database\Sklady_CZMST_PI.cs Database\Tisk_FASK_FORMULARE.cs Database\Vydej.cs Database\Vyroba_Corrects.cs Database\Vyroba_CZPRO_VPP.cs Database\Vyroba_Production_Sources.cs Database\Vyroba_VLoginsGroups.cs Database\Vyroba_VMachinesOperations.cs Database\Vyroba_Operations.cs Database\Vyroba_Machines.cs Database\Vyroba_Groups.cs Database\Vyroba_Production.cs Database\Vyroba_CZPRO_VPH.cs Pohoda_DataSets\DatabasePohoda.Designer.cs Properties\AssemblyInfo.cs Properties\Settings.Designer.cs Provider\IT_cast\ProviderIT_cast.cs Provider\ProviderHlavni.cs Provider\ProviderPrijem.cs Provider\ProviderProdej.cs Provider\ProviderTerminal.cs Provider\ProviderUkolovani.cs Provider\ProviderUzivatele.cs Provider\Tisk\ProviderTisk.cs Provider\Vyroba\ProviderMachineStateSet.cs Provider\Vyroba\ProviderOdvodEventsErr.cs Provider\Vyroba\ProviderOdvodEvents.cs Provider\Vyroba\ProviderProduction_SN.cs Provider\Vyroba\ProviderPV.cs Provider\Vyroba\ProviderTiskoveSablony.cs Provider\Vyroba\ProviderVazby.cs Provider\ProviderAll.cs Provider\ProviderCiselniky.cs Provider\ProviderExpedice.cs Provider\ProviderInventura.cs Provider\ProviderServis.cs Provider\ProviderSkladLokace.cs Provider\ProviderSkladPohyb.cs Provider\ProviderVydej.cs Provider\Vyroba\ProviderVPP.cs Provider\Vyroba\ProviderVPH.cs Provider\Vyroba\ProviderVMachinesOperations.cs Provider\Vyroba\ProviderOperations.cs Provider\Vyroba\ProviderMachines.cs Provider\Vyroba\ProviderCorrects.cs Provider\Vyroba\ProviderGroups.cs Provider\Vyroba\ProviderVLoginsGroups.cs Provider\Vyroba\ProviderProductionSources.cs Provider\Vyroba\ProviderProduction.cs SettingsModified.cs SQL_Datasets\Inventura.cs SQL_Datasets\Inventura.Designer.cs SQL_Datasets\Pracovnici.cs SQL_Datasets\Pracovnici.Designer.cs SQL_Datasets\Report.Designer.cs SQL_Datasets\Servis.cs SQL_Datasets\Servis.Designer.cs SQL_Datasets\SkladLokace.cs SQL_Datasets\SkladLokace.Designer.cs SQL_Datasets\Sklady.cs SQL_Datasets\Sklady.Designer.cs SQL_Datasets\UkolovaniDataset.cs SQL_Datasets\UkolovaniDataset1.Designer.cs SQL_Datasets\Uzivatele.cs SQL_Datasets\Uzivatele.Designer.cs SQL_Datasets\Vydej.cs SQL_Datasets\Vydej.Designer.cs SQL_Datasets\VyrobaDataSet.cs SQL_Datasets\VyrobaDataSet.Designer.cs "obj\Debug\.NETFramework,Version=v4.7.AssemblyAttributes.cs"'
  Attempt to open named pipe '9u7Mq5B0RaDaiN3atZFkuOIPV_m2MrBWEDBJPGpczys'
  Attempt to connect named pipe '9u7Mq5B0RaDaiN3atZFkuOIPV_m2MrBWEDBJPGpczys'
  Named pipe '9u7Mq5B0RaDaiN3atZFkuOIPV_m2MrBWEDBJPGpczys' connected
  Begin writing request for Fask.ModuleSql
  End writing request for Fask.ModuleSql
  Begin reading response for Fask.ModuleSql
  End reading response for Fask.ModuleSql
C:\Users\ratho\OneDrive\Plocha\work_2026\FASK_2026\0x_Zdrojove_Kody\Konzola\Fask.Console.Modules\Fask.ModuleSql\Provider\ProviderHlavni.cs(7,7): warning CS0105: Direktiva using pro Fask.Interfaces.DataSets se objevila už døív v tomto oboru názvù. [C:\Users\ratho\OneDrive\Plocha\work_2026\FASK_2026\0x_Zdrojove_Kody\Konzola\Fask.Console.Modules\Fask.ModuleSql\Fask.ModuleSql.csproj]
C:\Users\ratho\OneDrive\Plocha\work_2026\FASK_2026\0x_Zdrojove_Kody\Konzola\Fask.Console.Modules\Fask.ModuleSql\Provider\Vyroba\ProviderPV.cs(94,13): warning CS0162: Byl zjištìn nedosažitelný kód. [C:\Users\ratho\OneDrive\Plocha\work_2026\FASK_2026\0x_Zdrojove_Kody\Konzola\Fask.Console.Modules\Fask.ModuleSql\Fask.ModuleSql.csproj]
  CompilerServer: server - server processed compilation - Fask.ModuleSql
_CopyAppConfigFile:
Cíl _CopyAppConfigFile bude vynechán, protože všechny výstupní soubory jsou aktuální vzhledem ke vstupním souborùm.
CopyFilesToOutputDirectory:
  Probíhá kopírování souboru z umístìní C:\Users\ratho\OneDrive\Plocha\work_2026\FASK_2026\0x_Zdrojove_Kody\Konzola\Fask.Console.Modules\Fask.ModuleSql\obj\Debug\Fask.ModuleSql.dll do umístìní C:\Users\ratho\OneDrive\Plocha\work_2026\FASK_2026\0x_Zdrojove_Kody\!Build!\Konzola\Debug\Fask.ModuleSql.dll.
  Fask.ModuleSql -> C:\Users\ratho\OneDrive\Plocha\work_2026\FASK_2026\0x_Zdrojove_Kody\!Build!\Konzola\Debug\Fask.ModuleSql.dll
  Probíhá kopírování souboru z umístìní C:\Users\ratho\OneDrive\Plocha\work_2026\FASK_2026\0x_Zdrojove_Kody\Konzola\Fask.Console.Modules\Fask.ModuleSql\obj\Debug\Fask.ModuleSql.pdb do umístìní C:\Users\ratho\OneDrive\Plocha\work_2026\FASK_2026\0x_Zdrojove_Kody\!Build!\Konzola\Debug\Fask.ModuleSql.pdb.
Sestavení projektu C:\Users\ratho\OneDrive\Plocha\work_2026\FASK_2026\0x_Zdrojove_Kody\Konzola\Fask.Console.Modules\Fask.ModuleSql\Fask.ModuleSql.csproj (s výchozími cíli) bylo dokonèeno.
Probíhá sestavení projektu C:\Users\ratho\OneDrive\Plocha\work_2026\FASK_2026\0x_Zdrojove_Kody\Konzola\Konzola\Konzola.csproj (2) – C:\Users\ratho\OneDrive\Plocha\work_2026\FASK_2026\0x_Zdrojove_Kody\Konzola\Fask.Encryption\Fask.Encryption.csproj (23:2) v uzlu 1 (výchozí cíle).
GenerateTargetFrameworkMonikerAttribute:
Cíl GenerateTargetFrameworkMonikerAttribute bude vynechán, protože všechny výstupní soubory jsou aktuální vzhledem ke vstupním souborùm.
CoreCompile:
Cíl CoreCompile bude vynechán, protože všechny výstupní soubory jsou aktuální vzhledem ke vstupním souborùm.
CopyFilesToOutputDirectory:
  Fask.Encryption -> C:\Users\ratho\OneDrive\Plocha\work_2026\FASK_2026\0x_Zdrojove_Kody\!Build!\Konzola\Debug\Fask.Encryption.dll
Sestavení projektu C:\Users\ratho\OneDrive\Plocha\work_2026\FASK_2026\0x_Zdrojove_Kody\Konzola\Fask.Encryption\Fask.Encryption.csproj (s výchozími cíli) bylo dokonèeno.
Probíhá sestavení projektu C:\Users\ratho\OneDrive\Plocha\work_2026\FASK_2026\0x_Zdrojove_Kody\Konzola\Konzola\Konzola.csproj (2) – C:\Users\ratho\OneDrive\Plocha\work_2026\FASK_2026\0x_Zdrojove_Kody\Konzola\IRFIDProvider\IRFIDProvider.csproj (24:2) v uzlu 1 (výchozí cíle).
GenerateTargetFrameworkMonikerAttribute:
Cíl GenerateTargetFrameworkMonikerAttribute bude vynechán, protože všechny výstupní soubory jsou aktuální vzhledem ke vstupním souborùm.
CoreCompile:
Cíl CoreCompile bude vynechán, protože všechny výstupní soubory jsou aktuální vzhledem ke vstupním souborùm.
CopyFilesToOutputDirectory:
  IRFIDProvider -> C:\Users\ratho\OneDrive\Plocha\work_2026\FASK_2026\0x_Zdrojove_Kody\!Build!\Konzola\Debug\IRFIDProvider.dll
Sestavení projektu C:\Users\ratho\OneDrive\Plocha\work_2026\FASK_2026\0x_Zdrojove_Kody\Konzola\IRFIDProvider\IRFIDProvider.csproj (s výchozími cíli) bylo dokonèeno.
Probíhá sestavení projektu C:\Users\ratho\OneDrive\Plocha\work_2026\FASK_2026\0x_Zdrojove_Kody\Konzola\Konzola\Konzola.csproj (2) – C:\Users\ratho\OneDrive\Plocha\work_2026\FASK_2026\0x_Zdrojove_Kody\Konzola\MessageForm\MessageForm.csproj (25:2) v uzlu 1 (výchozí cíle).
CoreResGen:
  Žádné prostøedky nejsou vzhledem k pøíslušným zdrojovým souborùm zastaralé. Generování prostøedkù bude vynecháno.
GenerateTargetFrameworkMonikerAttribute:
Cíl GenerateTargetFrameworkMonikerAttribute bude vynechán, protože všechny výstupní soubory jsou aktuální vzhledem ke vstupním souborùm.
CoreCompile:
Cíl CoreCompile bude vynechán, protože všechny výstupní soubory jsou aktuální vzhledem ke vstupním souborùm.
CopyFilesToOutputDirectory:
  MessageForm -> C:\Users\ratho\OneDrive\Plocha\work_2026\FASK_2026\0x_Zdrojove_Kody\!Build!\Konzola\Debug\MessageForm.dll
Sestavení projektu C:\Users\ratho\OneDrive\Plocha\work_2026\FASK_2026\0x_Zdrojove_Kody\Konzola\MessageForm\MessageForm.csproj (s výchozími cíli) bylo dokonèeno.
Probíhá sestavení projektu C:\Users\ratho\OneDrive\Plocha\work_2026\FASK_2026\0x_Zdrojove_Kody\Konzola\Konzola\Konzola.csproj (2) – C:\Users\ratho\OneDrive\Plocha\work_2026\FASK_2026\0x_Zdrojove_Kody\Konzola\RFIDFactory\RFIDFactory.csproj (26:2) v uzlu 1 (výchozí cíle).
GenerateTargetFrameworkMonikerAttribute:
Cíl GenerateTargetFrameworkMonikerAttribute bude vynechán, protože všechny výstupní soubory jsou aktuální vzhledem ke vstupním souborùm.
CoreCompile:
  Setting DOTNET_TieredCompilation to '0'
  C:\Program Files\Microsoft Visual Studio\18\Community\MSBuild\Current\Bin\Roslyn\csc.exe /noconfig /nowarn:1701,1702 /fullpaths /nostdlib+ /errorreport:prompt /warn:4 /define:DEBUG;TRACE /highentropyva+ /reference:C:\Users\ratho\OneDrive\Plocha\work_2026\FASK_2026\0x_Zdrojove_Kody\Konzola\packages\Dapper.2.1.35\lib\net461\Dapper.dll /reference:"C:\Users\ratho\OneDrive\Plocha\work_2026\FASK_2026\0x_Zdrojove_Kody\_SdileneProjekty_\Fask.Logging\!Build!\Debug\Fask.Logging.dll" /reference:"C:\Users\ratho\OneDrive\Plocha\work_2026\FASK_2026\0x_Zdrojove_Kody\!Build!\Konzola\Debug\IRFIDProvider.dll" /reference:"C:\Program Files (x86)\Reference Assemblies\Microsoft\Framework\.NETFramework\v4.7\mscorlib.dll" /reference:"C:\Program Files (x86)\Reference Assemblies\Microsoft\Framework\.NETFramework\v4.7\System.Core.dll" /reference:"C:\Program Files (x86)\Reference Assemblies\Microsoft\Framework\.NETFramework\v4.7\System.Data.DataSetExtensions.dll" /reference:"C:\Program Files (x86)\Reference Assemblies\Microsoft\Framework\.NETFramework\v4.7\System.Data.dll" /reference:"C:\Program Files (x86)\Reference Assemblies\Microsoft\Framework\.NETFramework\v4.7\System.dll" /reference:"C:\Program Files (x86)\Reference Assemblies\Microsoft\Framework\.NETFramework\v4.7\System.Xml.dll" /reference:"C:\Program Files (x86)\Reference Assemblies\Microsoft\Framework\.NETFramework\v4.7\System.Xml.Linq.dll" /debug+ /debug:full /filealign:512 /optimize- /out:obj\Debug\RFIDFactory.dll /subsystemversion:6.00 /target:library /utf8output /langversion:7.3 RFIDFactory.cs Properties\AssemblyInfo.cs "obj\Debug\.NETFramework,Version=v4.7.AssemblyAttributes.cs"
  Compilation request RFIDFactory, PathToTool=C:\Program Files\Microsoft Visual Studio\18\Community\MSBuild\Current\Bin\Roslyn\csc.exe
  CommandLine = ' /noconfig'
  BuildResponseFile = '/nowarn:1701,1702 /fullpaths /nostdlib+ /errorreport:prompt /warn:4 /define:DEBUG;TRACE /highentropyva+ /reference:C:\Users\ratho\OneDrive\Plocha\work_2026\FASK_2026\0x_Zdrojove_Kody\Konzola\packages\Dapper.2.1.35\lib\net461\Dapper.dll /reference:"C:\Users\ratho\OneDrive\Plocha\work_2026\FASK_2026\0x_Zdrojove_Kody\_SdileneProjekty_\Fask.Logging\!Build!\Debug\Fask.Logging.dll" /reference:"C:\Users\ratho\OneDrive\Plocha\work_2026\FASK_2026\0x_Zdrojove_Kody\!Build!\Konzola\Debug\IRFIDProvider.dll" /reference:"C:\Program Files (x86)\Reference Assemblies\Microsoft\Framework\.NETFramework\v4.7\mscorlib.dll" /reference:"C:\Program Files (x86)\Reference Assemblies\Microsoft\Framework\.NETFramework\v4.7\System.Core.dll" /reference:"C:\Program Files (x86)\Reference Assemblies\Microsoft\Framework\.NETFramework\v4.7\System.Data.DataSetExtensions.dll" /reference:"C:\Program Files (x86)\Reference Assemblies\Microsoft\Framework\.NETFramework\v4.7\System.Data.dll" /reference:"C:\Program Files (x86)\Reference Assemblies\Microsoft\Framework\.NETFramework\v4.7\System.dll" /reference:"C:\Program Files (x86)\Reference Assemblies\Microsoft\Framework\.NETFramework\v4.7\System.Xml.dll" /reference:"C:\Program Files (x86)\Reference Assemblies\Microsoft\Framework\.NETFramework\v4.7\System.Xml.Linq.dll" /debug+ /debug:full /filealign:512 /optimize- /out:obj\Debug\RFIDFactory.dll /subsystemversion:6.00 /target:library /utf8output /langversion:7.3 RFIDFactory.cs Properties\AssemblyInfo.cs "obj\Debug\.NETFramework,Version=v4.7.AssemblyAttributes.cs"'
  Attempt to open named pipe '9u7Mq5B0RaDaiN3atZFkuOIPV_m2MrBWEDBJPGpczys'
  Attempt to connect named pipe '9u7Mq5B0RaDaiN3atZFkuOIPV_m2MrBWEDBJPGpczys'
  Named pipe '9u7Mq5B0RaDaiN3atZFkuOIPV_m2MrBWEDBJPGpczys' connected
  Begin writing request for RFIDFactory
  End writing request for RFIDFactory
  Begin reading response for RFIDFactory
  End reading response for RFIDFactory
  CompilerServer: server - server processed compilation - RFIDFactory
_CopyOutOfDateSourceItemsToOutputDirectory:
Cíl _CopyOutOfDateSourceItemsToOutputDirectory bude vynechán, protože všechny výstupní soubory jsou aktuální vzhledem ke vstupním souborùm.
CopyFilesToOutputDirectory:
  Probíhá kopírování souboru z umístìní C:\Users\ratho\OneDrive\Plocha\work_2026\FASK_2026\0x_Zdrojove_Kody\Konzola\RFIDFactory\obj\Debug\RFIDFactory.dll do umístìní C:\Users\ratho\OneDrive\Plocha\work_2026\FASK_2026\0x_Zdrojove_Kody\!Build!\Konzola\Debug\RFIDFactory.dll.
  RFIDFactory -> C:\Users\ratho\OneDrive\Plocha\work_2026\FASK_2026\0x_Zdrojove_Kody\!Build!\Konzola\Debug\RFIDFactory.dll
  Probíhá kopírování souboru z umístìní C:\Users\ratho\OneDrive\Plocha\work_2026\FASK_2026\0x_Zdrojove_Kody\Konzola\RFIDFactory\obj\Debug\RFIDFactory.pdb do umístìní C:\Users\ratho\OneDrive\Plocha\work_2026\FASK_2026\0x_Zdrojove_Kody\!Build!\Konzola\Debug\RFIDFactory.pdb.
Sestavení projektu C:\Users\ratho\OneDrive\Plocha\work_2026\FASK_2026\0x_Zdrojove_Kody\Konzola\RFIDFactory\RFIDFactory.csproj (s výchozími cíli) bylo dokonèeno.
ResolveAssemblyReferences:
  Konflikt bude pravdìpodobnì možné vyøešit pøemapováním souboru app.config sestavení System.ValueTuple, Culture=neutral, PublicKeyToken=cc7b13ffcd2ddd51 z verze 0.0.0.0 [] na verzi 4.0.3.0 [C:\Users\ratho\OneDrive\Plocha\work_2026\FASK_2026\0x_Zdrojove_Kody\Konzola\packages\System.ValueTuple.4.5.0\lib\net47\System.ValueTuple.dll]. Upozornìní by se poté nemìlo zobrazovat.
  Konflikt bude pravdìpodobnì možné vyøešit pøemapováním souboru app.config sestavení System.Runtime.InteropServices.RuntimeInformation, Culture=neutral, PublicKeyToken=b03f5f7f11d50a3a z verze 0.0.0.0 [] na verzi 4.0.2.0 [C:\Program Files\Microsoft Visual Studio\18\Community\MSBuild\Microsoft\Microsoft.NET.Build.Extensions\net47\lib\System.Runtime.InteropServices.RuntimeInformation.dll]. Upozornìní by se poté nemìlo zobrazovat.
  Konflikt bude pravdìpodobnì možné vyøešit pøemapováním souboru app.config sestavení System.Security.Cryptography.Algorithms, Culture=neutral, PublicKeyToken=b03f5f7f11d50a3a z verze 0.0.0.0 [] na verzi 4.3.0.0 [C:\Program Files\Microsoft Visual Studio\18\Community\MSBuild\Microsoft\Microsoft.NET.Build.Extensions\net47\lib\System.Security.Cryptography.Algorithms.dll]. Upozornìní by se poté nemìlo zobrazovat.
  Konflikt bude pravdìpodobnì možné vyøešit pøemapováním souboru app.config sestavení System.Collections.Concurrent, Culture=neutral, PublicKeyToken=b03f5f7f11d50a3a z verze 4.0.10.0 [C:\Program Files (x86)\Reference Assemblies\Microsoft\Framework\.NETFramework\v4.7\Facades\System.Collections.Concurrent.dll] na verzi 4.0.11.0 [C:\Program Files\Microsoft Visual Studio\18\Community\MSBuild\Microsoft\Microsoft.NET.Build.Extensions\net461\lib\System.Collections.Concurrent.dll]. Upozornìní by se poté nemìlo zobrazovat.
  Konflikt bude pravdìpodobnì možné vyøešit pøemapováním souboru app.config sestavení System.Collections, Culture=neutral, PublicKeyToken=b03f5f7f11d50a3a z verze 4.0.10.0 [C:\Program Files (x86)\Reference Assemblies\Microsoft\Framework\.NETFramework\v4.7\Facades\System.Collections.dll] na verzi 4.0.11.0 [C:\Program Files\Microsoft Visual Studio\18\Community\MSBuild\Microsoft\Microsoft.NET.Build.Extensions\net461\lib\System.Collections.dll]. Upozornìní by se poté nemìlo zobrazovat.
  Konflikt bude pravdìpodobnì možné vyøešit pøemapováním souboru app.config sestavení System.ComponentModel, Culture=neutral, PublicKeyToken=b03f5f7f11d50a3a z verze 4.0.0.0 [C:\Program Files (x86)\Reference Assemblies\Microsoft\Framework\.NETFramework\v4.7\Facades\System.ComponentModel.dll] na verzi 4.0.1.0 [C:\Program Files\Microsoft Visual Studio\18\Community\MSBuild\Microsoft\Microsoft.NET.Build.Extensions\net461\lib\System.ComponentModel.dll]. Upozornìní by se poté nemìlo zobrazovat.
  Konflikt bude pravdìpodobnì možné vyøešit pøemapováním souboru app.config sestavení System.ComponentModel.EventBasedAsync, Culture=neutral, PublicKeyToken=b03f5f7f11d50a3a z verze 4.0.10.0 [C:\Program Files (x86)\Reference Assemblies\Microsoft\Framework\.NETFramework\v4.7\Facades\System.ComponentModel.EventBasedAsync.dll] na verzi 4.0.11.0 [C:\Program Files\Microsoft Visual Studio\18\Community\MSBuild\Microsoft\Microsoft.NET.Build.Extensions\net461\lib\System.ComponentModel.EventBasedAsync.dll]. Upozornìní by se poté nemìlo zobrazovat.
  Konflikt bude pravdìpodobnì možné vyøešit pøemapováním souboru app.config sestavení System.Data.Common, Culture=neutral, PublicKeyToken=b03f5f7f11d50a3a z verze 0.0.0.0 [] na verzi 4.2.0.0 [C:\Program Files\Microsoft Visual Studio\18\Community\MSBuild\Microsoft\Microsoft.NET.Build.Extensions\net461\lib\System.Data.Common.dll]. Upozornìní by se poté nemìlo zobrazovat.
  Konflikt bude pravdìpodobnì možné vyøešit pøemapováním souboru app.config sestavení System.Diagnostics.Contracts, Culture=neutral, PublicKeyToken=b03f5f7f11d50a3a z verze 4.0.0.0 [C:\Program Files (x86)\Reference Assemblies\Microsoft\Framework\.NETFramework\v4.7\Facades\System.Diagnostics.Contracts.dll] na verzi 4.0.1.0 [C:\Program Files\Microsoft Visual Studio\18\Community\MSBuild\Microsoft\Microsoft.NET.Build.Extensions\net461\lib\System.Diagnostics.Contracts.dll]. Upozornìní by se poté nemìlo zobrazovat.
  Konflikt bude pravdìpodobnì možné vyøešit pøemapováním souboru app.config sestavení System.Diagnostics.Debug, Culture=neutral, PublicKeyToken=b03f5f7f11d50a3a z verze 4.0.10.0 [C:\Program Files (x86)\Reference Assemblies\Microsoft\Framework\.NETFramework\v4.7\Facades\System.Diagnostics.Debug.dll] na verzi 4.0.11.0 [C:\Program Files\Microsoft Visual Studio\18\Community\MSBuild\Microsoft\Microsoft.NET.Build.Extensions\net461\lib\System.Diagnostics.Debug.dll]. Upozornìní by se poté nemìlo zobrazovat.
  Konflikt bude pravdìpodobnì možné vyøešit pøemapováním souboru app.config sestavení System.Diagnostics.StackTrace, Culture=neutral, PublicKeyToken=b03f5f7f11d50a3a z verze 0.0.0.0 [] na verzi 4.1.0.0 [C:\Program Files\Microsoft Visual Studio\18\Community\MSBuild\Microsoft\Microsoft.NET.Build.Extensions\net461\lib\System.Diagnostics.StackTrace.dll]. Upozornìní by se poté nemìlo zobrazovat.
  Konflikt bude pravdìpodobnì možné vyøešit pøemapováním souboru app.config sestavení System.Diagnostics.Tools, Culture=neutral, PublicKeyToken=b03f5f7f11d50a3a z verze 4.0.0.0 [C:\Program Files (x86)\Reference Assemblies\Microsoft\Framework\.NETFramework\v4.7\Facades\System.Diagnostics.Tools.dll] na verzi 4.0.1.0 [C:\Program Files\Microsoft Visual Studio\18\Community\MSBuild\Microsoft\Microsoft.NET.Build.Extensions\net461\lib\System.Diagnostics.Tools.dll]. Upozornìní by se poté nemìlo zobrazovat.
  Konflikt bude pravdìpodobnì možné vyøešit pøemapováním souboru app.config sestavení System.Diagnostics.Tracing, Culture=neutral, PublicKeyToken=b03f5f7f11d50a3a z verze 4.0.20.0 [C:\Program Files (x86)\Reference Assemblies\Microsoft\Framework\.NETFramework\v4.7\Facades\System.Diagnostics.Tracing.dll] na verzi 4.2.0.0 [C:\Program Files\Microsoft Visual Studio\18\Community\MSBuild\Microsoft\Microsoft.NET.Build.Extensions\net461\lib\System.Diagnostics.Tracing.dll]. Upozornìní by se poté nemìlo zobrazovat.
  Konflikt bude pravdìpodobnì možné vyøešit pøemapováním souboru app.config sestavení System.Dynamic.Runtime, Culture=neutral, PublicKeyToken=b03f5f7f11d50a3a z verze 4.0.10.0 [C:\Program Files (x86)\Reference Assemblies\Microsoft\Framework\.NETFramework\v4.7\Facades\System.Dynamic.Runtime.dll] na verzi 4.0.11.0 [C:\Program Files\Microsoft Visual Studio\18\Community\MSBuild\Microsoft\Microsoft.NET.Build.Extensions\net461\lib\System.Dynamic.Runtime.dll]. Upozornìní by se poté nemìlo zobrazovat.
  Konflikt bude pravdìpodobnì možné vyøešit pøemapováním souboru app.config sestavení System.Globalization, Culture=neutral, PublicKeyToken=b03f5f7f11d50a3a z verze 4.0.10.0 [C:\Program Files (x86)\Reference Assemblies\Microsoft\Framework\.NETFramework\v4.7\Facades\System.Globalization.dll] na verzi 4.0.11.0 [C:\Program Files\Microsoft Visual Studio\18\Community\MSBuild\Microsoft\Microsoft.NET.Build.Extensions\net461\lib\System.Globalization.dll]. Upozornìní by se poté nemìlo zobrazovat.
  Konflikt bude pravdìpodobnì možné vyøešit pøemapováním souboru app.config sestavení System.Globalization.Extensions, Culture=neutral, PublicKeyToken=b03f5f7f11d50a3a z verze 0.0.0.0 [] na verzi 4.1.0.0 [C:\Program Files\Microsoft Visual Studio\18\Community\MSBuild\Microsoft\Microsoft.NET.Build.Extensions\net461\lib\System.Globalization.Extensions.dll]. Upozornìní by se poté nemìlo zobrazovat.
  Konflikt bude pravdìpodobnì možné vyøešit pøemapováním souboru app.config sestavení System.IO.Compression, Culture=neutral, PublicKeyToken=b77a5c561934e089 z verze 4.0.0.0 [C:\Program Files (x86)\Reference Assemblies\Microsoft\Framework\.NETFramework\v4.7\System.IO.Compression.dll] na verzi 4.2.0.0 [C:\Program Files\Microsoft Visual Studio\18\Community\MSBuild\Microsoft\Microsoft.NET.Build.Extensions\net461\lib\System.IO.Compression.dll]. Upozornìní by se poté nemìlo zobrazovat.
  Konflikt bude pravdìpodobnì možné vyøešit pøemapováním souboru app.config sestavení System.IO, Culture=neutral, PublicKeyToken=b03f5f7f11d50a3a z verze 4.0.10.0 [C:\Program Files (x86)\Reference Assemblies\Microsoft\Framework\.NETFramework\v4.7\Facades\System.IO.dll] na verzi 4.1.2.0 [C:\Program Files\Microsoft Visual Studio\18\Community\MSBuild\Microsoft\Microsoft.NET.Build.Extensions\net461\lib\System.IO.dll]. Upozornìní by se poté nemìlo zobrazovat.
  Konflikt bude pravdìpodobnì možné vyøešit pøemapováním souboru app.config sestavení System.Linq, Culture=neutral, PublicKeyToken=b03f5f7f11d50a3a z verze 4.0.0.0 [C:\Program Files (x86)\Reference Assemblies\Microsoft\Framework\.NETFramework\v4.7\Facades\System.Linq.dll] na verzi 4.1.2.0 [C:\Program Files\Microsoft Visual Studio\18\Community\MSBuild\Microsoft\Microsoft.NET.Build.Extensions\net461\lib\System.Linq.dll]. Upozornìní by se poté nemìlo zobrazovat.
  Konflikt bude pravdìpodobnì možné vyøešit pøemapováním souboru app.config sestavení System.Linq.Expressions, Culture=neutral, PublicKeyToken=b03f5f7f11d50a3a z verze 4.0.10.0 [C:\Program Files (x86)\Reference Assemblies\Microsoft\Framework\.NETFramework\v4.7\Facades\System.Linq.Expressions.dll] na verzi 4.1.2.0 [C:\Program Files\Microsoft Visual Studio\18\Community\MSBuild\Microsoft\Microsoft.NET.Build.Extensions\net461\lib\System.Linq.Expressions.dll]. Upozornìní by se poté nemìlo zobrazovat.
  Konflikt bude pravdìpodobnì možné vyøešit pøemapováním souboru app.config sestavení System.Linq.Parallel, Culture=neutral, PublicKeyToken=b03f5f7f11d50a3a z verze 4.0.0.0 [C:\Program Files (x86)\Reference Assemblies\Microsoft\Framework\.NETFramework\v4.7\Facades\System.Linq.Parallel.dll] na verzi 4.0.1.0 [C:\Program Files\Microsoft Visual Studio\18\Community\MSBuild\Microsoft\Microsoft.NET.Build.Extensions\net461\lib\System.Linq.Parallel.dll]. Upozornìní by se poté nemìlo zobrazovat.
  Konflikt bude pravdìpodobnì možné vyøešit pøemapováním souboru app.config sestavení System.Linq.Queryable, Culture=neutral, PublicKeyToken=b03f5f7f11d50a3a z verze 4.0.0.0 [C:\Program Files (x86)\Reference Assemblies\Microsoft\Framework\.NETFramework\v4.7\Facades\System.Linq.Queryable.dll] na verzi 4.0.1.0 [C:\Program Files\Microsoft Visual Studio\18\Community\MSBuild\Microsoft\Microsoft.NET.Build.Extensions\net461\lib\System.Linq.Queryable.dll]. Upozornìní by se poté nemìlo zobrazovat.
  Konflikt bude pravdìpodobnì možné vyøešit pøemapováním souboru app.config sestavení System.Net.Http, Culture=neutral, PublicKeyToken=b03f5f7f11d50a3a z verze 4.0.0.0 [C:\Program Files (x86)\Reference Assemblies\Microsoft\Framework\.NETFramework\v4.7\System.Net.Http.dll] na verzi 4.2.0.0 [C:\Program Files\Microsoft Visual Studio\18\Community\MSBuild\Microsoft\Microsoft.NET.Build.Extensions\net461\lib\System.Net.Http.dll]. Upozornìní by se poté nemìlo zobrazovat.
  Konflikt bude pravdìpodobnì možné vyøešit pøemapováním souboru app.config sestavení System.Net.NetworkInformation, Culture=neutral, PublicKeyToken=b03f5f7f11d50a3a z verze 4.0.10.0 [C:\Program Files (x86)\Reference Assemblies\Microsoft\Framework\.NETFramework\v4.7\Facades\System.Net.NetworkInformation.dll] na verzi 4.1.2.0 [C:\Program Files\Microsoft Visual Studio\18\Community\MSBuild\Microsoft\Microsoft.NET.Build.Extensions\net461\lib\System.Net.NetworkInformation.dll]. Upozornìní by se poté nemìlo zobrazovat.
  Konflikt bude pravdìpodobnì možné vyøešit pøemapováním souboru app.config sestavení System.Net.Primitives, Culture=neutral, PublicKeyToken=b03f5f7f11d50a3a z verze 4.0.10.0 [C:\Program Files (x86)\Reference Assemblies\Microsoft\Framework\.NETFramework\v4.7\Facades\System.Net.Primitives.dll] na verzi 4.0.11.0 [C:\Program Files\Microsoft Visual Studio\18\Community\MSBuild\Microsoft\Microsoft.NET.Build.Extensions\net461\lib\System.Net.Primitives.dll]. Upozornìní by se poté nemìlo zobrazovat.
  Konflikt bude pravdìpodobnì možné vyøešit pøemapováním souboru app.config sestavení System.Net.Requests, Culture=neutral, PublicKeyToken=b03f5f7f11d50a3a z verze 4.0.10.0 [C:\Program Files (x86)\Reference Assemblies\Microsoft\Framework\.NETFramework\v4.7\Facades\System.Net.Requests.dll] na verzi 4.0.11.0 [C:\Program Files\Microsoft Visual Studio\18\Community\MSBuild\Microsoft\Microsoft.NET.Build.Extensions\net461\lib\System.Net.Requests.dll]. Upozornìní by se poté nemìlo zobrazovat.
  Konflikt bude pravdìpodobnì možné vyøešit pøemapováním souboru app.config sestavení System.Net.Sockets, Culture=neutral, PublicKeyToken=b03f5f7f11d50a3a z verze 0.0.0.0 [] na verzi 4.2.0.0 [C:\Program Files\Microsoft Visual Studio\18\Community\MSBuild\Microsoft\Microsoft.NET.Build.Extensions\net461\lib\System.Net.Sockets.dll]. Upozornìní by se poté nemìlo zobrazovat.
  Konflikt bude pravdìpodobnì možné vyøešit pøemapováním souboru app.config sestavení System.ObjectModel, Culture=neutral, PublicKeyToken=b03f5f7f11d50a3a z verze 4.0.10.0 [C:\Program Files (x86)\Reference Assemblies\Microsoft\Framework\.NETFramework\v4.7\Facades\System.ObjectModel.dll] na verzi 4.0.11.0 [C:\Program Files\Microsoft Visual Studio\18\Community\MSBuild\Microsoft\Microsoft.NET.Build.Extensions\net461\lib\System.ObjectModel.dll]. Upozornìní by se poté nemìlo zobrazovat.
  Konflikt bude pravdìpodobnì možné vyøešit pøemapováním souboru app.config sestavení System.Reflection, Culture=neutral, PublicKeyToken=b03f5f7f11d50a3a z verze 4.0.10.0 [C:\Program Files (x86)\Reference Assemblies\Microsoft\Framework\.NETFramework\v4.7\Facades\System.Reflection.dll] na verzi 4.1.2.0 [C:\Program Files\Microsoft Visual Studio\18\Community\MSBuild\Microsoft\Microsoft.NET.Build.Extensions\net461\lib\System.Reflection.dll]. Upozornìní by se poté nemìlo zobrazovat.
  Konflikt bude pravdìpodobnì možné vyøešit pøemapováním souboru app.config sestavení System.Reflection.Extensions, Culture=neutral, PublicKeyToken=b03f5f7f11d50a3a z verze 4.0.0.0 [C:\Program Files (x86)\Reference Assemblies\Microsoft\Framework\.NETFramework\v4.7\Facades\System.Reflection.Extensions.dll] na verzi 4.0.1.0 [C:\Program Files\Microsoft Visual Studio\18\Community\MSBuild\Microsoft\Microsoft.NET.Build.Extensions\net461\lib\System.Reflection.Extensions.dll]. Upozornìní by se poté nemìlo zobrazovat.
  Konflikt bude pravdìpodobnì možné vyøešit pøemapováním souboru app.config sestavení System.Reflection.Primitives, Culture=neutral, PublicKeyToken=b03f5f7f11d50a3a z verze 4.0.0.0 [C:\Program Files (x86)\Reference Assemblies\Microsoft\Framework\.NETFramework\v4.7\Facades\System.Reflection.Primitives.dll] na verzi 4.0.1.0 [C:\Program Files\Microsoft Visual Studio\18\Community\MSBuild\Microsoft\Microsoft.NET.Build.Extensions\net461\lib\System.Reflection.Primitives.dll]. Upozornìní by se poté nemìlo zobrazovat.
  Konflikt bude pravdìpodobnì možné vyøešit pøemapováním souboru app.config sestavení System.Resources.ResourceManager, Culture=neutral, PublicKeyToken=b03f5f7f11d50a3a z verze 4.0.0.0 [C:\Program Files (x86)\Reference Assemblies\Microsoft\Framework\.NETFramework\v4.7\Facades\System.Resources.ResourceManager.dll] na verzi 4.0.1.0 [C:\Program Files\Microsoft Visual Studio\18\Community\MSBuild\Microsoft\Microsoft.NET.Build.Extensions\net461\lib\System.Resources.ResourceManager.dll]. Upozornìní by se poté nemìlo zobrazovat.
  Konflikt bude pravdìpodobnì možné vyøešit pøemapováním souboru app.config sestavení System.Runtime, Culture=neutral, PublicKeyToken=b03f5f7f11d50a3a z verze 4.0.20.0 [C:\Program Files (x86)\Reference Assemblies\Microsoft\Framework\.NETFramework\v4.7\Facades\System.Runtime.dll] na verzi 4.1.2.0 [C:\Program Files\Microsoft Visual Studio\18\Community\MSBuild\Microsoft\Microsoft.NET.Build.Extensions\net461\lib\System.Runtime.dll]. Upozornìní by se poté nemìlo zobrazovat.
  Konflikt bude pravdìpodobnì možné vyøešit pøemapováním souboru app.config sestavení System.Runtime.Extensions, Culture=neutral, PublicKeyToken=b03f5f7f11d50a3a z verze 4.0.10.0 [C:\Program Files (x86)\Reference Assemblies\Microsoft\Framework\.NETFramework\v4.7\Facades\System.Runtime.Extensions.dll] na verzi 4.1.2.0 [C:\Program Files\Microsoft Visual Studio\18\Community\MSBuild\Microsoft\Microsoft.NET.Build.Extensions\net461\lib\System.Runtime.Extensions.dll]. Upozornìní by se poté nemìlo zobrazovat.
  Konflikt bude pravdìpodobnì možné vyøešit pøemapováním souboru app.config sestavení System.Runtime.InteropServices, Culture=neutral, PublicKeyToken=b03f5f7f11d50a3a z verze 4.0.20.0 [C:\Program Files (x86)\Reference Assemblies\Microsoft\Framework\.NETFramework\v4.7\Facades\System.Runtime.InteropServices.dll] na verzi 4.1.2.0 [C:\Program Files\Microsoft Visual Studio\18\Community\MSBuild\Microsoft\Microsoft.NET.Build.Extensions\net461\lib\System.Runtime.InteropServices.dll]. Upozornìní by se poté nemìlo zobrazovat.
  Konflikt bude pravdìpodobnì možné vyøešit pøemapováním souboru app.config sestavení System.Runtime.Numerics, Culture=neutral, PublicKeyToken=b03f5f7f11d50a3a z verze 4.0.0.0 [C:\Program Files (x86)\Reference Assemblies\Microsoft\Framework\.NETFramework\v4.7\Facades\System.Runtime.Numerics.dll] na verzi 4.0.1.0 [C:\Program Files\Microsoft Visual Studio\18\Community\MSBuild\Microsoft\Microsoft.NET.Build.Extensions\net461\lib\System.Runtime.Numerics.dll]. Upozornìní by se poté nemìlo zobrazovat.
  Konflikt bude pravdìpodobnì možné vyøešit pøemapováním souboru app.config sestavení System.Runtime.Serialization.Json, Culture=neutral, PublicKeyToken=b03f5f7f11d50a3a z verze 4.0.0.0 [C:\Program Files (x86)\Reference Assemblies\Microsoft\Framework\.NETFramework\v4.7\Facades\System.Runtime.Serialization.Json.dll] na verzi 4.0.1.0 [C:\Program Files\Microsoft Visual Studio\18\Community\MSBuild\Microsoft\Microsoft.NET.Build.Extensions\net461\lib\System.Runtime.Serialization.Json.dll]. Upozornìní by se poté nemìlo zobrazovat.
  Konflikt bude pravdìpodobnì možné vyøešit pøemapováním souboru app.config sestavení System.Runtime.Serialization.Primitives, Culture=neutral, PublicKeyToken=b03f5f7f11d50a3a z verze 4.0.10.0 [C:\Program Files (x86)\Reference Assemblies\Microsoft\Framework\.NETFramework\v4.7\Facades\System.Runtime.Serialization.Primitives.dll] na verzi 4.2.0.0 [C:\Program Files\Microsoft Visual Studio\18\Community\MSBuild\Microsoft\Microsoft.NET.Build.Extensions\net461\lib\System.Runtime.Serialization.Primitives.dll]. Upozornìní by se poté nemìlo zobrazovat.
  Konflikt bude pravdìpodobnì možné vyøešit pøemapováním souboru app.config sestavení System.Runtime.Serialization.Xml, Culture=neutral, PublicKeyToken=b03f5f7f11d50a3a z verze 4.0.10.0 [C:\Program Files (x86)\Reference Assemblies\Microsoft\Framework\.NETFramework\v4.7\Facades\System.Runtime.Serialization.Xml.dll] na verzi 4.1.3.0 [C:\Program Files\Microsoft Visual Studio\18\Community\MSBuild\Microsoft\Microsoft.NET.Build.Extensions\net461\lib\System.Runtime.Serialization.Xml.dll]. Upozornìní by se poté nemìlo zobrazovat.
  Konflikt bude pravdìpodobnì možné vyøešit pøemapováním souboru app.config sestavení System.Security.Principal, Culture=neutral, PublicKeyToken=b03f5f7f11d50a3a z verze 4.0.0.0 [C:\Program Files (x86)\Reference Assemblies\Microsoft\Framework\.NETFramework\v4.7\Facades\System.Security.Principal.dll] na verzi 4.0.1.0 [C:\Program Files\Microsoft Visual Studio\18\Community\MSBuild\Microsoft\Microsoft.NET.Build.Extensions\net461\lib\System.Security.Principal.dll]. Upozornìní by se poté nemìlo zobrazovat.
  Konflikt bude pravdìpodobnì možné vyøešit pøemapováním souboru app.config sestavení System.Security.SecureString, Culture=neutral, PublicKeyToken=b03f5f7f11d50a3a z verze 0.0.0.0 [] na verzi 4.1.0.0 [C:\Program Files\Microsoft Visual Studio\18\Community\MSBuild\Microsoft\Microsoft.NET.Build.Extensions\net461\lib\System.Security.SecureString.dll]. Upozornìní by se poté nemìlo zobrazovat.
  Konflikt bude pravdìpodobnì možné vyøešit pøemapováním souboru app.config sestavení System.Text.Encoding, Culture=neutral, PublicKeyToken=b03f5f7f11d50a3a z verze 4.0.10.0 [C:\Program Files (x86)\Reference Assemblies\Microsoft\Framework\.NETFramework\v4.7\Facades\System.Text.Encoding.dll] na verzi 4.0.11.0 [C:\Program Files\Microsoft Visual Studio\18\Community\MSBuild\Microsoft\Microsoft.NET.Build.Extensions\net461\lib\System.Text.Encoding.dll]. Upozornìní by se poté nemìlo zobrazovat.
  Konflikt bude pravdìpodobnì možné vyøešit pøemapováním souboru app.config sestavení System.Text.Encoding.Extensions, Culture=neutral, PublicKeyToken=b03f5f7f11d50a3a z verze 4.0.10.0 [C:\Program Files (x86)\Reference Assemblies\Microsoft\Framework\.NETFramework\v4.7\Facades\System.Text.Encoding.Extensions.dll] na verzi 4.0.11.0 [C:\Program Files\Microsoft Visual Studio\18\Community\MSBuild\Microsoft\Microsoft.NET.Build.Extensions\net461\lib\System.Text.Encoding.Extensions.dll]. Upozornìní by se poté nemìlo zobrazovat.
  Konflikt bude pravdìpodobnì možné vyøešit pøemapováním souboru app.config sestavení System.Text.RegularExpressions, Culture=neutral, PublicKeyToken=b03f5f7f11d50a3a z verze 4.0.10.0 [C:\Program Files (x86)\Reference Assemblies\Microsoft\Framework\.NETFramework\v4.7\Facades\System.Text.RegularExpressions.dll] na verzi 4.1.1.0 [C:\Program Files\Microsoft Visual Studio\18\Community\MSBuild\Microsoft\Microsoft.NET.Build.Extensions\net461\lib\System.Text.RegularExpressions.dll]. Upozornìní by se poté nemìlo zobrazovat.
  Konflikt bude pravdìpodobnì možné vyøešit pøemapováním souboru app.config sestavení System.Threading, Culture=neutral, PublicKeyToken=b03f5f7f11d50a3a z verze 4.0.10.0 [C:\Program Files (x86)\Reference Assemblies\Microsoft\Framework\.NETFramework\v4.7\Facades\System.Threading.dll] na verzi 4.0.11.0 [C:\Program Files\Microsoft Visual Studio\18\Community\MSBuild\Microsoft\Microsoft.NET.Build.Extensions\net461\lib\System.Threading.dll]. Upozornìní by se poté nemìlo zobrazovat.
  Konflikt bude pravdìpodobnì možné vyøešit pøemapováním souboru app.config sestavení System.Threading.Overlapped, Culture=neutral, PublicKeyToken=b03f5f7f11d50a3a z verze 0.0.0.0 [] na verzi 4.1.0.0 [C:\Program Files\Microsoft Visual Studio\18\Community\MSBuild\Microsoft\Microsoft.NET.Build.Extensions\net461\lib\System.Threading.Overlapped.dll]. Upozornìní by se poté nemìlo zobrazovat.
  Konflikt bude pravdìpodobnì možné vyøešit pøemapováním souboru app.config sestavení System.Threading.Tasks, Culture=neutral, PublicKeyToken=b03f5f7f11d50a3a z verze 4.0.10.0 [C:\Program Files (x86)\Reference Assemblies\Microsoft\Framework\.NETFramework\v4.7\Facades\System.Threading.Tasks.dll] na verzi 4.0.11.0 [C:\Program Files\Microsoft Visual Studio\18\Community\MSBuild\Microsoft\Microsoft.NET.Build.Extensions\net461\lib\System.Threading.Tasks.dll]. Upozornìní by se poté nemìlo zobrazovat.
  Konflikt bude pravdìpodobnì možné vyøešit pøemapováním souboru app.config sestavení System.Threading.Tasks.Parallel, Culture=neutral, PublicKeyToken=b03f5f7f11d50a3a z verze 4.0.0.0 [C:\Program Files (x86)\Reference Assemblies\Microsoft\Framework\.NETFramework\v4.7\Facades\System.Threading.Tasks.Parallel.dll] na verzi 4.0.1.0 [C:\Program Files\Microsoft Visual Studio\18\Community\MSBuild\Microsoft\Microsoft.NET.Build.Extensions\net461\lib\System.Threading.Tasks.Parallel.dll]. Upozornìní by se poté nemìlo zobrazovat.
  Konflikt bude pravdìpodobnì možné vyøešit pøemapováním souboru app.config sestavení System.Threading.Timer, Culture=neutral, PublicKeyToken=b03f5f7f11d50a3a z verze 4.0.0.0 [C:\Program Files (x86)\Reference Assemblies\Microsoft\Framework\.NETFramework\v4.7\Facades\System.Threading.Timer.dll] na verzi 4.0.1.0 [C:\Program Files\Microsoft Visual Studio\18\Community\MSBuild\Microsoft\Microsoft.NET.Build.Extensions\net461\lib\System.Threading.Timer.dll]. Upozornìní by se poté nemìlo zobrazovat.
  Konflikt bude pravdìpodobnì možné vyøešit pøemapováním souboru app.config sestavení System.Xml.ReaderWriter, Culture=neutral, PublicKeyToken=b03f5f7f11d50a3a z verze 4.0.10.0 [C:\Program Files (x86)\Reference Assemblies\Microsoft\Framework\.NETFramework\v4.7\Facades\System.Xml.ReaderWriter.dll] na verzi 4.1.1.0 [C:\Program Files\Microsoft Visual Studio\18\Community\MSBuild\Microsoft\Microsoft.NET.Build.Extensions\net461\lib\System.Xml.ReaderWriter.dll]. Upozornìní by se poté nemìlo zobrazovat.
  Konflikt bude pravdìpodobnì možné vyøešit pøemapováním souboru app.config sestavení System.Xml.XDocument, Culture=neutral, PublicKeyToken=b03f5f7f11d50a3a z verze 4.0.10.0 [C:\Program Files (x86)\Reference Assemblies\Microsoft\Framework\.NETFramework\v4.7\Facades\System.Xml.XDocument.dll] na verzi 4.0.11.0 [C:\Program Files\Microsoft Visual Studio\18\Community\MSBuild\Microsoft\Microsoft.NET.Build.Extensions\net461\lib\System.Xml.XDocument.dll]. Upozornìní by se poté nemìlo zobrazovat.
  Konflikt bude pravdìpodobnì možné vyøešit pøemapováním souboru app.config sestavení System.Xml.XmlSerializer, Culture=neutral, PublicKeyToken=b03f5f7f11d50a3a z verze 4.0.10.0 [C:\Program Files (x86)\Reference Assemblies\Microsoft\Framework\.NETFramework\v4.7\Facades\System.Xml.XmlSerializer.dll] na verzi 4.0.11.0 [C:\Program Files\Microsoft Visual Studio\18\Community\MSBuild\Microsoft\Microsoft.NET.Build.Extensions\net461\lib\System.Xml.XmlSerializer.dll]. Upozornìní by se poté nemìlo zobrazovat.
  Konflikt bude pravdìpodobnì možné vyøešit pøemapováním souboru app.config sestavení System.Xml.XPath.XDocument, Culture=neutral, PublicKeyToken=b03f5f7f11d50a3a z verze 0.0.0.0 [] na verzi 4.1.0.0 [C:\Program Files\Microsoft Visual Studio\18\Community\MSBuild\Microsoft\Microsoft.NET.Build.Extensions\net461\lib\System.Xml.XPath.XDocument.dll]. Upozornìní by se poté nemìlo zobrazovat.
C:\Program Files\Microsoft Visual Studio\18\Community\MSBuild\Current\Bin\Microsoft.Common.CurrentVersion.targets(2453,5): warning MSB3276: Byly zjištìny konflikty mezi rùznými verzemi stejného závislého sestavení. V souboru projektu nastavte vlastnost AutoGenerateBindingRedirects na hodnotu True. Další informace najdete na webu http://go.microsoft.com/fwlink/?LinkId=294190. [C:\Users\ratho\OneDrive\Plocha\work_2026\FASK_2026\0x_Zdrojove_Kody\Konzola\Konzola\Konzola.csproj]
CoreResGen:
  Probíhá zpracování souboru prostøedku Android\Form_AndroidKonfig.resx do obj\x86\Debug\Konzola.Android.Form_AndroidKonfig.resources.
  Probíhá zpracování souboru prostøedku BaseFormTest\BaseForm.resx do obj\x86\Debug\Konzola.BaseForm.resources.
  Probíhá zpracování souboru prostøedku Ciselniky\FormLokaceMapaGenerovani.resx do obj\x86\Debug\Konzola.Ciselniky.FormLokaceMapaGenerovani.resources.
  Probíhá zpracování souboru prostøedku Ciselniky\FormLokace.resx do obj\x86\Debug\Konzola.Ciselniky.FormLokace.resources.
  Probíhá zpracování souboru prostøedku Ciselniky\FormLokaceMapaList.resx do obj\x86\Debug\Konzola.Ciselniky.FormLokaceMapaList.resources.
  Probíhá zpracování souboru prostøedku Ciselniky\FormLokaceCZMST094Edit.resx do obj\x86\Debug\Konzola.Ciselniky.FormLokaceCZMST094Edit.resources.
  Probíhá zpracování souboru prostøedku Ciselniky\FormPracovniciEdit.resx do obj\x86\Debug\Konzola.Ciselniky.FormPracovniciEdit.resources.
  Probíhá zpracování souboru prostøedku Ciselniky\FormPracovniciList.resx do obj\x86\Debug\Konzola.Ciselniky.FormPracovniciList.resources.
  Probíhá zpracování souboru prostøedku Ciselniky\FormRADYEdit.resx do obj\x86\Debug\Konzola.Ciselniky.FormRADYEdit.resources.
  Probíhá zpracování souboru prostøedku Ciselniky\FormRADYList.resx do obj\x86\Debug\Konzola.Ciselniky.FormRADYList.resources.
  Probíhá zpracování souboru prostøedku Ciselniky\FormSkladyList.resx do obj\x86\Debug\Konzola.Ciselniky.FormSkladyList.resources.
  Probíhá zpracování souboru prostøedku Ciselniky\FormStrediskaEdit.resx do obj\x86\Debug\Konzola.Ciselniky.FormStrediskaEdit.resources.
  Probíhá zpracování souboru prostøedku Ciselniky\FormTypyDokladuEdit.resx do obj\x86\Debug\Konzola.Ciselniky.FormTypyDokladuEdit.resources.
  Probíhá zpracování souboru prostøedku Ciselniky\FormTypyDokladuList.resx do obj\x86\Debug\Konzola.Ciselniky.FormTypyDokladuList.resources.
  Probíhá zpracování souboru prostøedku Ciselniky\FormZboziEdit.resx do obj\x86\Debug\Konzola.Ciselniky.FormZboziEdit.resources.
  Probíhá zpracování souboru prostøedku Ciselniky\FormZboziList.resx do obj\x86\Debug\Konzola.Ciselniky.FormZboziList.resources.
  Probíhá zpracování souboru prostøedku Ciselniky\FormLokaceVariantySortimentList.resx do obj\x86\Debug\Konzola.Ciselniky.FormLokaceVariantySortimentList.resources.
  Probíhá zpracování souboru prostøedku Ciselniky\FormLokaceVariantySortimentEdit.resx do obj\x86\Debug\Konzola.Ciselniky.FormLokaceVariantySortimentEdit.resources.
  Probíhá zpracování souboru prostøedku Ciselniky\FormLokaceTypyEdit.resx do obj\x86\Debug\Konzola.Ciselniky.FormLokaceTypyEdit.resources.
  Probíhá zpracování souboru prostøedku Ciselniky\FormLokaceTypyList.resx do obj\x86\Debug\Konzola.Ciselniky.FormLokaceTypyList.resources.
  Probíhá zpracování souboru prostøedku Ciselniky\FormLokaceTypySelect.resx do obj\x86\Debug\Konzola.Ciselniky.FormLokaceTypySelect.resources.
  Probíhá zpracování souboru prostøedku Ciselniky\FormSkladyEdit.resx do obj\x86\Debug\Konzola.Ciselniky.FormSkladyEdit.resources.
  Probíhá zpracování souboru prostøedku Expedice\FormBufferBaleniList.resx do obj\x86\Debug\Konzola.Expedice.FormBufferBaleniList.resources.
  Probíhá zpracování souboru prostøedku Expedice\FormDodaciListyList.resx do obj\x86\Debug\Konzola.Expedice.FormDodaciListyList.resources.
  Probíhá zpracování souboru prostøedku Forms\AboutBox.resx do obj\x86\Debug\Konzola.Forms.AboutBox.resources.
  Probíhá zpracování souboru prostøedku Forms\FormImport.resx do obj\x86\Debug\Konzola.Forms.FormImport.resources.
  Probíhá zpracování souboru prostøedku Forms\FormKod.resx do obj\x86\Debug\Konzola.Forms.FormKod.resources.
  Probíhá zpracování souboru prostøedku Forms\Form_DateTime_From_To.resx do obj\x86\Debug\Konzola.Forms.Form_DateTime_From_To.resources.
  Probíhá zpracování souboru prostøedku Forms\InputBox_Text_And_Checkbox.resx do obj\x86\Debug\Konzola.Forms.InputBox_Text_And_Checkbox.resources.
  Probíhá zpracování souboru prostøedku Forms\FormImage.resx do obj\x86\Debug\Konzola.Forms.FormImage.resources.
  Probíhá zpracování souboru prostøedku Forms\FormBase.resx do obj\x86\Debug\Konzola.Forms.FormBase.resources.
  Probíhá zpracování souboru prostøedku Forms\FormConfig.resx do obj\x86\Debug\Konzola.Forms.FormConfig.resources.
  Probíhá zpracování souboru prostøedku Forms\FormIDPracovnikaLogin.resx do obj\x86\Debug\Konzola.Forms.FormIDPracovnikaLogin.resources.
  Probíhá zpracování souboru prostøedku Forms\FormMain.resx do obj\x86\Debug\Konzola.Forms.FormMain.resources.
  Probíhá zpracování souboru prostøedku Forms\InputBox.resx do obj\x86\Debug\Konzola.Forms.InputBox.resources.
  Probíhá zpracování souboru prostøedku Forms\Spolecne\FormVyrabenePolozky.resx do obj\x86\Debug\Konzola.Forms.Spolecne.FormVyrabenePolozky.resources.
  Probíhá zpracování souboru prostøedku Forms\WaitForm.resx do obj\x86\Debug\Konzola.Forms.WaitForm.resources.
  Probíhá zpracování souboru prostøedku ImportniMustky\FormImport_SKzNC_Edit.resx do obj\x86\Debug\Konzola.ImportniMustky.FormImport_SKzNC_Edit.resources.
  Probíhá zpracování souboru prostøedku ImportniMustky\FormImport_SKzNC_ErrList.resx do obj\x86\Debug\Konzola.ImportniMustky.FormImport_SKzNC_ErrList.resources.
  Probíhá zpracování souboru prostøedku ImportniMustky\FormImport_SKzNC_List.resx do obj\x86\Debug\Konzola.ImportniMustky.FormImport_SKzNC_List.resources.
  Probíhá zpracování souboru prostøedku Inventura\FormInventuraHlavickaList2.resx do obj\x86\Debug\Konzola.Inventura.FormInventuraHlavickaList2.resources.
  Probíhá zpracování souboru prostøedku Inventura\FormInventuraNasnimaneList.resx do obj\x86\Debug\Konzola.Inventura.FormInventuraNasnimaneList.resources.
  Probíhá zpracování souboru prostøedku Inventura\FormInventuraPredlohaList.resx do obj\x86\Debug\Konzola.Inventura.FormInventuraPredlohaList.resources.
  Probíhá zpracování souboru prostøedku Inventura\FormInventura_Porovnani.resx do obj\x86\Debug\Konzola.Inventura.FormInventura_Porovnani.resources.
  Probíhá zpracování souboru prostøedku Inventura\FormInv_PredlohaList.resx do obj\x86\Debug\Konzola.Inventura.FormInv_PredlohaList.resources.
  Probíhá zpracování souboru prostøedku IT_cast\FormIT_cast_EventsArchivace.resx do obj\x86\Debug\Konzola.IT_cast.FormIT_cast_EventsArchivace.resources.
  Probíhá zpracování souboru prostøedku IT_cast\FormIT_cast_ProductionArchivace.resx do obj\x86\Debug\Konzola.IT_cast.FormIT_cast_ProductionArchivace.resources.
  Probíhá zpracování souboru prostøedku IT_cast\Form_DateTime_From_To_archivace.resx do obj\x86\Debug\Konzola.IT_cast.Form_DateTime_From_To_archivace.resources.
  Probíhá zpracování souboru prostøedku Planovani\FormPlanovaniVyrobyEdit.resx do obj\x86\Debug\Konzola.Planovani.FormPlanovaniVyrobyEdit.resources.
  Probíhá zpracování souboru prostøedku Planovani\FormPlanovaniVyrobyList.resx do obj\x86\Debug\Konzola.Planovani.FormPlanovaniVyrobyList.resources.
  Probíhá zpracování souboru prostøedku Planovani\FormPlanovaniVyroby_Zaplanovani.resx do obj\x86\Debug\Konzola.Planovani.FormPlanovaniVyroby_Zaplanovani.resources.
  Probíhá zpracování souboru prostøedku Planovani\Kapacitni_Planovani\FormMaterial.resx do obj\x86\Debug\Konzola.Planovani.Kapacitni_Planovani.FormMaterial.resources.
  Probíhá zpracování souboru prostøedku Planovani\Planovani_Detail\Form_Planovani_Detail.resx do obj\x86\Debug\Konzola.Planovani.Planovani_Detail.Form_Planovani_Detail.resources.
  Probíhá zpracování souboru prostøedku Planovani\Planovani_Navrhar\Form_PlanovaniVarianty.resx do obj\x86\Debug\Konzola.Planovani.Planovani_Navrhar.Form_PlanovaniVarianty.resources.
  Probíhá zpracování souboru prostøedku Planovani\Planovani_Navrhar\Form_PlanovaniVarianty_Params.resx do obj\x86\Debug\Konzola.Planovani.Planovani_Navrhar.Form_PlanovaniVarianty_Params.resources.
  Probíhá zpracování souboru prostøedku Prijem\IFormDavkyPrijemPIEdit.resx do obj\x86\Debug\Konzola.Prijem.FormDavkyPrijemPIEdit.resources.
  Probíhá zpracování souboru prostøedku Prijem\FormDavkyPrijmuList.resx do obj\x86\Debug\Konzola.Prijem.FormDavkyPrijmuList.resources.
  Probíhá zpracování souboru prostøedku Prijem\FormDavkyPrijemPEEdit.resx do obj\x86\Debug\Konzola.Prijem.FormDavkyPrijemPEEdit.resources.
  Probíhá zpracování souboru prostøedku Prijem\FormPrijemNasnimaneList.resx do obj\x86\Debug\Konzola.Prijem.FormPrijemNasnimaneList.resources.
  Probíhá zpracování souboru prostøedku Properties\Resources.resx do obj\x86\Debug\Konzola.Properties.Resources.resources.
  Probíhá zpracování souboru prostøedku Scanner\FormScannerCOMSettings.resx do obj\x86\Debug\Konzola.Scanner.FormScannerCOMSettings.resources.
  Probíhá zpracování souboru prostøedku Servis\FormOkruhySelect.resx do obj\x86\Debug\Konzola.Servis.FormOkruhySelect.resources.
  Probíhá zpracování souboru prostøedku Servis\FormReportSestava.resx do obj\x86\Debug\Konzola.Servis.FormReportSestava.resources.
  Probíhá zpracování souboru prostøedku Forms\FormRFIDData.resx do obj\x86\Debug\Konzola.Forms.FormRFIDData.resources.
  Probíhá zpracování souboru prostøedku Servis\FormZdrojeList.resx do obj\x86\Debug\Konzola.Servis.FormZdrojeList.resources.
  Probíhá zpracování souboru prostøedku Servis\FormZdrojePohybReportViewer.resx do obj\x86\Debug\Konzola.Servis.FormZdrojePohybReportViewer.resources.
  Probíhá zpracování souboru prostøedku Servis\FormZdrojStavOkruhEdit.resx do obj\x86\Debug\Konzola.Servis.FormZdrojStavOkruhEdit.resources.
  Probíhá zpracování souboru prostøedku Servis\FormDynTabEdit.resx do obj\x86\Debug\Konzola.Servis.FormDynTabEdit.resources.
  Probíhá zpracování souboru prostøedku Servis\FormDynTabDefEdit.resx do obj\x86\Debug\Konzola.Servis.FormDynTabDefEdit.resources.
  Probíhá zpracování souboru prostøedku Servis\FormVazbyDynTabDefDynTabList.resx do obj\x86\Debug\Konzola.Servis.FormVazbyDynTabDefDynTabList.resources.
  Probíhá zpracování souboru prostøedku Ciselniky\FormOdberateleSelect.resx do obj\x86\Debug\Konzola.Ciselniky.FormOdberateleSelect.resources.
  Probíhá zpracování souboru prostøedku Servis\FormOkruhyEdit.resx do obj\x86\Debug\Konzola.Servis.FormOkruhyEdit.resources.
  Probíhá zpracování souboru prostøedku Servis\FormOkruhyList.resx do obj\x86\Debug\Konzola.Servis.FormOkruhyList.resources.
  Probíhá zpracování souboru prostøedku Servis\FormVazbyOkruhZdrojSeznamList.resx do obj\x86\Debug\Konzola.Servis.FormVazbyOkruhZdrojSeznamList.resources.
  Probíhá zpracování souboru prostøedku Servis\FormZdrojePohybList.resx do obj\x86\Debug\Konzola.Servis.FormZdrojePohybList.resources.
  Probíhá zpracování souboru prostøedku Servis\FormZdrojeStavyEdit.resx do obj\x86\Debug\Konzola.Servis.FormZdrojeStavyEdit.resources.
  Probíhá zpracování souboru prostøedku Servis\FormZdrojeStavyList.resx do obj\x86\Debug\Konzola.Servis.FormZdrojeStavyList.resources.
  Probíhá zpracování souboru prostøedku Servis\FormZdrojeSelect.resx do obj\x86\Debug\Konzola.Servis.FormZdrojeSelect.resources.
  Probíhá zpracování souboru prostøedku Servis\FormVazbyCinnostCinnostNextList.resx do obj\x86\Debug\Konzola.Servis.FormVazbyCinnostCinnostNextList.resources.
  Probíhá zpracování souboru prostøedku Servis\FormStavySelect.resx do obj\x86\Debug\Konzola.Servis.FormStavySelect.resources.
  Probíhá zpracování souboru prostøedku Ciselniky\FormOdberateleEdit.resx do obj\x86\Debug\Konzola.Ciselniky.FormOdberateleEdit.resources.
  Probíhá zpracování souboru prostøedku Ciselniky\FormOdberateleList.resx do obj\x86\Debug\Konzola.Ciselniky.FormOdberateleList.resources.
  Probíhá zpracování souboru prostøedku Servis\FormStavyEdit.resx do obj\x86\Debug\Konzola.Servis.FormStavyEdit.resources.
  Probíhá zpracování souboru prostøedku Servis\FormStavyList.resx do obj\x86\Debug\Konzola.Servis.FormStavyList.resources.
  Probíhá zpracování souboru prostøedku Servis\FormCinnostiEdit.resx do obj\x86\Debug\Konzola.Servis.FormCinnostiEdit.resources.
  Probíhá zpracování souboru prostøedku Servis\FormCinnostiList.resx do obj\x86\Debug\Konzola.Servis.FormCinnostiList.resources.
  Probíhá zpracování souboru prostøedku Servis\FormCinnostiSelect.resx do obj\x86\Debug\Konzola.Servis.FormCinnostiSelect.resources.
  Probíhá zpracování souboru prostøedku Servis\FormVazbyStavStavNextList.resx do obj\x86\Debug\Konzola.Servis.FormVazbyStavStavNextList.resources.
  Probíhá zpracování souboru prostøedku Servis\FormZdrojeEdit.resx do obj\x86\Debug\Konzola.Servis.FormZdrojeEdit.resources.
  Probíhá zpracování souboru prostøedku Ciselniky\FormLokaceMapaEdit.resx do obj\x86\Debug\Konzola.Ciselniky.FormLokaceMapaEdit.resources.
  Probíhá zpracování souboru prostøedku Ciselniky\FormStrediskaList.resx do obj\x86\Debug\Konzola.Ciselniky.FormStrediskaList.resources.
  Probíhá zpracování souboru prostøedku Servis\Print\FormPrintZdrojStav_Etiketa.resx do obj\x86\Debug\Konzola.Servis.Print.FormPrintZdrojStav_Etiketa.resources.
  Probíhá zpracování souboru prostøedku Servis\Print\FormPrintZdrojStav_Report.resx do obj\x86\Debug\Konzola.Servis.Print.FormPrintZdrojStav_Report.resources.
  Probíhá zpracování souboru prostøedku Servis\Print\FormPrintZdroj.resx do obj\x86\Debug\Konzola.Servis.Print.FormPrintZdroj.resources.
  Probíhá zpracování souboru prostøedku SkladLokace\FormPohybyIS_List.resx do obj\x86\Debug\Konzola.SkladLokace.FormPohybyIS_List.resources.
  Probíhá zpracování souboru prostøedku SkladLokace\FormSkladLokaceStavEdit.resx do obj\x86\Debug\Konzola.SkladLokace.FormSkladLokaceStavEdit.resources.
  Probíhá zpracování souboru prostøedku SkladLokace\FormSkladLokaceStavList.resx do obj\x86\Debug\Konzola.SkladLokace.FormSkladLokaceStavList.resources.
  Probíhá zpracování souboru prostøedku SkladLokace\FormSkladLokaceStavList_SelectCountEntries.resx do obj\x86\Debug\Konzola.SkladLokace.FormSkladLokaceStavList_SelectCountEntries.resources.
  Probíhá zpracování souboru prostøedku SkladLokace\FormSKladLokace_PorovnaniVuciIS.resx do obj\x86\Debug\Konzola.SkladLokace.FormSKladLokace_PorovnaniVuciIS.resources.
  Probíhá zpracování souboru prostøedku Sklady\FormSkladPohybList.resx do obj\x86\Debug\Konzola.Sklady.FormSkladPohybList.resources.
  Probíhá zpracování souboru prostøedku Sklady\FormSkladStavLokaceList.resx do obj\x86\Debug\Konzola.Sklady.FormSkladStavLokaceList.resources.
  Probíhá zpracování souboru prostøedku Sklady\FormTransakceSPredlohou.resx do obj\x86\Debug\Konzola.Sklad.FormTransakceSPredlohou.resources.
  Probíhá zpracování souboru prostøedku SplashScreen\SplashScreen.resx do obj\x86\Debug\Konzola.SplashScreen.resources.
  Probíhá zpracování souboru prostøedku StavSkladu\FormStavSkladuHistorieList.resx do obj\x86\Debug\Konzola.StavSkladu.FormStavSkladuHistorieList.resources.
  Probíhá zpracování souboru prostøedku StavSkladu\FormStavSkladuList.resx do obj\x86\Debug\Konzola.StavSkladu.FormStavSkladuList.resources.
  Probíhá zpracování souboru prostøedku Terminal\FormTerminalSeznam.resx do obj\x86\Debug\Konzola.Terminal.FormTerminalSeznam.resources.
  Probíhá zpracování souboru prostøedku Terminal\FormVNC.resx do obj\x86\Debug\Konzola.Terminal.FormVNC.resources.
  Probíhá zpracování souboru prostøedku Terminal\Test_Disp\TestDisp.resx do obj\x86\Debug\Konzola.Terminal.TestDisp.resources.
  Probíhá zpracování souboru prostøedku Terminal\Test_Disp\TestDisp_2.resx do obj\x86\Debug\Konzola.Terminal.TestDisp_2.resources.
  Probíhá zpracování souboru prostøedku Terminal\Test_Login\Form_Test_Login.resx do obj\x86\Debug\Konzola.Terminal.Test_Login.Form_Test_Login.resources.
  Probíhá zpracování souboru prostøedku Tisk\FormTiskovaSablonaEdit.resx do obj\x86\Debug\Konzola.Tisk.FormTiskovaSablonaEdit.resources.
  Probíhá zpracování souboru prostøedku Ukolovani\FormUkolyAktualniList.resx do obj\x86\Debug\Konzola.Ukolovani.FormUkolyAktualniList.resources.
  Probíhá zpracování souboru prostøedku Ukolovani\FormUkolyEdit.resx do obj\x86\Debug\Konzola.Ukolovani.FormUkolyEdit.resources.
  Probíhá zpracování souboru prostøedku Ukolovani\FormUkolyHistoryList.resx do obj\x86\Debug\Konzola.Ukolovani.FormUkolyHistoryList.resources.
  Probíhá zpracování souboru prostøedku Ukolovani\FormUkolyList.resx do obj\x86\Debug\Konzola.Ukolovani.FormUkolyList.resources.
  Probíhá zpracování souboru prostøedku VolnyPohyb\FormDavkyProdejDIEdit.resx do obj\x86\Debug\Konzola.VolnyPohyb.FormDavkyProdejDIEdit.resources.
  Probíhá zpracování souboru prostøedku VolnyPohyb\FormVolnyPohybNasnimaneList.resx do obj\x86\Debug\Konzola.VolnyPohyb.FormVolnyPohybNasnimaneList.resources.
  Probíhá zpracování souboru prostøedku Vydej\FormDavkyVydejeKontrola.resx do obj\x86\Debug\Konzola.Vydej.FormDavkyVydejeKontrola.resources.
  Probíhá zpracování souboru prostøedku Vydej\FormDavkyVydejeList.resx do obj\x86\Debug\Konzola.Vydej.FormDavkyVydejeList.resources.
  Probíhá zpracování souboru prostøedku Vydej\FormDavkyVydejeEdit.resx do obj\x86\Debug\Konzola.Vydej.FormDavkyVydejeEdit.resources.
  Probíhá zpracování souboru prostøedku Vydej\FormDavkyVydejeList_Test.resx do obj\x86\Debug\Konzola.Vydej.FormDavkyVydejeList_Test.resources.
  Probíhá zpracování souboru prostøedku Vydej\FormVydejDavkyList.resx do obj\x86\Debug\Konzola.Vydej.FormVydejDavkyList.resources.
  Probíhá zpracování souboru prostøedku Vydej\FormVydejNasnimaneList.resx do obj\x86\Debug\Konzola.Vydej.FormVydejNasnimaneList.resources.
  Probíhá zpracování souboru prostøedku Vydej\Form_Predloha_Rekapitulace.resx do obj\x86\Debug\Konzola.Vydej.Form_Predloha_Rekapitulace.resources.
  Probíhá zpracování souboru prostøedku Vydej\IFormDavkyVydejSIEdit.resx do obj\x86\Debug\Konzola.Vydej.FormDavkyVydejSIEdit.resources.
  Probíhá zpracování souboru prostøedku Vyroba\Ciselnik\FormModifikace_TP.resx do obj\x86\Debug\Konzola.Vyroba.Ciselnik.FormModifikace_TP.resources.
  Probíhá zpracování souboru prostøedku Vyroba\Ciselnik\FormStrojeEdit.resx do obj\x86\Debug\Konzola.Vyroba.FormStrojeEdit.resources.
  Probíhá zpracování souboru prostøedku Vyroba\Ciselnik\Form_Moduly.resx do obj\x86\Debug\Konzola.Vyroba.Ciselnik.Form_Moduly.resources.
  Probíhá zpracování souboru prostøedku Vyroba\Ciselnik\Form_Stroje.resx do obj\x86\Debug\Konzola.Vyroba.Ciselnik.Form_Stroje.resources.
  Probíhá zpracování souboru prostøedku Vyroba\Rozbory\Form_MachineStateSetList_RozborOdvoduSSS.resx do obj\x86\Debug\Konzola.Vyroba.Rozbory.Form_MachineStateSetList_RozborOdvoduSSS.resources.
  Probíhá zpracování souboru prostøedku Vyroba\Rozbory\FormOdvod_TiskoveSablony.resx do obj\x86\Debug\Konzola.Vyroba.Rozbory.FormOdvod_TiskoveSablony.resources.
  Probíhá zpracování souboru prostøedku Vyroba\Rozbory\FormOdvod_MachineStateSetList .resx do obj\x86\Debug\Konzola.Vyroba.Rozbory.FormOdvod_MachineStateSetList.resources.
  Probíhá zpracování souboru prostøedku Vyroba\Rozbory\FormOdvod_EventsErrList.resx do obj\x86\Debug\Konzola.Vyroba.Rozbory.FormOdvod_EventsErrList.resources.
  Probíhá zpracování souboru prostøedku Vyroba\Rozbory\FormOdvod_EventsList.resx do obj\x86\Debug\Konzola.Vyroba.Rozbory.FormOdvod_EventsList.resources.
  Probíhá zpracování souboru prostøedku Vyroba\Rozbory\FormOdvod_EventsErrList_Storno.resx do obj\x86\Debug\Konzola.Vyroba.Rozbory.FormOdvod_EventsErrList_Storno.resources.
  Probíhá zpracování souboru prostøedku Vyroba\Rozbory\FormOdvod_EventsList_Storno.resx do obj\x86\Debug\Konzola.Vyroba.Rozbory.FormOdvod_EventsList_Storno.resources.
  Probíhá zpracování souboru prostøedku Vyroba\Rozbory\FormPlanovaniVyroby_Rozbor.resx do obj\x86\Debug\Konzola.Vyroba.FormPlanovaniVyroby_Rozbor.resources.
  Probíhá zpracování souboru prostøedku Vyroba\Rozbory\FormProductionEdit3.resx do obj\x86\Debug\Konzola.Vyroba.FormProductionEdit3.resources.
  Probíhá zpracování souboru prostøedku Vyroba\Rozbory\FormProductionSourcesList_SelectCountEntries.resx do obj\x86\Debug\Konzola.Vyroba.FormProductionSourcesList_SelectCountEntries.resources.
  Probíhá zpracování souboru prostøedku Vyroba\Rozbory\FormProductionEdit2_CarKod.resx do obj\x86\Debug\Konzola.Vyroba.FormProductionEdit2_CarKod.resources.
  Probíhá zpracování souboru prostøedku Vyroba\Rozbory\FormProductionList_SelectCountEntries.resx do obj\x86\Debug\Konzola.Vyroba.FormProductionList_SelectCountEntries.resources.
  Probíhá zpracování souboru prostøedku Vyroba\Rozbory\FormProductionSourcesEdit2.resx do obj\x86\Debug\Konzola.Vyroba.FormProductionSourcesEdit2.resources.
  Probíhá zpracování souboru prostøedku Vyroba\Rozbory\FormProductionSourecesList.resx do obj\x86\Debug\Konzola.Vyroba.FormProductionSourecesList.resources.
  Probíhá zpracování souboru prostøedku Vyroba\Rozbory\FormProductionEdit.resx do obj\x86\Debug\Konzola.Vyroba.FormProductionEdit.resources.
  Probíhá zpracování souboru prostøedku Vyroba\Rozbory\FormProductionEdit2.resx do obj\x86\Debug\Konzola.Vyroba.FormProductionEdit2.resources.
  Probíhá zpracování souboru prostøedku Vyroba\Rozbory\FormProductionList.resx do obj\x86\Debug\Konzola.Vyroba.FormProductionList.resources.
  Probíhá zpracování souboru prostøedku Vyroba\Ciselnik\FormSkupinyEdit.resx do obj\x86\Debug\Konzola.Vyroba.FormSkupinyEdit.resources.
  Probíhá zpracování souboru prostøedku Vyroba\Ciselnik\FormSkupinyList.resx do obj\x86\Debug\Konzola.Vyroba.FormSkupinyList.resources.
  Probíhá zpracování souboru prostøedku Vyroba\Rozbory\FormProduction_SN_List.resx do obj\x86\Debug\Konzola.Vyroba.FormProduction_SN_List.resources.
  Probíhá zpracování souboru prostøedku Vyroba\Rozbory\FormUkoncitZakazkuOdvadeni.resx do obj\x86\Debug\Konzola.Vyroba.FormUkoncitZakazkuOdvadeni.resources.
  Probíhá zpracování souboru prostøedku Vyroba\Ciselnik\FormVazbyAddMaterialy.resx do obj\x86\Debug\Konzola.Vyroba.FormVazbyAddMaterialy.resources.
  Probíhá zpracování souboru prostøedku Vyroba\Ciselnik\FormVazbyAddMaterialyEdit.resx do obj\x86\Debug\Konzola.Vyroba.FormVazbyAddMaterialyEdit.resources.
  Probíhá zpracování souboru prostøedku Vyroba\Ciselnik\FormVazbyAddPolotovar.resx do obj\x86\Debug\Konzola.Vyroba.FormVazbyAddPolotovar.resources.
  Probíhá zpracování souboru prostøedku Vyroba\Ciselnik\FormVazbyAddVyrobek.resx do obj\x86\Debug\Konzola.Vyroba.FormVazbyAddVyrobek.resources.
  Probíhá zpracování souboru prostøedku Vyroba\Ciselnik\FormVazbyMaterialy.resx do obj\x86\Debug\Konzola.Vyroba.FormVazbyMaterialy.resources.
  Probíhá zpracování souboru prostøedku Vyroba\Transakce\FormPotrebaMaterialu.resx do obj\x86\Debug\Konzola.FormPotrebaMaterialu.resources.
  Probíhá zpracování souboru prostøedku Vyroba\Transakce\FormVazby_P_PS_List _Zpracovat.resx do obj\x86\Debug\Konzola.Vyroba.FormVazby_P_PS_List_Zpracovat.resources.
  Probíhá zpracování souboru prostøedku Vyroba\Transakce\FormVazby_P_PS_List.resx do obj\x86\Debug\Konzola.Vyroba.FormVazby_P_PS_List.resources.
  Probíhá zpracování souboru prostøedku Vyroba\Transakce\FormVazby_Zpracovat.resx do obj\x86\Debug\Konzola.Vyroba.Transakce.FormVazby_Zpracovat.resources.
  Probíhá zpracování souboru prostøedku Vyroba\Transakce\FormVPHEdit.resx do obj\x86\Debug\Konzola.Vyroba.FormVPHEdit.resources.
  Probíhá zpracování souboru prostøedku Vyroba\Transakce\FormVPPEdit.resx do obj\x86\Debug\Konzola.Vyroba.FormVPPEdit.resources.
  Probíhá zpracování souboru prostøedku Vyroba\Transakce\FormVyrobniPrikazList.resx do obj\x86\Debug\Konzola.Vyroba.FormVyrobniPrikazList.resources.
  Probíhá zpracování souboru prostøedku Vyroba\Transakce\FormVyrobniPrikazList_Tisk.resx do obj\x86\Debug\Konzola.Vyroba.Transakce.FormVyrobniPrikazList_Tisk.resources.
  Probíhá zpracování souboru prostøedku Vyroba\Transakce\FormVyrobniPrikaz_VPH_Seznam.resx do obj\x86\Debug\Konzola.Vyroba.FormVyrobniPrikaz_VPH_Seznam.resources.
  Probíhá zpracování souboru prostøedku Vyroba\Transakce\FormVyrobniPrikaz_VPP_GenerovaniSN.resx do obj\x86\Debug\Konzola.Vyroba.FormVyrobniPrikaz_VPP_GenerovaniSN.resources.
  Probíhá zpracování souboru prostøedku Vyroba\Transakce\Form_DisponibilityPrehled.resx do obj\x86\Debug\Konzola.Vyroba.Transakce.Form_DisponibilityPrehled.resources.
  Probíhá zpracování souboru prostøedku Vyroba\Wizard\VyrobniPrikazList_VPP\Form_01_Vyber_Vyrobku.resx do obj\x86\Debug\Konzola.Vyroba.Wizard.VyrobniPrikazList_VPP.Form_01_Vyber_Vyrobku.resources.
CoreCompile:
  Setting DOTNET_TieredCompilation to '0'
  C:\Program Files\Microsoft Visual Studio\18\Community\MSBuild\Current\Bin\Roslyn\csc.exe /noconfig /nowarn:1701,1702 /fullpaths /nostdlib+ /platform:x86 /define:DEBUG /highentropyva+ /link:"C:\Program Files (x86)\Reference Assemblies\Microsoft\Framework\.NETFramework\v4.7\Accessibility.dll" /reference:"C:\Users\ratho\OneDrive\Plocha\work_2026\FASK_2026\0x_Zdrojove_Kody\_SdileneProjekty_\AdvancedButtonsPanel\!Build!\Debug\AdvancedButtonsPanel.dll" /reference:"C:\Users\ratho\OneDrive\Plocha\work_2026\FASK_2026\0x_Zdrojove_Kody\_SdileneProjekty_\AdvanceDataGridView\AdvancedDataGridView\!Build!\Debug\AdvancedDataGridView.dll" /reference:C:\Users\ratho\OneDrive\Plocha\work_2026\FASK_2026\0x_Zdrojove_Kody\Konzola\packages\BarcodeLib.2.4.0\lib\netstandard2.0\BarcodeStandard.dll /reference:C:\Users\ratho\OneDrive\Plocha\work_2026\FASK_2026\0x_Zdrojove_Kody\Konzola\packages\CsvHelper.32.0.3\lib\net47\CsvHelper.dll /reference:C:\Users\ratho\OneDrive\Plocha\work_2026\FASK_2026\0x_Zdrojove_Kody\Konzola\packages\Dapper.2.1.35\lib\net461\Dapper.dll /reference:C:\Users\ratho\OneDrive\Plocha\work_2026\FASK_2026\0x_Zdrojove_Kody\Konzola\Konzola\DataGridViewAutoFilter.dll /reference:"C:\Users\ratho\OneDrive\Plocha\work_2026\FASK_2026\0x_Zdrojove_Kody\Konzola\!!!Support!!!\EPPlus\EPPlus.dll" /reference:"C:\Users\ratho\OneDrive\Plocha\work_2026\FASK_2026\0x_Zdrojove_Kody\_SdileneProjekty_\Fask.BarCodeGraphics\Fask.BarCodeGraphics\!Build!\Debug\Fask.BarCodeGraphics.dll" /reference:"C:\Users\ratho\OneDrive\Plocha\work_2026\FASK_2026\0x_Zdrojove_Kody\_SdileneProjekty_\Fask.BarCodeGraphics\Fask.BarCodeGraphics.ZPL_Zxing\!Build!\Debug\Fask.BarCodeGraphics.ZPL_Zxing.dll" /reference:"C:\Users\ratho\OneDrive\Plocha\work_2026\FASK_2026\0x_Zdrojove_Kody\_SdileneProjekty_\Fask.Columns\!Build!\Debug\Fask.Columns.dll" /reference:"C:\Users\ratho\OneDrive\Plocha\work_2026\FASK_2026\0x_Zdrojove_Kody\!Build!\Konzola\Debug\Fask.Console.Interfaces.dll" /reference:"C:\Users\ratho\OneDrive\Plocha\work_2026\FASK_2026\0x_Zdrojove_Kody\!Build!\Konzola\Debug\Fask.Encryption.dll" /reference:"C:\Users\ratho\OneDrive\Plocha\work_2026\FASK_2026\0x_Zdrojove_Kody\_SdileneProjekty_\Fask.Logging\!Build!\Debug\Fask.Logging.dll" /reference:"C:\Users\ratho\OneDrive\Plocha\work_2026\FASK_2026\0x_Zdrojove_Kody\_SdileneProjekty_\FASK.Logins\!Build!\Debug\FASK.Logins.dll" /reference:"C:\Users\ratho\OneDrive\Plocha\work_2026\FASK_2026\0x_Zdrojove_Kody\!Build!\Konzola\Debug\Fask.Module.Print.GS1.dll" /reference:"C:\Users\ratho\OneDrive\Plocha\work_2026\FASK_2026\0x_Zdrojove_Kody\!Build!\Konzola\Debug\Fask.ModuleFirebird.dll" /reference:"C:\Users\ratho\OneDrive\Plocha\work_2026\FASK_2026\0x_Zdrojove_Kody\!Build!\Konzola\Debug\Fask.ModulePohodaXML.dll" /reference:"C:\Users\ratho\OneDrive\Plocha\work_2026\FASK_2026\0x_Zdrojove_Kody\!Build!\Konzola\Debug\Fask.ModuleSql.dll" /reference:"C:\Users\ratho\OneDrive\Plocha\work_2026\FASK_2026\0x_Zdrojove_Kody\!Build!\Konzola\Debug\Fask.ModuleSql_API.dll" /reference:C:\Users\ratho\OneDrive\Plocha\work_2026\FASK_2026\0x_Zdrojove_Kody\_SdileneProjekty_\Fask.POHODA.Disponibility\bin\Debug\Fask.POHODA.Disponibility.dll /reference:C:\Users\ratho\OneDrive\Plocha\work_2026\FASK_2026\0x_Zdrojove_Kody\_SdileneProjekty_\Fask.Rady\bin\Debug\Fask.Rady.dll /reference:C:\Users\ratho\OneDrive\Plocha\work_2026\FASK_2026\0x_Zdrojove_Kody\_SdileneProjekty_\Fask.RestSharp\bin\Debug\Fask.RestSharp.dll /reference:"C:\Users\ratho\OneDrive\Plocha\work_2026\FASK_2026\0x_Zdrojove_Kody\Konzola\!!!Support!!!\Firebird\FirebirdSql.Data.FirebirdClient.dll" /reference:"C:\Users\ratho\OneDrive\Plocha\work_2026\FASK_2026\0x_Zdrojove_Kody\!Build!\Konzola\Debug\IRFIDProvider.dll" /reference:"C:\Users\ratho\OneDrive\Plocha\work_2026\FASK_2026\0x_Zdrojove_Kody\Konzola\!!!Support!!!\LeitzIcon\001_bin\LeitzIconCommon.dll" /reference:"C:\Users\ratho\OneDrive\Plocha\work_2026\FASK_2026\0x_Zdrojove_Kody\Konzola\!!!Support!!!\LeitzIcon\001_bin\LeitzIconDataProvider.dll" /reference:"C:\Users\ratho\OneDrive\Plocha\work_2026\FASK_2026\0x_Zdrojove_Kody\Konzola\!!!Support!!!\LeitzIcon\001_bin\LeitzIconLabelStudioCore.dll" /reference:"C:\Users\ratho\OneDrive\Plocha\work_2026\FASK_2026\0x_Zdrojove_Kody\Konzola\!!!Support!!!\LeitzIcon\001_bin\LeitzIconPrinterStatusService.dll" /reference:"C:\Users\ratho\OneDrive\Plocha\work_2026\FASK_2026\0x_Zdrojove_Kody\Konzola\!!!Support!!!\LeitzIcon\001_bin\log4net.dll" /reference:"C:\Users\ratho\OneDrive\Plocha\work_2026\FASK_2026\0x_Zdrojove_Kody\!Build!\Konzola\Debug\MessageForm.dll" /reference:C:\Users\ratho\OneDrive\Plocha\work_2026\FASK_2026\0x_Zdrojove_Kody\Konzola\packages\MessagingToolkit.1.8.3\lib\net462\MessagingToolkit.Barcode.dll /reference:C:\Users\ratho\OneDrive\Plocha\work_2026\FASK_2026\0x_Zdrojove_Kody\Konzola\packages\MessagingToolkit.1.8.3\lib\net462\MessagingToolkit.Core.dll /reference:C:\Users\ratho\OneDrive\Plocha\work_2026\FASK_2026\0x_Zdrojove_Kody\Konzola\packages\MessagingToolkit.1.8.3\lib\net462\MessagingToolkit.MMS.dll /reference:C:\Users\ratho\OneDrive\Plocha\work_2026\FASK_2026\0x_Zdrojove_Kody\Konzola\packages\MessagingToolkit.1.8.3\lib\net462\MessagingToolkit.Pdu.dll /reference:C:\Users\ratho\OneDrive\Plocha\work_2026\FASK_2026\0x_Zdrojove_Kody\Konzola\packages\Microsoft.Bcl.AsyncInterfaces.8.0.0\lib\net462\Microsoft.Bcl.AsyncInterfaces.dll /reference:C:\Users\ratho\OneDrive\Plocha\work_2026\FASK_2026\0x_Zdrojove_Kody\Konzola\packages\Microsoft.Bcl.HashCode.1.1.1\lib\net461\Microsoft.Bcl.HashCode.dll /reference:"C:\Program Files (x86)\Reference Assemblies\Microsoft\Framework\.NETFramework\v4.7\Microsoft.CSharp.dll" /reference:C:\WINDOWS\assembly\GAC_MSIL\Microsoft.ReportViewer.Common\10.0.0.0__b03f5f7f11d50a3a\Microsoft.ReportViewer.Common.dll /reference:C:\WINDOWS\assembly\GAC_MSIL\Microsoft.ReportViewer.WinForms\10.0.0.0__b03f5f7f11d50a3a\Microsoft.ReportViewer.WinForms.dll /reference:"C:\Program Files (x86)\Reference Assemblies\Microsoft\Framework\.NETFramework\v4.7\Microsoft.VisualBasic.dll" /reference:C:\WINDOWS\assembly\GAC_MSIL\Microsoft.VisualBasic.PowerPacks.Vs\10.0.0.0__b03f5f7f11d50a3a\Microsoft.VisualBasic.PowerPacks.Vs.dll /reference:"C:\Program Files\Microsoft Visual Studio\18\Community\MSBuild\Microsoft\Microsoft.NET.Build.Extensions\net461\lib\Microsoft.Win32.Primitives.dll" /reference:"C:\Program Files (x86)\Reference Assemblies\Microsoft\Framework\.NETFramework\v4.7\mscorlib.dll" /reference:"C:\Program Files\Microsoft Visual Studio\18\Community\MSBuild\Microsoft\Microsoft.NET.Build.Extensions\net461\lib\netfx.force.conflicts.dll" /reference:"C:\Program Files\Microsoft Visual Studio\18\Community\MSBuild\Microsoft\Microsoft.NET.Build.Extensions\net461\lib\netstandard.dll" /reference:C:\Users\ratho\OneDrive\Plocha\work_2026\FASK_2026\0x_Zdrojove_Kody\Win_Kom_Server\packages\Newtonsoft.Json.13.0.1\lib\net45\Newtonsoft.Json.dll /reference:"C:\Program Files (x86)\Reference Assemblies\Microsoft\Framework\.NETFramework\v4.7\PresentationCore.dll" /reference:"C:\Program Files (x86)\Reference Assemblies\Microsoft\Framework\.NETFramework\v4.7\PresentationFramework.dll" /reference:"C:\Users\ratho\OneDrive\Plocha\work_2026\FASK_2026\0x_Zdrojove_Kody\_SdileneProjekty_\ProjektTiskClassLibrary\TestovaciProjekt\!Build!\Debug\PrintReportLibrary.dll" /reference:"C:\Users\ratho\OneDrive\Plocha\work_2026\FASK_2026\0x_Zdrojove_Kody\Konzola\!!!Support!!!\ProgressControls\ProgressControls.dll" /reference:C:\Users\ratho\OneDrive\Plocha\work_2026\FASK_2026\0x_Zdrojove_Kody\Konzola\packages\QRCoder.1.4.3\lib\net40\QRCoder.dll /reference:C:\Users\ratho\OneDrive\Plocha\work_2026\FASK_2026\0x_Zdrojove_Kody\_SdileneProjekty_\RemoteViewing\RemoteViewing\RemoteViewing\bin\Debug\RemoteViewing.dll /reference:C:\Users\ratho\OneDrive\Plocha\work_2026\FASK_2026\0x_Zdrojove_Kody\_SdileneProjekty_\RemoteViewing\RemoteViewing\RemoteViewing.Windows.Forms\bin\Debug\RemoteViewing.Windows.Forms.dll /reference:C:\Users\ratho\OneDrive\Plocha\work_2026\FASK_2026\0x_Zdrojove_Kody\Konzola\packages\RestSharp.106.0.0\lib\net452\RestSharp.dll /reference:"C:\Users\ratho\OneDrive\Plocha\work_2026\FASK_2026\0x_Zdrojove_Kody\!Build!\Konzola\Debug\RFIDFactory.dll" /reference:"C:\Program Files\Microsoft Visual Studio\18\Community\MSBuild\Microsoft\Microsoft.NET.Build.Extensions\net461\lib\System.AppContext.dll" /reference:C:\Users\ratho\OneDrive\Plocha\work_2026\FASK_2026\0x_Zdrojove_Kody\Konzola\packages\System.Buffers.4.5.1\lib\net461\System.Buffers.dll /reference:"C:\Program Files\Microsoft Visual Studio\18\Community\MSBuild\Microsoft\Microsoft.NET.Build.Extensions\net461\lib\System.Collections.Concurrent.dll" /reference:"C:\Program Files\Microsoft Visual Studio\18\Community\MSBuild\Microsoft\Microsoft.NET.Build.Extensions\net461\lib\System.Collections.dll" /reference:"C:\Program Files\Microsoft Visual Studio\18\Community\MSBuild\Microsoft\Microsoft.NET.Build.Extensions\net461\lib\System.Collections.NonGeneric.dll" /reference:"C:\Program Files\Microsoft Visual Studio\18\Community\MSBuild\Microsoft\Microsoft.NET.Build.Extensions\net461\lib\System.Collections.Specialized.dll" /reference:"C:\Program Files (x86)\Reference Assemblies\Microsoft\Framework\.NETFramework\v4.7\System.ComponentModel.Composition.dll" /reference:"C:\Program Files\Microsoft Visual Studio\18\Community\MSBuild\Microsoft\Microsoft.NET.Build.Extensions\net461\lib\System.ComponentModel.dll" /reference:"C:\Program Files\Microsoft Visual Studio\18\Community\MSBuild\Microsoft\Microsoft.NET.Build.Extensions\net461\lib\System.ComponentModel.EventBasedAsync.dll" /reference:"C:\Program Files\Microsoft Visual Studio\18\Community\MSBuild\Microsoft\Microsoft.NET.Build.Extensions\net461\lib\System.ComponentModel.Primitives.dll" /reference:"C:\Program Files\Microsoft Visual Studio\18\Community\MSBuild\Microsoft\Microsoft.NET.Build.Extensions\net461\lib\System.ComponentModel.TypeConverter.dll" /reference:"C:\Program Files (x86)\Reference Assemblies\Microsoft\Framework\.NETFramework\v4.7\System.Configuration.dll" /reference:"C:\Program Files\Microsoft Visual Studio\18\Community\MSBuild\Microsoft\Microsoft.NET.Build.Extensions\net461\lib\System.Console.dll" /reference:"C:\Program Files (x86)\Reference Assemblies\Microsoft\Framework\.NETFramework\v4.7\System.Core.dll" /reference:"C:\Program Files\Microsoft Visual Studio\18\Community\MSBuild\Microsoft\Microsoft.NET.Build.Extensions\net461\lib\System.Data.Common.dll" /reference:"C:\Program Files (x86)\Reference Assemblies\Microsoft\Framework\.NETFramework\v4.7\System.Data.DataSetExtensions.dll" /reference:"C:\Program Files (x86)\Reference Assemblies\Microsoft\Framework\.NETFramework\v4.7\System.Data.dll" /reference:"C:\Program Files (x86)\Reference Assemblies\Microsoft\Framework\.NETFramework\v4.7\System.Data.Entity.dll" /reference:"C:\Program Files (x86)\Reference Assemblies\Microsoft\Framework\.NETFramework\v4.7\System.Deployment.dll" /reference:"C:\Program Files\Microsoft Visual Studio\18\Community\MSBuild\Microsoft\Microsoft.NET.Build.Extensions\net461\lib\System.Diagnostics.Contracts.dll" /reference:"C:\Program Files\Microsoft Visual Studio\18\Community\MSBuild\Microsoft\Microsoft.NET.Build.Extensions\net461\lib\System.Diagnostics.Debug.dll" /reference:"C:\Program Files\Microsoft Visual Studio\18\Community\MSBuild\Microsoft\Microsoft.NET.Build.Extensions\net461\lib\System.Diagnostics.FileVersionInfo.dll" /reference:"C:\Program Files\Microsoft Visual Studio\18\Community\MSBuild\Microsoft\Microsoft.NET.Build.Extensions\net461\lib\System.Diagnostics.Process.dll" /reference:"C:\Program Files\Microsoft Visual Studio\18\Community\MSBuild\Microsoft\Microsoft.NET.Build.Extensions\net461\lib\System.Diagnostics.StackTrace.dll" /reference:"C:\Program Files\Microsoft Visual Studio\18\Community\MSBuild\Microsoft\Microsoft.NET.Build.Extensions\net461\lib\System.Diagnostics.TextWriterTraceListener.dll" /reference:"C:\Program Files\Microsoft Visual Studio\18\Community\MSBuild\Microsoft\Microsoft.NET.Build.Extensions\net461\lib\System.Diagnostics.Tools.dll" /reference:"C:\Program Files\Microsoft Visual Studio\18\Community\MSBuild\Microsoft\Microsoft.NET.Build.Extensions\net461\lib\System.Diagnostics.TraceSource.dll" /reference:"C:\Program Files\Microsoft Visual Studio\18\Community\MSBuild\Microsoft\Microsoft.NET.Build.Extensions\net461\lib\System.Diagnostics.Tracing.dll" /reference:"C:\Program Files (x86)\Reference Assemblies\Microsoft\Framework\.NETFramework\v4.7\System.DirectoryServices.AccountManagement.dll" /reference:"C:\Program Files (x86)\Reference Assemblies\Microsoft\Framework\.NETFramework\v4.7\System.DirectoryServices.dll" /reference:"C:\Program Files (x86)\Reference Assemblies\Microsoft\Framework\.NETFramework\v4.7\System.dll" /reference:C:\Users\ratho\OneDrive\Plocha\work_2026\FASK_2026\0x_Zdrojove_Kody\Konzola\packages\System.Drawing.Common.5.0.2\lib\net461\System.Drawing.Common.dll /reference:"C:\Program Files (x86)\Reference Assemblies\Microsoft\Framework\.NETFramework\v4.7\System.Drawing.dll" /reference:"C:\Program Files\Microsoft Visual Studio\18\Community\MSBuild\Microsoft\Microsoft.NET.Build.Extensions\net461\lib\System.Drawing.Primitives.dll" /reference:"C:\Program Files\Microsoft Visual Studio\18\Community\MSBuild\Microsoft\Microsoft.NET.Build.Extensions\net461\lib\System.Dynamic.Runtime.dll" /reference:"C:\Program Files\Microsoft Visual Studio\18\Community\MSBuild\Microsoft\Microsoft.NET.Build.Extensions\net461\lib\System.Globalization.Calendars.dll" /reference:"C:\Program Files\Microsoft Visual Studio\18\Community\MSBuild\Microsoft\Microsoft.NET.Build.Extensions\net461\lib\System.Globalization.dll" /reference:"C:\Program Files\Microsoft Visual Studio\18\Community\MSBuild\Microsoft\Microsoft.NET.Build.Extensions\net461\lib\System.Globalization.Extensions.dll" /reference:"C:\Program Files\Microsoft Visual Studio\18\Community\MSBuild\Microsoft\Microsoft.NET.Build.Extensions\net461\lib\System.IO.Compression.dll" /reference:"C:\Program Files\Microsoft Visual Studio\18\Community\MSBuild\Microsoft\Microsoft.NET.Build.Extensions\net461\lib\System.IO.Compression.ZipFile.dll" /reference:"C:\Program Files\Microsoft Visual Studio\18\Community\MSBuild\Microsoft\Microsoft.NET.Build.Extensions\net461\lib\System.IO.dll" /reference:"C:\Program Files\Microsoft Visual Studio\18\Community\MSBuild\Microsoft\Microsoft.NET.Build.Extensions\net461\lib\System.IO.FileSystem.dll" /reference:"C:\Program Files\Microsoft Visual Studio\18\Community\MSBuild\Microsoft\Microsoft.NET.Build.Extensions\net461\lib\System.IO.FileSystem.DriveInfo.dll" /reference:"C:\Program Files\Microsoft Visual Studio\18\Community\MSBuild\Microsoft\Microsoft.NET.Build.Extensions\net461\lib\System.IO.FileSystem.Primitives.dll" /reference:"C:\Program Files\Microsoft Visual Studio\18\Community\MSBuild\Microsoft\Microsoft.NET.Build.Extensions\net461\lib\System.IO.FileSystem.Watcher.dll" /reference:"C:\Program Files\Microsoft Visual Studio\18\Community\MSBuild\Microsoft\Microsoft.NET.Build.Extensions\net461\lib\System.IO.IsolatedStorage.dll" /reference:"C:\Program Files\Microsoft Visual Studio\18\Community\MSBuild\Microsoft\Microsoft.NET.Build.Extensions\net461\lib\System.IO.MemoryMappedFiles.dll" /reference:"C:\Program Files\Microsoft Visual Studio\18\Community\MSBuild\Microsoft\Microsoft.NET.Build.Extensions\net461\lib\System.IO.Pipes.dll" /reference:"C:\Program Files\Microsoft Visual Studio\18\Community\MSBuild\Microsoft\Microsoft.NET.Build.Extensions\net461\lib\System.IO.UnmanagedMemoryStream.dll" /reference:"C:\Program Files\Microsoft Visual Studio\18\Community\MSBuild\Microsoft\Microsoft.NET.Build.Extensions\net461\lib\System.Linq.dll" /reference:C:\Users\ratho\OneDrive\Plocha\work_2026\FASK_2026\0x_Zdrojove_Kody\Konzola\packages\System.Linq.Dynamic.Core.1.3.14\lib\net46\System.Linq.Dynamic.Core.dll /reference:"C:\Program Files\Microsoft Visual Studio\18\Community\MSBuild\Microsoft\Microsoft.NET.Build.Extensions\net461\lib\System.Linq.Expressions.dll" /reference:"C:\Program Files\Microsoft Visual Studio\18\Community\MSBuild\Microsoft\Microsoft.NET.Build.Extensions\net461\lib\System.Linq.Parallel.dll" /reference:"C:\Program Files\Microsoft Visual Studio\18\Community\MSBuild\Microsoft\Microsoft.NET.Build.Extensions\net461\lib\System.Linq.Queryable.dll" /reference:C:\Users\ratho\OneDrive\Plocha\work_2026\FASK_2026\0x_Zdrojove_Kody\Konzola\packages\System.Memory.4.5.5\lib\net461\System.Memory.dll /reference:"C:\Program Files\Microsoft Visual Studio\18\Community\MSBuild\Microsoft\Microsoft.NET.Build.Extensions\net461\lib\System.Net.Http.dll" /reference:"C:\Program Files\Microsoft Visual Studio\18\Community\MSBuild\Microsoft\Microsoft.NET.Build.Extensions\net461\lib\System.Net.NameResolution.dll" /reference:"C:\Program Files\Microsoft Visual Studio\18\Community\MSBuild\Microsoft\Microsoft.NET.Build.Extensions\net461\lib\System.Net.NetworkInformation.dll" /reference:"C:\Program Files\Microsoft Visual Studio\18\Community\MSBuild\Microsoft\Microsoft.NET.Build.Extensions\net461\lib\System.Net.Ping.dll" /reference:"C:\Program Files\Microsoft Visual Studio\18\Community\MSBuild\Microsoft\Microsoft.NET.Build.Extensions\net461\lib\System.Net.Primitives.dll" /reference:"C:\Program Files\Microsoft Visual Studio\18\Community\MSBuild\Microsoft\Microsoft.NET.Build.Extensions\net461\lib\System.Net.Requests.dll" /reference:"C:\Program Files\Microsoft Visual Studio\18\Community\MSBuild\Microsoft\Microsoft.NET.Build.Extensions\net461\lib\System.Net.Security.dll" /reference:"C:\Program Files\Microsoft Visual Studio\18\Community\MSBuild\Microsoft\Microsoft.NET.Build.Extensions\net461\lib\System.Net.Sockets.dll" /reference:"C:\Program Files\Microsoft Visual Studio\18\Community\MSBuild\Microsoft\Microsoft.NET.Build.Extensions\net461\lib\System.Net.WebHeaderCollection.dll" /reference:"C:\Program Files\Microsoft Visual Studio\18\Community\MSBuild\Microsoft\Microsoft.NET.Build.Extensions\net461\lib\System.Net.WebSockets.Client.dll" /reference:"C:\Program Files\Microsoft Visual Studio\18\Community\MSBuild\Microsoft\Microsoft.NET.Build.Extensions\net461\lib\System.Net.WebSockets.dll" /reference:"C:\Program Files (x86)\Reference Assemblies\Microsoft\Framework\.NETFramework\v4.7\System.Numerics.dll" /reference:C:\Users\ratho\OneDrive\Plocha\work_2026\FASK_2026\0x_Zdrojove_Kody\Konzola\packages\System.Numerics.Vectors.4.5.0\lib\net46\System.Numerics.Vectors.dll /reference:"C:\Program Files\Microsoft Visual Studio\18\Community\MSBuild\Microsoft\Microsoft.NET.Build.Extensions\net461\lib\System.ObjectModel.dll" /reference:"C:\Program Files\Microsoft Visual Studio\18\Community\MSBuild\Microsoft\Microsoft.NET.Build.Extensions\net461\lib\System.Reflection.dll" /reference:"C:\Program Files\Microsoft Visual Studio\18\Community\MSBuild\Microsoft\Microsoft.NET.Build.Extensions\net461\lib\System.Reflection.Extensions.dll" /reference:"C:\Program Files\Microsoft Visual Studio\18\Community\MSBuild\Microsoft\Microsoft.NET.Build.Extensions\net461\lib\System.Reflection.Primitives.dll" /reference:"C:\Program Files\Microsoft Visual Studio\18\Community\MSBuild\Microsoft\Microsoft.NET.Build.Extensions\net461\lib\System.Resources.Reader.dll" /reference:"C:\Program Files\Microsoft Visual Studio\18\Community\MSBuild\Microsoft\Microsoft.NET.Build.Extensions\net461\lib\System.Resources.ResourceManager.dll" /reference:"C:\Program Files\Microsoft Visual Studio\18\Community\MSBuild\Microsoft\Microsoft.NET.Build.Extensions\net461\lib\System.Resources.Writer.dll" /reference:C:\Users\ratho\OneDrive\Plocha\work_2026\FASK_2026\0x_Zdrojove_Kody\Konzola\packages\System.Runtime.CompilerServices.Unsafe.6.0.0\lib\net461\System.Runtime.CompilerServices.Unsafe.dll /reference:"C:\Program Files\Microsoft Visual Studio\18\Community\MSBuild\Microsoft\Microsoft.NET.Build.Extensions\net461\lib\System.Runtime.CompilerServices.VisualC.dll" /reference:"C:\Program Files\Microsoft Visual Studio\18\Community\MSBuild\Microsoft\Microsoft.NET.Build.Extensions\net461\lib\System.Runtime.dll" /reference:"C:\Program Files\Microsoft Visual Studio\18\Community\MSBuild\Microsoft\Microsoft.NET.Build.Extensions\net461\lib\System.Runtime.Extensions.dll" /reference:"C:\Program Files\Microsoft Visual Studio\18\Community\MSBuild\Microsoft\Microsoft.NET.Build.Extensions\net461\lib\System.Runtime.Handles.dll" /reference:"C:\Program Files\Microsoft Visual Studio\18\Community\MSBuild\Microsoft\Microsoft.NET.Build.Extensions\net461\lib\System.Runtime.InteropServices.dll" /reference:"C:\Program Files\Microsoft Visual Studio\18\Community\MSBuild\Microsoft\Microsoft.NET.Build.Extensions\net47\lib\System.Runtime.InteropServices.RuntimeInformation.dll" /reference:"C:\Program Files\Microsoft Visual Studio\18\Community\MSBuild\Microsoft\Microsoft.NET.Build.Extensions\net461\lib\System.Runtime.Numerics.dll" /reference:"C:\Program Files (x86)\Reference Assemblies\Microsoft\Framework\.NETFramework\v4.7\System.Runtime.Serialization.dll" /reference:"C:\Program Files\Microsoft Visual Studio\18\Community\MSBuild\Microsoft\Microsoft.NET.Build.Extensions\net461\lib\System.Runtime.Serialization.Formatters.dll" /reference:"C:\Program Files\Microsoft Visual Studio\18\Community\MSBuild\Microsoft\Microsoft.NET.Build.Extensions\net461\lib\System.Runtime.Serialization.Json.dll" /reference:"C:\Program Files\Microsoft Visual Studio\18\Community\MSBuild\Microsoft\Microsoft.NET.Build.Extensions\net461\lib\System.Runtime.Serialization.Primitives.dll" /reference:"C:\Program Files\Microsoft Visual Studio\18\Community\MSBuild\Microsoft\Microsoft.NET.Build.Extensions\net461\lib\System.Runtime.Serialization.Xml.dll" /reference:"C:\Program Files\Microsoft Visual Studio\18\Community\MSBuild\Microsoft\Microsoft.NET.Build.Extensions\net461\lib\System.Security.Claims.dll" /reference:"C:\Program Files\Microsoft Visual Studio\18\Community\MSBuild\Microsoft\Microsoft.NET.Build.Extensions\net47\lib\System.Security.Cryptography.Algorithms.dll" /reference:"C:\Program Files\Microsoft Visual Studio\18\Community\MSBuild\Microsoft\Microsoft.NET.Build.Extensions\net461\lib\System.Security.Cryptography.Csp.dll" /reference:"C:\Program Files\Microsoft Visual Studio\18\Community\MSBuild\Microsoft\Microsoft.NET.Build.Extensions\net461\lib\System.Security.Cryptography.Encoding.dll" /reference:"C:\Program Files\Microsoft Visual Studio\18\Community\MSBuild\Microsoft\Microsoft.NET.Build.Extensions\net461\lib\System.Security.Cryptography.Primitives.dll" /reference:"C:\Program Files\Microsoft Visual Studio\18\Community\MSBuild\Microsoft\Microsoft.NET.Build.Extensions\net461\lib\System.Security.Cryptography.X509Certificates.dll" /reference:"C:\Program Files (x86)\Reference Assemblies\Microsoft\Framework\.NETFramework\v4.7\System.Security.dll" /reference:"C:\Program Files\Microsoft Visual Studio\18\Community\MSBuild\Microsoft\Microsoft.NET.Build.Extensions\net461\lib\System.Security.Principal.dll" /reference:"C:\Program Files\Microsoft Visual Studio\18\Community\MSBuild\Microsoft\Microsoft.NET.Build.Extensions\net461\lib\System.Security.SecureString.dll" /reference:"C:\Program Files\Microsoft Visual Studio\18\Community\MSBuild\Microsoft\Microsoft.NET.Build.Extensions\net461\lib\System.Text.Encoding.dll" /reference:"C:\Program Files\Microsoft Visual Studio\18\Community\MSBuild\Microsoft\Microsoft.NET.Build.Extensions\net461\lib\System.Text.Encoding.Extensions.dll" /reference:C:\Users\ratho\OneDrive\Plocha\work_2026\FASK_2026\0x_Zdrojove_Kody\Konzola\packages\System.Text.Encodings.Web.8.0.0\lib\net462\System.Text.Encodings.Web.dll /reference:C:\Users\ratho\OneDrive\Plocha\work_2026\FASK_2026\0x_Zdrojove_Kody\Konzola\packages\System.Text.Json.8.0.4\lib\net462\System.Text.Json.dll /reference:"C:\Program Files\Microsoft Visual Studio\18\Community\MSBuild\Microsoft\Microsoft.NET.Build.Extensions\net461\lib\System.Text.RegularExpressions.dll" /reference:"C:\Program Files\Microsoft Visual Studio\18\Community\MSBuild\Microsoft\Microsoft.NET.Build.Extensions\net461\lib\System.Threading.dll" /reference:"C:\Program Files\Microsoft Visual Studio\18\Community\MSBuild\Microsoft\Microsoft.NET.Build.Extensions\net461\lib\System.Threading.Overlapped.dll" /reference:"C:\Program Files\Microsoft Visual Studio\18\Community\MSBuild\Microsoft\Microsoft.NET.Build.Extensions\net461\lib\System.Threading.Tasks.dll" /reference:C:\Users\ratho\OneDrive\Plocha\work_2026\FASK_2026\0x_Zdrojove_Kody\Konzola\packages\System.Threading.Tasks.Extensions.4.5.4\lib\net461\System.Threading.Tasks.Extensions.dll /reference:"C:\Program Files\Microsoft Visual Studio\18\Community\MSBuild\Microsoft\Microsoft.NET.Build.Extensions\net461\lib\System.Threading.Tasks.Parallel.dll" /reference:"C:\Program Files\Microsoft Visual Studio\18\Community\MSBuild\Microsoft\Microsoft.NET.Build.Extensions\net461\lib\System.Threading.Thread.dll" /reference:"C:\Program Files\Microsoft Visual Studio\18\Community\MSBuild\Microsoft\Microsoft.NET.Build.Extensions\net461\lib\System.Threading.ThreadPool.dll" /reference:"C:\Program Files\Microsoft Visual Studio\18\Community\MSBuild\Microsoft\Microsoft.NET.Build.Extensions\net461\lib\System.Threading.Timer.dll" /reference:C:\Users\ratho\OneDrive\Plocha\work_2026\FASK_2026\0x_Zdrojove_Kody\Konzola\packages\System.ValueTuple.4.5.0\lib\net47\System.ValueTuple.dll /reference:"C:\Program Files (x86)\Reference Assemblies\Microsoft\Framework\.NETFramework\v4.7\System.Web.dll" /reference:"C:\Program Files (x86)\Reference Assemblies\Microsoft\Framework\.NETFramework\v4.7\System.Web.Services.dll" /reference:"C:\Program Files (x86)\Reference Assemblies\Microsoft\Framework\.NETFramework\v4.7\System.Windows.Forms.dll" /reference:"C:\Program Files (x86)\Reference Assemblies\Microsoft\Framework\.NETFramework\v4.7\System.Xml.dll" /reference:"C:\Program Files (x86)\Reference Assemblies\Microsoft\Framework\.NETFramework\v4.7\System.Xml.Linq.dll" /reference:"C:\Program Files\Microsoft Visual Studio\18\Community\MSBuild\Microsoft\Microsoft.NET.Build.Extensions\net461\lib\System.Xml.ReaderWriter.dll" /reference:"C:\Program Files\Microsoft Visual Studio\18\Community\MSBuild\Microsoft\Microsoft.NET.Build.Extensions\net461\lib\System.Xml.XDocument.dll" /reference:"C:\Program Files\Microsoft Visual Studio\18\Community\MSBuild\Microsoft\Microsoft.NET.Build.Extensions\net461\lib\System.Xml.XmlDocument.dll" /reference:"C:\Program Files\Microsoft Visual Studio\18\Community\MSBuild\Microsoft\Microsoft.NET.Build.Extensions\net461\lib\System.Xml.XmlSerializer.dll" /reference:"C:\Program Files\Microsoft Visual Studio\18\Community\MSBuild\Microsoft\Microsoft.NET.Build.Extensions\net461\lib\System.Xml.XPath.dll" /reference:"C:\Program Files\Microsoft Visual Studio\18\Community\MSBuild\Microsoft\Microsoft.NET.Build.Extensions\net461\lib\System.Xml.XPath.XDocument.dll" /reference:"C:\Users\ratho\OneDrive\Plocha\work_2026\FASK_2026\0x_Zdrojove_Kody\_SdileneProjekty_\TouchscreenKeyboard\TouchscreenKeyboard\!Build!\Debug\TouchscreenKeyboard.dll" /reference:"C:\Program Files (x86)\Reference Assemblies\Microsoft\Framework\.NETFramework\v4.7\WindowsBase.dll" /reference:C:\Users\ratho\OneDrive\Plocha\work_2026\FASK_2026\0x_Zdrojove_Kody\Konzola\packages\ZXing.Net.0.16.9\lib\net47\zxing.dll /reference:C:\Users\ratho\OneDrive\Plocha\work_2026\FASK_2026\0x_Zdrojove_Kody\Konzola\packages\ZXing.Net.0.16.9\lib\net47\zxing.presentation.dll /reference:"C:\Program Files (x86)\Reference Assemblies\Microsoft\Framework\.NETFramework\v4.7\Facades\System.ComponentModel.Annotations.dll" /reference:"C:\Program Files (x86)\Reference Assemblies\Microsoft\Framework\.NETFramework\v4.7\Facades\System.Reflection.Emit.dll" /reference:"C:\Program Files (x86)\Reference Assemblies\Microsoft\Framework\.NETFramework\v4.7\Facades\System.Reflection.Emit.ILGeneration.dll" /reference:"C:\Program Files (x86)\Reference Assemblies\Microsoft\Framework\.NETFramework\v4.7\Facades\System.Reflection.Emit.Lightweight.dll" /reference:"C:\Program Files (x86)\Reference Assemblies\Microsoft\Framework\.NETFramework\v4.7\Facades\System.Runtime.InteropServices.WindowsRuntime.dll" /reference:"C:\Program Files (x86)\Reference Assemblies\Microsoft\Framework\.NETFramework\v4.7\Facades\System.ServiceModel.Duplex.dll" /reference:"C:\Program Files (x86)\Reference Assemblies\Microsoft\Framework\.NETFramework\v4.7\Facades\System.ServiceModel.Http.dll" /reference:"C:\Program Files (x86)\Reference Assemblies\Microsoft\Framework\.NETFramework\v4.7\Facades\System.ServiceModel.NetTcp.dll" /reference:"C:\Program Files (x86)\Reference Assemblies\Microsoft\Framework\.NETFramework\v4.7\Facades\System.ServiceModel.Primitives.dll" /reference:"C:\Program Files (x86)\Reference Assemblies\Microsoft\Framework\.NETFramework\v4.7\Facades\System.ServiceModel.Security.dll" /debug+ /filealign:512 /out:obj\x86\Debug\Konzola.exe /subsystemversion:6.00 /resource:obj\x86\Debug\Konzola.Android.Form_AndroidKonfig.resources /resource:obj\x86\Debug\Konzola.BaseForm.resources /resource:obj\x86\Debug\Konzola.Ciselniky.FormLokaceMapaGenerovani.resources /resource:obj\x86\Debug\Konzola.Ciselniky.FormLokace.resources /resource:obj\x86\Debug\Konzola.Ciselniky.FormLokaceMapaList.resources /resource:obj\x86\Debug\Konzola.Ciselniky.FormLokaceCZMST094Edit.resources /resource:obj\x86\Debug\Konzola.Ciselniky.FormPracovniciEdit.resources /resource:obj\x86\Debug\Konzola.Ciselniky.FormPracovniciList.resources /resource:obj\x86\Debug\Konzola.Ciselniky.FormRADYEdit.resources /resource:obj\x86\Debug\Konzola.Ciselniky.FormRADYList.resources /resource:obj\x86\Debug\Konzola.Ciselniky.FormSkladyList.resources /resource:obj\x86\Debug\Konzola.Ciselniky.FormStrediskaEdit.resources /resource:obj\x86\Debug\Konzola.Ciselniky.FormTypyDokladuEdit.resources /resource:obj\x86\Debug\Konzola.Ciselniky.FormTypyDokladuList.resources /resource:obj\x86\Debug\Konzola.Ciselniky.FormZboziEdit.resources /resource:obj\x86\Debug\Konzola.Ciselniky.FormZboziList.resources /resource:obj\x86\Debug\Konzola.Ciselniky.FormLokaceVariantySortimentList.resources /resource:obj\x86\Debug\Konzola.Ciselniky.FormLokaceVariantySortimentEdit.resources /resource:obj\x86\Debug\Konzola.Ciselniky.FormLokaceTypyEdit.resources /resource:obj\x86\Debug\Konzola.Ciselniky.FormLokaceTypyList.resources /resource:obj\x86\Debug\Konzola.Ciselniky.FormLokaceTypySelect.resources /resource:obj\x86\Debug\Konzola.Ciselniky.FormSkladyEdit.resources /resource:obj\x86\Debug\Konzola.Expedice.FormBufferBaleniList.resources /resource:obj\x86\Debug\Konzola.Expedice.FormDodaciListyList.resources /resource:obj\x86\Debug\Konzola.Forms.AboutBox.resources /resource:obj\x86\Debug\Konzola.Forms.FormImport.resources /resource:obj\x86\Debug\Konzola.Forms.FormKod.resources /resource:obj\x86\Debug\Konzola.Forms.Form_DateTime_From_To.resources /resource:obj\x86\Debug\Konzola.Forms.InputBox_Text_And_Checkbox.resources /resource:obj\x86\Debug\Konzola.Forms.FormImage.resources /resource:obj\x86\Debug\Konzola.Forms.FormBase.resources /resource:obj\x86\Debug\Konzola.Forms.FormConfig.resources /resource:obj\x86\Debug\Konzola.Forms.FormIDPracovnikaLogin.resources /resource:obj\x86\Debug\Konzola.Forms.FormMain.resources /resource:obj\x86\Debug\Konzola.Forms.InputBox.resources /resource:obj\x86\Debug\Konzola.Forms.Spolecne.FormVyrabenePolozky.resources /resource:obj\x86\Debug\Konzola.Forms.WaitForm.resources /resource:obj\x86\Debug\Konzola.ImportniMustky.FormImport_SKzNC_Edit.resources /resource:obj\x86\Debug\Konzola.ImportniMustky.FormImport_SKzNC_ErrList.resources /resource:obj\x86\Debug\Konzola.ImportniMustky.FormImport_SKzNC_List.resources /resource:obj\x86\Debug\Konzola.Inventura.FormInventuraHlavickaList2.resources /resource:obj\x86\Debug\Konzola.Inventura.FormInventuraNasnimaneList.resources /resource:obj\x86\Debug\Konzola.Inventura.FormInventuraPredlohaList.resources /resource:obj\x86\Debug\Konzola.Inventura.FormInventura_Porovnani.resources /resource:obj\x86\Debug\Konzola.Inventura.FormInv_PredlohaList.resources /resource:obj\x86\Debug\Konzola.IT_cast.FormIT_cast_EventsArchivace.resources /resource:obj\x86\Debug\Konzola.IT_cast.FormIT_cast_ProductionArchivace.resources /resource:obj\x86\Debug\Konzola.IT_cast.Form_DateTime_From_To_archivace.resources /resource:obj\x86\Debug\Konzola.Planovani.FormPlanovaniVyrobyEdit.resources /resource:obj\x86\Debug\Konzola.Planovani.FormPlanovaniVyrobyList.resources /resource:obj\x86\Debug\Konzola.Planovani.FormPlanovaniVyroby_Zaplanovani.resources /resource:obj\x86\Debug\Konzola.Planovani.Kapacitni_Planovani.FormMaterial.resources /resource:obj\x86\Debug\Konzola.Planovani.Planovani_Detail.Form_Planovani_Detail.resources /resource:obj\x86\Debug\Konzola.Planovani.Planovani_Navrhar.Form_PlanovaniVarianty.resources /resource:obj\x86\Debug\Konzola.Planovani.Planovani_Navrhar.Form_PlanovaniVarianty_Params.resources /resource:obj\x86\Debug\Konzola.Prijem.FormDavkyPrijemPIEdit.resources /resource:obj\x86\Debug\Konzola.Prijem.FormDavkyPrijmuList.resources /resource:obj\x86\Debug\Konzola.Prijem.FormDavkyPrijemPEEdit.resources /resource:obj\x86\Debug\Konzola.Prijem.FormPrijemNasnimaneList.resources /resource:obj\x86\Debug\Konzola.Properties.Resources.resources /resource:obj\x86\Debug\Konzola.Scanner.FormScannerCOMSettings.resources /resource:obj\x86\Debug\Konzola.Servis.FormOkruhySelect.resources /resource:obj\x86\Debug\Konzola.Servis.FormReportSestava.resources /resource:obj\x86\Debug\Konzola.Forms.FormRFIDData.resources /resource:obj\x86\Debug\Konzola.Servis.FormZdrojeList.resources /resource:obj\x86\Debug\Konzola.Servis.FormZdrojePohybReportViewer.resources /resource:obj\x86\Debug\Konzola.Servis.FormZdrojStavOkruhEdit.resources /resource:obj\x86\Debug\Konzola.Servis.FormDynTabEdit.resources /resource:obj\x86\Debug\Konzola.Servis.FormDynTabDefEdit.resources /resource:obj\x86\Debug\Konzola.Servis.FormVazbyDynTabDefDynTabList.resources /resource:obj\x86\Debug\Konzola.Ciselniky.FormOdberateleSelect.resources /resource:obj\x86\Debug\Konzola.Servis.FormOkruhyEdit.resources /resource:obj\x86\Debug\Konzola.Servis.FormOkruhyList.resources /resource:obj\x86\Debug\Konzola.Servis.FormVazbyOkruhZdrojSeznamList.resources /resource:obj\x86\Debug\Konzola.Servis.FormZdrojePohybList.resources /resource:obj\x86\Debug\Konzola.Servis.FormZdrojeStavyEdit.resources /resource:obj\x86\Debug\Konzola.Servis.FormZdrojeStavyList.resources /resource:obj\x86\Debug\Konzola.Servis.FormZdrojeSelect.resources /resource:obj\x86\Debug\Konzola.Servis.FormVazbyCinnostCinnostNextList.resources /resource:obj\x86\Debug\Konzola.Servis.FormStavySelect.resources /resource:obj\x86\Debug\Konzola.Ciselniky.FormOdberateleEdit.resources /resource:obj\x86\Debug\Konzola.Ciselniky.FormOdberateleList.resources /resource:obj\x86\Debug\Konzola.Servis.FormStavyEdit.resources /resource:obj\x86\Debug\Konzola.Servis.FormStavyList.resources /resource:obj\x86\Debug\Konzola.Servis.FormCinnostiEdit.resources /resource:obj\x86\Debug\Konzola.Servis.FormCinnostiList.resources /resource:obj\x86\Debug\Konzola.Servis.FormCinnostiSelect.resources /resource:obj\x86\Debug\Konzola.Servis.FormVazbyStavStavNextList.resources /resource:obj\x86\Debug\Konzola.Servis.FormZdrojeEdit.resources /resource:obj\x86\Debug\Konzola.Ciselniky.FormLokaceMapaEdit.resources /resource:obj\x86\Debug\Konzola.Ciselniky.FormStrediskaList.resources /resource:obj\x86\Debug\Konzola.Servis.Print.FormPrintZdrojStav_Etiketa.resources /resource:obj\x86\Debug\Konzola.Servis.Print.FormPrintZdrojStav_Report.resources /resource:obj\x86\Debug\Konzola.Servis.Print.FormPrintZdroj.resources /resource:obj\x86\Debug\Konzola.SkladLokace.FormPohybyIS_List.resources /resource:obj\x86\Debug\Konzola.SkladLokace.FormSkladLokaceStavEdit.resources /resource:obj\x86\Debug\Konzola.SkladLokace.FormSkladLokaceStavList.resources /resource:obj\x86\Debug\Konzola.SkladLokace.FormSkladLokaceStavList_SelectCountEntries.resources /resource:obj\x86\Debug\Konzola.SkladLokace.FormSKladLokace_PorovnaniVuciIS.resources /resource:obj\x86\Debug\Konzola.Sklady.FormSkladPohybList.resources /resource:obj\x86\Debug\Konzola.Sklady.FormSkladStavLokaceList.resources /resource:obj\x86\Debug\Konzola.Sklad.FormTransakceSPredlohou.resources /resource:obj\x86\Debug\Konzola.SplashScreen.resources /resource:obj\x86\Debug\Konzola.StavSkladu.FormStavSkladuHistorieList.resources /resource:obj\x86\Debug\Konzola.StavSkladu.FormStavSkladuList.resources /resource:obj\x86\Debug\Konzola.Terminal.FormTerminalSeznam.resources /resource:obj\x86\Debug\Konzola.Terminal.FormVNC.resources /resource:obj\x86\Debug\Konzola.Terminal.TestDisp.resources /resource:obj\x86\Debug\Konzola.Terminal.TestDisp_2.resources /resource:obj\x86\Debug\Konzola.Terminal.Test_Login.Form_Test_Login.resources /resource:obj\x86\Debug\Konzola.Tisk.FormTiskovaSablonaEdit.resources /resource:obj\x86\Debug\Konzola.Ukolovani.FormUkolyAktualniList.resources /resource:obj\x86\Debug\Konzola.Ukolovani.FormUkolyEdit.resources /resource:obj\x86\Debug\Konzola.Ukolovani.FormUkolyHistoryList.resources /resource:obj\x86\Debug\Konzola.Ukolovani.FormUkolyList.resources /resource:obj\x86\Debug\Konzola.VolnyPohyb.FormDavkyProdejDIEdit.resources /resource:obj\x86\Debug\Konzola.VolnyPohyb.FormVolnyPohybNasnimaneList.resources /resource:obj\x86\Debug\Konzola.Vydej.FormDavkyVydejeKontrola.resources /resource:obj\x86\Debug\Konzola.Vydej.FormDavkyVydejeList.resources /resource:obj\x86\Debug\Konzola.Vydej.FormDavkyVydejeEdit.resources /resource:obj\x86\Debug\Konzola.Vydej.FormDavkyVydejeList_Test.resources /resource:obj\x86\Debug\Konzola.Vydej.FormVydejDavkyList.resources /resource:obj\x86\Debug\Konzola.Vydej.FormVydejNasnimaneList.resources /resource:obj\x86\Debug\Konzola.Vydej.Form_Predloha_Rekapitulace.resources /resource:obj\x86\Debug\Konzola.Vydej.FormDavkyVydejSIEdit.resources /resource:obj\x86\Debug\Konzola.Vyroba.Ciselnik.FormModifikace_TP.resources /resource:obj\x86\Debug\Konzola.Vyroba.FormStrojeEdit.resources /resource:obj\x86\Debug\Konzola.Vyroba.Ciselnik.Form_Moduly.resources /resource:obj\x86\Debug\Konzola.Vyroba.Ciselnik.Form_Stroje.resources /resource:obj\x86\Debug\Konzola.Vyroba.Rozbory.Form_MachineStateSetList_RozborOdvoduSSS.resources /resource:obj\x86\Debug\Konzola.Vyroba.Rozbory.FormOdvod_TiskoveSablony.resources /resource:obj\x86\Debug\Konzola.Vyroba.Rozbory.FormOdvod_MachineStateSetList.resources /resource:obj\x86\Debug\Konzola.Vyroba.Rozbory.FormOdvod_EventsErrList.resources /resource:obj\x86\Debug\Konzola.Vyroba.Rozbory.FormOdvod_EventsList.resources /resource:obj\x86\Debug\Konzola.Vyroba.Rozbory.FormOdvod_EventsErrList_Storno.resources /resource:obj\x86\Debug\Konzola.Vyroba.Rozbory.FormOdvod_EventsList_Storno.resources /resource:obj\x86\Debug\Konzola.Vyroba.FormPlanovaniVyroby_Rozbor.resources /resource:obj\x86\Debug\Konzola.Vyroba.FormProductionEdit3.resources /resource:obj\x86\Debug\Konzola.Vyroba.FormProductionSourcesList_SelectCountEntries.resources /resource:obj\x86\Debug\Konzola.Vyroba.FormProductionEdit2_CarKod.resources /resource:obj\x86\Debug\Konzola.Vyroba.FormProductionList_SelectCountEntries.resources /resource:obj\x86\Debug\Konzola.Vyroba.FormProductionSourcesEdit2.resources /resource:obj\x86\Debug\Konzola.Vyroba.FormProductionSourecesList.resources /resource:obj\x86\Debug\Konzola.Vyroba.FormProductionEdit.resources /resource:obj\x86\Debug\Konzola.Vyroba.FormProductionEdit2.resources /resource:obj\x86\Debug\Konzola.Vyroba.FormProductionList.resources /resource:obj\x86\Debug\Konzola.Vyroba.FormSkupinyEdit.resources /resource:obj\x86\Debug\Konzola.Vyroba.FormSkupinyList.resources /resource:obj\x86\Debug\Konzola.Vyroba.FormProduction_SN_List.resources /resource:obj\x86\Debug\Konzola.Vyroba.FormUkoncitZakazkuOdvadeni.resources /resource:obj\x86\Debug\Konzola.Vyroba.FormVazbyAddMaterialy.resources /resource:obj\x86\Debug\Konzola.Vyroba.FormVazbyAddMaterialyEdit.resources /resource:obj\x86\Debug\Konzola.Vyroba.FormVazbyAddPolotovar.resources /resource:obj\x86\Debug\Konzola.Vyroba.FormVazbyAddVyrobek.resources /resource:obj\x86\Debug\Konzola.Vyroba.FormVazbyMaterialy.resources /resource:obj\x86\Debug\Konzola.FormPotrebaMaterialu.resources /resource:obj\x86\Debug\Konzola.Vyroba.FormVazby_P_PS_List_Zpracovat.resources /resource:obj\x86\Debug\Konzola.Vyroba.FormVazby_P_PS_List.resources /resource:obj\x86\Debug\Konzola.Vyroba.Transakce.FormVazby_Zpracovat.resources /resource:obj\x86\Debug\Konzola.Vyroba.FormVPHEdit.resources /resource:obj\x86\Debug\Konzola.Vyroba.FormVPPEdit.resources /resource:obj\x86\Debug\Konzola.Vyroba.FormVyrobniPrikazList.resources /resource:obj\x86\Debug\Konzola.Vyroba.Transakce.FormVyrobniPrikazList_Tisk.resources /resource:obj\x86\Debug\Konzola.Vyroba.FormVyrobniPrikaz_VPH_Seznam.resources /resource:obj\x86\Debug\Konzola.Vyroba.FormVyrobniPrikaz_VPP_GenerovaniSN.resources /resource:obj\x86\Debug\Konzola.Vyroba.Transakce.Form_DisponibilityPrehled.resources /resource:obj\x86\Debug\Konzola.Vyroba.Wizard.VyrobniPrikazList_VPP.Form_01_Vyber_Vyrobku.resources /resource:Ciselniky\ReportLokace_CZMST094.rdlc,Konzola.Ciselniky.ReportLokace_CZMST094.rdlc /resource:Ciselniky\Report_FormOdberateleList.rdlc,Konzola.Ciselniky.Report_FormOdberateleList.rdlc /resource:Ciselniky\Sklady_Ciselniky_Sklady.rdlc,Konzola.Ciselniky.Sklady_Ciselniky_Sklady.rdlc /resource:Forms\Spolecne\Meine.rdlc,Konzola.Forms.Spolecne.Meine.rdlc /resource:Forms\Spolecne\Vyrabene_Polozky.rdlc,Konzola.Forms.Spolecne.Vyrabene_Polozky.rdlc /resource:Inventura\01_INTERTACT_report_SKLAD_Inventura_Predloha_polozky_I_detailne_HOTOVO_MaR.rdlc,Konzola.Inventura.01_INTERTACT_report_SKLAD_Inventura_Predloha_polozky_I_detailne_HOTOVO_MaR.rdlc /resource:Inventura\Report_FormInv_PredlohaList.rdlc,Konzola.Inventura.Report_FormInv_PredlohaList.rdlc /resource:Inventura\Sklady_Transakce_Inventura_Predloha.rdlc,Konzola.Inventura.Sklady_Transakce_Inventura_Predloha.rdlc /resource:Inventura\stav_inventura.rdlc,Konzola.Inventura.stav_inventura.rdlc /resource:Planovani\Report_FormPlanovaniVyrobyList.rdlc,Konzola.Planovani.Report_FormPlanovaniVyrobyList.rdlc /resource:Planovani\Planovani_PlanovaniVyrobyVydeje_00.rdlc,Konzola.Planovani.Planovani_PlanovaniVyrobyVydeje_00.rdlc /resource:Servis\Print\Templates\Report_PlanovaniVyroby.rdlc,Konzola.Servis.Print.Templates.Report_PlanovaniVyroby.rdlc /resource:TISK_sablony\Empty_Test.rdlc,Konzola.TISK_sablony.Empty_Test.rdlc /resource:TISK_sablony\VyrabenePolozky.rdlc,Konzola.TISK_sablony.VyrabenePolozky.rdlc /resource:TISK_sablony\VyrabenePolozky_00.rdlc,Konzola.TISK_sablony.VyrabenePolozky_00.rdlc /resource:VolnyPohyb\Sklady_Transakce_VolnyPohyb_Nasnimane.rdlc,Konzola.VolnyPohyb.Sklady_Transakce_VolnyPohyb_Nasnimane.rdlc /resource:Vydej\Sklady_Rozbory_Transakce_s_predlohou.rdlc,Konzola.Vydej.Sklady_Rozbory_Transakce_s_predlohou.rdlc /resource:Vydej\Sklady_Transakce_Volny_Pohyb_Nasnimane.rdlc,Konzola.Vydej.Sklady_Transakce_Volny_Pohyb_Nasnimane.rdlc /resource:"Vydej\SKLADY_TRANSAKCE_VYDEJ S PREDLOHOU_PREDLOHA.rdlc","Konzola.Vydej.SKLADY_TRANSAKCE_VYDEJ S PREDLOHOU_PREDLOHA.rdlc" /resource:"Vydej\SKLADY_TRANSAKCE_VYDEJ S PREDLOHOU_PREDLOHA1.rdlc","Konzola.Vydej.SKLADY_TRANSAKCE_VYDEJ S PREDLOHOU_PREDLOHA1.rdlc" /resource:"Vydej\SKLADY_TRANSAKCE_VYDEJ S PREDLOHOU_PREDLOHA2.rdlc","Konzola.Vydej.SKLADY_TRANSAKCE_VYDEJ S PREDLOHOU_PREDLOHA2.rdlc" /resource:Vydej\Sklady_Transakce_Vydej_s_predlohou_Nasnimane.rdlc,Konzola.Vydej.Sklady_Transakce_Vydej_s_predlohou_Nasnimane.rdlc /resource:Vydej\Sklady_Transakce_Vydej_s_predlohou_Predloha.rdlc,Konzola.Vydej.Sklady_Transakce_Vydej_s_predlohou_Predloha.rdlc /resource:Vyroba\Ciselnik\Report_FormVazbyMaterialy.rdlc,Konzola.Vyroba.Ciselnik.Report_FormVazbyMaterialy.rdlc /resource:"Vyroba\Ciselnik\Vyroba_Ciselníky_Vazba_materialy.rdlc","Konzola.Vyroba.Ciselnik.Vyroba_Ciselníky_Vazba_materialy.rdlc" /resource:Vyroba\Rozbory\Report_Analyza_SSS_10.rdlc,Konzola.Vyroba.Rozbory.Report_Analyza_SSS_10.rdlc /resource:Vyroba\Rozbory\Report_FormOdvod_EventsList_Prehled_Odvadeni_Stroju.rdlc,Konzola.Vyroba.Rozbory.Report_FormOdvod_EventsList_Prehled_Odvadeni_Stroju.rdlc /resource:Vyroba\Rozbory\Report_FormProductionList.rdlc,Konzola.Vyroba.Rozbory.Report_FormProductionList.rdlc /target:winexe /utf8output /win32icon:Resources\logo_FASKV2.ico /langversion:7.3 ..\..\_sdilenetridy_\konfigurace_android\Konfigurace.cs ..\..\_SdileneTridy_\Konfigurace_Android\Konfigurace_Prodej.cs ..\..\_SdileneTridy_\Konfigurace_Android\Konfigurace_Prodej_Price.cs ..\..\_SdileneTridy_\Konfigurace_Android\Konfigurace_Prodej_REZ.cs ..\..\_SdileneTridy_\Konfigurace_Android\Konfigurace_Vyroba.cs ..\..\_SdileneTridy_\Konfigurace_Android\SQLite_ProdejScript.cs Android\Form_AndroidKonfig.cs Android\Form_AndroidKonfig.Designer.cs API_TerminalKonfigurace\Konfigurace_Expedice.cs API_TerminalKonfigurace\Konfigurace_Inventura.cs API_TerminalKonfigurace\Konfigurace_Ostatni.cs API_TerminalKonfigurace\Konfigurace_Prijem.cs API_TerminalKonfigurace\Konfigurace_Vydej.cs BaseFormTest\BaseForm.cs BaseFormTest\BaseForm.Designer.cs Ciselniky\FormLokace.cs Ciselniky\FormLokace.Designer.cs Ciselniky\FormLokaceCZMST094Edit.cs Ciselniky\FormLokaceCZMST094Edit.Designer.cs Extensions\DataGridView_ImportCSV.cs Extensions\ProviderExt.cs Ciselniky\FormLokaceMapaGenerovani.cs Ciselniky\FormLokaceMapaGenerovani.Designer.cs Ciselniky\FormLokaceMapaList.cs Ciselniky\FormLokaceMapaList.Designer.cs Ciselniky\FormPracovniciEdit.cs Ciselniky\FormPracovniciEdit.Designer.cs Ciselniky\FormPracovniciList.cs Ciselniky\FormPracovniciList.Designer.cs Ciselniky\FormRADYEdit.cs Ciselniky\FormRADYEdit.Designer.cs Ciselniky\FormRADYList.cs Ciselniky\FormRADYList.Designer.cs Ciselniky\FormSkladyList.cs Ciselniky\FormSkladyList.Designer.cs Ciselniky\FormStrediskaEdit.cs Ciselniky\FormStrediskaEdit.Designer.cs Ciselniky\FormTypyDokladuEdit.cs Ciselniky\FormTypyDokladuEdit.Designer.cs Ciselniky\FormTypyDokladuList.cs Ciselniky\FormTypyDokladuList.Designer.cs Ciselniky\FormZboziEdit.cs Ciselniky\FormZboziEdit.Designer.cs Ciselniky\FormZboziList.cs Ciselniky\FormZboziList.Designer.cs Ciselniky\FormLokaceVariantySortimentList.cs Ciselniky\FormLokaceVariantySortimentList.Designer.cs Ciselniky\FormLokaceVariantySortimentEdit.cs Ciselniky\FormLokaceVariantySortimentEdit.Designer.cs Ciselniky\FormLokaceTypyEdit.cs Ciselniky\FormLokaceTypyEdit.Designer.cs Ciselniky\FormLokaceTypyList.cs Ciselniky\FormLokaceTypyList.Designer.cs Ciselniky\FormLokaceTypySelect.cs Ciselniky\FormLokaceTypySelect.Designer.cs Ciselniky\FormSkladyEdit.cs Ciselniky\FormSkladyEdit.Designer.cs Forms\FormImport.cs Forms\FormImport.Designer.cs Forms\FormKod.cs Forms\FormKod.Designer.cs Forms\Form_DateTime_From_To.cs Forms\Form_DateTime_From_To.Designer.cs Forms\Spolecne\FormVyrabenePolozky.cs Forms\Spolecne\FormVyrabenePolozky.Designer.cs ImportniMustky\Extensions\DataSet_Import.cs ImportniMustky\FormImport_SKzNC_Edit.cs ImportniMustky\FormImport_SKzNC_Edit.Designer.cs ImportniMustky\FormImport_SKzNC_ErrList.cs ImportniMustky\FormImport_SKzNC_ErrList.Designer.cs ImportniMustky\FormImport_SKzNC_List.cs ImportniMustky\FormImport_SKzNC_List.Designer.cs Inventura\dataset\dsFaskInventura.Designer.cs Inventura\FormInventura_Porovnani.cs Inventura\FormInventura_Porovnani.Designer.cs Inventura\FormInv_PredlohaList.cs Inventura\FormInv_PredlohaList.Designer.cs IT_cast\FormIT_cast_EventsArchivace.cs IT_cast\FormIT_cast_EventsArchivace.Designer.cs IT_cast\FormIT_cast_ProductionArchivace.cs IT_cast\FormIT_cast_ProductionArchivace.Designer.cs IT_cast\Form_DateTime_From_To_archivace.cs IT_cast\Form_DateTime_From_To_archivace.Designer.cs Konfigurace\Globals_Konfig_Konzola.cs Konfigurace\Konf.cs Konfigurace\Konf.Designer.cs Konfigurace_Tisky\Globals_Konfig_Tisk.cs Konfigurace_Tisky\Konf_T.cs Konfigurace_Tisky\Konf_T.Designer.cs Licence\KonzolaLicence.cs Licence\Licensing.cs Napoveda\Napoveda.cs Expedice\FormBufferBaleniList.cs Expedice\FormBufferBaleniList.Designer.cs Expedice\FormDodaciListyList.cs Expedice\FormDodaciListyList.Designer.cs Extensions\BindingSourceExt.cs Extensions\ButtonsPanelExt.cs Extensions\ComboBoxExt.cs Extensions\DataGridView_Exporty.cs Extensions\ToolStripMenuItemExt.cs Extensions\ListExt.cs Extensions\DataGridViewExt.cs Extensions\FlexibleMessageBox.cs Forms\AboutBox.cs Forms\AboutBox.designer.cs Forms\InputBox_Text_And_Checkbox.cs Forms\InputBox_Text_And_Checkbox.Designer.cs Forms\FormImage.cs Forms\FormImage.Designer.cs Forms\FormBase.cs Forms\FormBase.Designer.cs Forms\FormConfig.cs Forms\FormConfig.Designer.cs Forms\FormIDPracovnikaLogin.cs Forms\FormIDPracovnikaLogin.Designer.cs Forms\FormMain.cs Forms\FormMain.Designer.cs Forms\InputBox.cs Forms\InputBox.Designer.cs Forms\WaitForm.cs Forms\WaitForm.Designer.cs Globals.cs Inventura\dataset\dsSBKompletInventura.Designer.cs Inventura\FormInventuraHlavickaList2.cs Inventura\FormInventuraHlavickaList2.Designer.cs Inventura\FormInventuraNasnimaneList.cs Inventura\FormInventuraNasnimaneList.Designer.cs Inventura\FormInventuraPredlohaList.cs Inventura\FormInventuraPredlohaList.Designer.cs MySystem\Encryption.cs MySystem\LoginTest.cs MySystem\Path.cs Planovani\FormPlanovaniVyrobyEdit.cs Planovani\FormPlanovaniVyrobyEdit.Designer.cs Planovani\FormPlanovaniVyrobyList.cs Planovani\FormPlanovaniVyrobyList.Designer.cs Planovani\FormPlanovaniVyroby_Zaplanovani.cs Planovani\FormPlanovaniVyroby_Zaplanovani.Designer.cs Planovani\Kapacitni_Planovani\FormMaterial.cs Planovani\Kapacitni_Planovani\FormMaterial.Designer.cs Planovani\Planovani_Detail\Form_Planovani_Detail.cs Planovani\Planovani_Detail\Form_Planovani_Detail.Designer.cs Planovani\Planovani_Navrhar\Form_PlanovaniVarianty.cs Planovani\Planovani_Navrhar\Form_PlanovaniVarianty.Designer.cs Planovani\Planovani_Navrhar\Form_PlanovaniVarianty_Params.cs Planovani\Planovani_Navrhar\Form_PlanovaniVarianty_Params.Designer.cs Prijem\IFormDavkyPrijemPIEdit.cs Prijem\IFormDavkyPrijemPIEdit.Designer.cs Prijem\FormDavkyPrijmuList.cs Prijem\FormDavkyPrijmuList.Designer.cs Prijem\FormDavkyPrijemPEEdit.cs Prijem\FormDavkyPrijemPEEdit.Designer.cs Prijem\FormPrijemNasnimaneList.cs Prijem\FormPrijemNasnimaneList.Designer.cs Program.cs Properties\AssemblyInfo.cs Scanner\FormScannerCOMSettings.cs Scanner\FormScannerCOMSettings.Designer.cs Scanner\ScannerBase.cs Scanner\ScannerCOM.cs Scanner\ScannerNone.cs Servis\FormOkruhySelect.cs Servis\FormOkruhySelect.Designer.cs Servis\FormReportSestava.cs Servis\FormReportSestava.Designer.cs Forms\FormRFIDData.cs Forms\FormRFIDData.Designer.cs Servis\FormZdrojeList.cs Servis\FormZdrojeList.Designer.cs Servis\FormZdrojePohybReportViewer.cs Servis\FormZdrojePohybReportViewer.Designer.cs Servis\FormZdrojStavOkruhEdit.cs Servis\FormZdrojStavOkruhEdit.Designer.cs Servis\FormDynTabEdit.cs Servis\FormDynTabEdit.Designer.cs Servis\FormDynTabDefEdit.cs Servis\FormDynTabDefEdit.Designer.cs Servis\FormVazbyDynTabDefDynTabList.cs Servis\FormVazbyDynTabDefDynTabList.Designer.cs Ciselniky\FormOdberateleSelect.cs Ciselniky\FormOdberateleSelect.Designer.cs Servis\FormOkruhyEdit.cs Servis\FormOkruhyEdit.Designer.cs Servis\FormOkruhyList.cs Servis\FormOkruhyList.Designer.cs Servis\FormVazbyOkruhZdrojSeznamList.cs Servis\FormVazbyOkruhZdrojSeznamList.Designer.cs Servis\FormZdrojePohybList.cs Servis\FormZdrojePohybList.Designer.cs Servis\FormZdrojeStavyEdit.cs Servis\FormZdrojeStavyEdit.Designer.cs Servis\FormZdrojeStavyList.cs Servis\FormZdrojeStavyList.Designer.cs Servis\FormZdrojeSelect.cs Servis\FormZdrojeSelect.Designer.cs Servis\FormVazbyCinnostCinnostNextList.cs Servis\FormVazbyCinnostCinnostNextList.Designer.cs Servis\FormStavySelect.cs Servis\FormStavySelect.Designer.cs Ciselniky\FormOdberateleEdit.cs Ciselniky\FormOdberateleEdit.Designer.cs Ciselniky\FormOdberateleList.cs Ciselniky\FormOdberateleList.Designer.cs Servis\FormStavyEdit.cs Servis\FormStavyEdit.Designer.cs Servis\FormStavyList.cs Servis\FormStavyList.Designer.cs Servis\FormCinnostiEdit.cs Servis\FormCinnostiEdit.Designer.cs Servis\FormCinnostiList.cs Servis\FormCinnostiList.Designer.cs Servis\FormCinnostiSelect.cs Servis\FormCinnostiSelect.Designer.cs Servis\FormVazbyStavStavNextList.cs Servis\FormVazbyStavStavNextList.Designer.cs Servis\FormZdrojeEdit.cs Servis\FormZdrojeEdit.Designer.cs Servis\Print\FormPrintZdrojStav_Etiketa.cs Servis\Print\FormPrintZdrojStav_Etiketa.Designer.cs Servis\Print\FormPrintZdrojStav_Report.cs Servis\Print\FormPrintZdrojStav_Report.Designer.cs Servis\Print\FormPrintZdroj.cs Servis\Print\FormPrintZdroj.Designer.cs Servis\Print\Servis.cs Servis\Print\Servis.Designer.cs Ciselniky\FormLokaceMapaEdit.cs Ciselniky\FormLokaceMapaEdit.Designer.cs Ciselniky\FormStrediskaList.cs Ciselniky\FormStrediskaList.Designer.cs SkladLokace\FormPohybyIS_List.cs SkladLokace\FormPohybyIS_List.Designer.cs SkladLokace\FormSkladLokaceStavEdit.cs SkladLokace\FormSkladLokaceStavEdit.Designer.cs SkladLokace\FormSkladLokaceStavList.cs SkladLokace\FormSkladLokaceStavList.Designer.cs SkladLokace\FormSkladLokaceStavList_SelectCountEntries.cs SkladLokace\FormSkladLokaceStavList_SelectCountEntries.Designer.cs SkladLokace\FormSKladLokace_PorovnaniVuciIS.cs SkladLokace\FormSKladLokace_PorovnaniVuciIS.Designer.cs Sklady\FormSkladPohybList.cs Sklady\FormSkladPohybList.Designer.cs Sklady\FormSkladStavLokaceList.cs Sklady\FormSkladStavLokaceList.Designer.cs Sklady\FormTransakceSPredlohou.cs Sklady\FormTransakceSPredlohou.Designer.cs SplashScreen\SplashScreen.cs StavSkladu\FormStavSkladuHistorieList.cs StavSkladu\FormStavSkladuHistorieList.Designer.cs StavSkladu\FormStavSkladuList.cs StavSkladu\FormStavSkladuList.Designer.cs Terminal\FormTerminalSeznam.cs Terminal\FormTerminalSeznam.Designer.cs Terminal\FormVNC.cs Terminal\FormVNC.Designer.cs Terminal\Ping.cs Terminal\Test_Disp\DataSet_Disp1.Designer.cs Terminal\Test_Disp\TestDisp.cs Terminal\Test_Disp\TestDisp.Designer.cs Terminal\Test_Disp\TestDisp_2.cs Terminal\Test_Disp\TestDisp_2.Designer.cs Terminal\Test_Login\Form_Test_Login.cs Terminal\Test_Login\Form_Test_Login.Designer.cs Tisk\FormTiskovaSablonaEdit.cs Tisk\FormTiskovaSablonaEdit.Designer.cs Ukolovani\FormUkolyAktualniList.cs Ukolovani\FormUkolyAktualniList.Designer.cs Ukolovani\FormUkolyEdit.cs Ukolovani\FormUkolyEdit.Designer.cs Ukolovani\FormUkolyHistoryList.cs Ukolovani\FormUkolyHistoryList.Designer.cs Ukolovani\FormUkolyList.cs Ukolovani\FormUkolyList.Designer.cs VolnyPohyb\FormDavkyProdejDIEdit.cs VolnyPohyb\FormDavkyProdejDIEdit.Designer.cs VolnyPohyb\FormVolnyPohybNasnimaneList.cs VolnyPohyb\FormVolnyPohybNasnimaneList.Designer.cs Vydej\FormDavkyVydejeKontrola.cs Vydej\FormDavkyVydejeKontrola.Designer.cs Vydej\FormDavkyVydejeList.cs Vydej\FormDavkyVydejeList.Designer.cs Vydej\FormDavkyVydejeEdit.cs Vydej\FormDavkyVydejeEdit.Designer.cs Vydej\FormDavkyVydejeList_Test.cs Vydej\FormDavkyVydejeList_Test.Designer.cs Vydej\FormVydejDavkyList.cs Vydej\FormVydejDavkyList.Designer.cs Vydej\FormVydejNasnimaneList.cs Vydej\FormVydejNasnimaneList.Designer.cs Vydej\Form_Predloha_Rekapitulace.cs Vydej\Form_Predloha_Rekapitulace.Designer.cs Vydej\IFormDavkyVydejSIEdit.cs Vydej\IFormDavkyVydejSIEdit.Designer.cs Vyroba\Ciselnik\FormModifikace_TP.cs Vyroba\Ciselnik\FormModifikace_TP.Designer.cs Vyroba\Ciselnik\FormStrojeEdit.cs Vyroba\Ciselnik\FormStrojeEdit.Designer.cs Vyroba\Ciselnik\Form_Moduly.cs Vyroba\Ciselnik\Form_Moduly.Designer.cs Vyroba\Ciselnik\Form_Stroje.cs Vyroba\Ciselnik\Form_Stroje.Designer.cs Vyroba\Rozbory\Form_MachineStateSetList_RozborOdvoduSSS.cs Vyroba\Rozbory\Form_MachineStateSetList_RozborOdvoduSSS.Designer.cs Vyroba\Rozbory\FormOdvod_TiskoveSablony.cs Vyroba\Rozbory\FormOdvod_TiskoveSablony.Designer.cs "Vyroba\Rozbory\FormOdvod_MachineStateSetList .cs" "Vyroba\Rozbory\FormOdvod_MachineStateSetList .Designer.cs" Vyroba\Rozbory\FormOdvod_EventsErrList.cs Vyroba\Rozbory\FormOdvod_EventsErrList.Designer.cs Vyroba\Rozbory\FormOdvod_EventsList.cs Vyroba\Rozbory\FormOdvod_EventsList.Designer.cs Vyroba\Rozbory\FormOdvod_EventsErrList_Storno.cs Vyroba\Rozbory\FormOdvod_EventsErrList_Storno.Designer.cs Vyroba\Rozbory\FormOdvod_EventsList_Storno.cs Vyroba\Rozbory\FormOdvod_EventsList_Storno.Designer.cs Vyroba\Rozbory\FormPlanovaniVyroby_Rozbor.cs Vyroba\Rozbory\FormPlanovaniVyroby_Rozbor.Designer.cs Vyroba\Rozbory\FormProductionEdit3.cs Vyroba\Rozbory\FormProductionEdit3.Designer.cs Vyroba\Rozbory\FormProductionSourcesList_SelectCountEntries.cs Vyroba\Rozbory\FormProductionSourcesList_SelectCountEntries.Designer.cs Vyroba\Rozbory\FormProductionEdit2_CarKod.cs Vyroba\Rozbory\FormProductionEdit2_CarKod.Designer.cs Vyroba\Rozbory\FormProductionList_SelectCountEntries.cs Vyroba\Rozbory\FormProductionList_SelectCountEntries.Designer.cs Vyroba\Rozbory\FormProductionSourcesEdit2.cs Vyroba\Rozbory\FormProductionSourcesEdit2.Designer.cs Vyroba\Rozbory\FormProductionSourecesList.cs Vyroba\Rozbory\FormProductionSourecesList.Designer.cs Vyroba\Rozbory\FormProductionEdit.cs Vyroba\Rozbory\FormProductionEdit.Designer.cs Vyroba\Rozbory\FormProductionEdit2.cs Vyroba\Rozbory\FormProductionEdit2.Designer.cs Vyroba\Rozbory\FormProductionList.cs Vyroba\Rozbory\FormProductionList.Designer.cs Vyroba\Ciselnik\FormSkupinyEdit.cs Vyroba\Ciselnik\FormSkupinyEdit.Designer.cs Vyroba\Ciselnik\FormSkupinyList.cs Vyroba\Ciselnik\FormSkupinyList.Designer.cs Vyroba\Rozbory\FormProduction_SN_List.cs Vyroba\Rozbory\FormProduction_SN_List.Designer.cs Vyroba\Rozbory\FormUkoncitZakazkuOdvadeni.cs Vyroba\Rozbory\FormUkoncitZakazkuOdvadeni.Designer.cs Vyroba\Ciselnik\FormVazbyAddMaterialy.cs Vyroba\Ciselnik\FormVazbyAddMaterialy.Designer.cs Vyroba\Ciselnik\FormVazbyAddMaterialyEdit.cs Vyroba\Ciselnik\FormVazbyAddMaterialyEdit.Designer.cs Vyroba\Ciselnik\FormVazbyAddPolotovar.cs Vyroba\Ciselnik\FormVazbyAddPolotovar.Designer.cs Vyroba\Ciselnik\FormVazbyAddVyrobek.cs Vyroba\Ciselnik\FormVazbyAddVyrobek.Designer.cs Vyroba\Ciselnik\FormVazbyMaterialy.cs Vyroba\Ciselnik\FormVazbyMaterialy.Designer.cs Vyroba\Transakce\Constants.cs Vyroba\Transakce\FormPotrebaMaterialu.cs Vyroba\Transakce\FormPotrebaMaterialu.Designer.cs "Vyroba\Transakce\FormVazby_P_PS_List _Zpracovat.cs" "Vyroba\Transakce\FormVazby_P_PS_List _Zpracovat.Designer.cs" Vyroba\Transakce\FormVazby_P_PS_List.cs Vyroba\Transakce\FormVazby_P_PS_List.Designer.cs Vyroba\Transakce\FormVazby_Zpracovat.cs Vyroba\Transakce\FormVazby_Zpracovat.Designer.cs Vyroba\Transakce\FormVPHEdit.cs Vyroba\Transakce\FormVPHEdit.Designer.cs Vyroba\Transakce\FormVPPEdit.cs Vyroba\Transakce\FormVPPEdit.Designer.cs Vyroba\Transakce\FormVyrobniPrikazList.cs Vyroba\Transakce\FormVyrobniPrikazList.Designer.cs Vyroba\Transakce\FormVyrobniPrikazList_Tisk.cs Vyroba\Transakce\FormVyrobniPrikazList_Tisk.Designer.cs Vyroba\Transakce\FormVyrobniPrikaz_VPH_Seznam.cs Vyroba\Transakce\FormVyrobniPrikaz_VPH_Seznam.Designer.cs Vyroba\Transakce\FormVyrobniPrikaz_VPP_GenerovaniSN.cs Vyroba\Transakce\FormVyrobniPrikaz_VPP_GenerovaniSN.Designer.cs Vyroba\Transakce\Form_DisponibilityPrehled.cs Vyroba\Transakce\Form_DisponibilityPrehled.Designer.cs Vyroba\Wizard\VyrobniPrikazList_VPP\dsVyrobkyProPridani.Designer.cs Vyroba\Wizard\VyrobniPrikazList_VPP\Form_01_Vyber_Vyrobku.cs Vyroba\Wizard\VyrobniPrikazList_VPP\Form_01_Vyber_Vyrobku.Designer.cs _Printers_\PrinterEtiketaGeneral.cs _Printers_\PrinterLeitz.cs _Support_\Barcodes.cs _Support_\LinkProcess.cs _Support_\PrinterHelper.cs _Support_\RawPrinterHelper.cs Properties\Resources.Designer.cs Properties\Settings.Designer.cs "obj\x86\Debug\.NETFramework,Version=v4.7.AssemblyAttributes.cs"
  Compilation request Konzola, PathToTool=C:\Program Files\Microsoft Visual Studio\18\Community\MSBuild\Current\Bin\Roslyn\csc.exe
  CommandLine = ' /noconfig'
  BuildResponseFile = '/nowarn:1701,1702 /fullpaths /nostdlib+ /platform:x86 /define:DEBUG /highentropyva+ /link:"C:\Program Files (x86)\Reference Assemblies\Microsoft\Framework\.NETFramework\v4.7\Accessibility.dll" /reference:"C:\Users\ratho\OneDrive\Plocha\work_2026\FASK_2026\0x_Zdrojove_Kody\_SdileneProjekty_\AdvancedButtonsPanel\!Build!\Debug\AdvancedButtonsPanel.dll" /reference:"C:\Users\ratho\OneDrive\Plocha\work_2026\FASK_2026\0x_Zdrojove_Kody\_SdileneProjekty_\AdvanceDataGridView\AdvancedDataGridView\!Build!\Debug\AdvancedDataGridView.dll" /reference:C:\Users\ratho\OneDrive\Plocha\work_2026\FASK_2026\0x_Zdrojove_Kody\Konzola\packages\BarcodeLib.2.4.0\lib\netstandard2.0\BarcodeStandard.dll /reference:C:\Users\ratho\OneDrive\Plocha\work_2026\FASK_2026\0x_Zdrojove_Kody\Konzola\packages\CsvHelper.32.0.3\lib\net47\CsvHelper.dll /reference:C:\Users\ratho\OneDrive\Plocha\work_2026\FASK_2026\0x_Zdrojove_Kody\Konzola\packages\Dapper.2.1.35\lib\net461\Dapper.dll /reference:C:\Users\ratho\OneDrive\Plocha\work_2026\FASK_2026\0x_Zdrojove_Kody\Konzola\Konzola\DataGridViewAutoFilter.dll /reference:"C:\Users\ratho\OneDrive\Plocha\work_2026\FASK_2026\0x_Zdrojove_Kody\Konzola\!!!Support!!!\EPPlus\EPPlus.dll" /reference:"C:\Users\ratho\OneDrive\Plocha\work_2026\FASK_2026\0x_Zdrojove_Kody\_SdileneProjekty_\Fask.BarCodeGraphics\Fask.BarCodeGraphics\!Build!\Debug\Fask.BarCodeGraphics.dll" /reference:"C:\Users\ratho\OneDrive\Plocha\work_2026\FASK_2026\0x_Zdrojove_Kody\_SdileneProjekty_\Fask.BarCodeGraphics\Fask.BarCodeGraphics.ZPL_Zxing\!Build!\Debug\Fask.BarCodeGraphics.ZPL_Zxing.dll" /reference:"C:\Users\ratho\OneDrive\Plocha\work_2026\FASK_2026\0x_Zdrojove_Kody\_SdileneProjekty_\Fask.Columns\!Build!\Debug\Fask.Columns.dll" /reference:"C:\Users\ratho\OneDrive\Plocha\work_2026\FASK_2026\0x_Zdrojove_Kody\!Build!\Konzola\Debug\Fask.Console.Interfaces.dll" /reference:"C:\Users\ratho\OneDrive\Plocha\work_2026\FASK_2026\0x_Zdrojove_Kody\!Build!\Konzola\Debug\Fask.Encryption.dll" /reference:"C:\Users\ratho\OneDrive\Plocha\work_2026\FASK_2026\0x_Zdrojove_Kody\_SdileneProjekty_\Fask.Logging\!Build!\Debug\Fask.Logging.dll" /reference:"C:\Users\ratho\OneDrive\Plocha\work_2026\FASK_2026\0x_Zdrojove_Kody\_SdileneProjekty_\FASK.Logins\!Build!\Debug\FASK.Logins.dll" /reference:"C:\Users\ratho\OneDrive\Plocha\work_2026\FASK_2026\0x_Zdrojove_Kody\!Build!\Konzola\Debug\Fask.Module.Print.GS1.dll" /reference:"C:\Users\ratho\OneDrive\Plocha\work_2026\FASK_2026\0x_Zdrojove_Kody\!Build!\Konzola\Debug\Fask.ModuleFirebird.dll" /reference:"C:\Users\ratho\OneDrive\Plocha\work_2026\FASK_2026\0x_Zdrojove_Kody\!Build!\Konzola\Debug\Fask.ModulePohodaXML.dll" /reference:"C:\Users\ratho\OneDrive\Plocha\work_2026\FASK_2026\0x_Zdrojove_Kody\!Build!\Konzola\Debug\Fask.ModuleSql.dll" /reference:"C:\Users\ratho\OneDrive\Plocha\work_2026\FASK_2026\0x_Zdrojove_Kody\!Build!\Konzola\Debug\Fask.ModuleSql_API.dll" /reference:C:\Users\ratho\OneDrive\Plocha\work_2026\FASK_2026\0x_Zdrojove_Kody\_SdileneProjekty_\Fask.POHODA.Disponibility\bin\Debug\Fask.POHODA.Disponibility.dll /reference:C:\Users\ratho\OneDrive\Plocha\work_2026\FASK_2026\0x_Zdrojove_Kody\_SdileneProjekty_\Fask.Rady\bin\Debug\Fask.Rady.dll /reference:C:\Users\ratho\OneDrive\Plocha\work_2026\FASK_2026\0x_Zdrojove_Kody\_SdileneProjekty_\Fask.RestSharp\bin\Debug\Fask.RestSharp.dll /reference:"C:\Users\ratho\OneDrive\Plocha\work_2026\FASK_2026\0x_Zdrojove_Kody\Konzola\!!!Support!!!\Firebird\FirebirdSql.Data.FirebirdClient.dll" /reference:"C:\Users\ratho\OneDrive\Plocha\work_2026\FASK_2026\0x_Zdrojove_Kody\!Build!\Konzola\Debug\IRFIDProvider.dll" /reference:"C:\Users\ratho\OneDrive\Plocha\work_2026\FASK_2026\0x_Zdrojove_Kody\Konzola\!!!Support!!!\LeitzIcon\001_bin\LeitzIconCommon.dll" /reference:"C:\Users\ratho\OneDrive\Plocha\work_2026\FASK_2026\0x_Zdrojove_Kody\Konzola\!!!Support!!!\LeitzIcon\001_bin\LeitzIconDataProvider.dll" /reference:"C:\Users\ratho\OneDrive\Plocha\work_2026\FASK_2026\0x_Zdrojove_Kody\Konzola\!!!Support!!!\LeitzIcon\001_bin\LeitzIconLabelStudioCore.dll" /reference:"C:\Users\ratho\OneDrive\Plocha\work_2026\FASK_2026\0x_Zdrojove_Kody\Konzola\!!!Support!!!\LeitzIcon\001_bin\LeitzIconPrinterStatusService.dll" /reference:"C:\Users\ratho\OneDrive\Plocha\work_2026\FASK_2026\0x_Zdrojove_Kody\Konzola\!!!Support!!!\LeitzIcon\001_bin\log4net.dll" /reference:"C:\Users\ratho\OneDrive\Plocha\work_2026\FASK_2026\0x_Zdrojove_Kody\!Build!\Konzola\Debug\MessageForm.dll" /reference:C:\Users\ratho\OneDrive\Plocha\work_2026\FASK_2026\0x_Zdrojove_Kody\Konzola\packages\MessagingToolkit.1.8.3\lib\net462\MessagingToolkit.Barcode.dll /reference:C:\Users\ratho\OneDrive\Plocha\work_2026\FASK_2026\0x_Zdrojove_Kody\Konzola\packages\MessagingToolkit.1.8.3\lib\net462\MessagingToolkit.Core.dll /reference:C:\Users\ratho\OneDrive\Plocha\work_2026\FASK_2026\0x_Zdrojove_Kody\Konzola\packages\MessagingToolkit.1.8.3\lib\net462\MessagingToolkit.MMS.dll /reference:C:\Users\ratho\OneDrive\Plocha\work_2026\FASK_2026\0x_Zdrojove_Kody\Konzola\packages\MessagingToolkit.1.8.3\lib\net462\MessagingToolkit.Pdu.dll /reference:C:\Users\ratho\OneDrive\Plocha\work_2026\FASK_2026\0x_Zdrojove_Kody\Konzola\packages\Microsoft.Bcl.AsyncInterfaces.8.0.0\lib\net462\Microsoft.Bcl.AsyncInterfaces.dll /reference:C:\Users\ratho\OneDrive\Plocha\work_2026\FASK_2026\0x_Zdrojove_Kody\Konzola\packages\Microsoft.Bcl.HashCode.1.1.1\lib\net461\Microsoft.Bcl.HashCode.dll /reference:"C:\Program Files (x86)\Reference Assemblies\Microsoft\Framework\.NETFramework\v4.7\Microsoft.CSharp.dll" /reference:C:\WINDOWS\assembly\GAC_MSIL\Microsoft.ReportViewer.Common\10.0.0.0__b03f5f7f11d50a3a\Microsoft.ReportViewer.Common.dll /reference:C:\WINDOWS\assembly\GAC_MSIL\Microsoft.ReportViewer.WinForms\10.0.0.0__b03f5f7f11d50a3a\Microsoft.ReportViewer.WinForms.dll /reference:"C:\Program Files (x86)\Reference Assemblies\Microsoft\Framework\.NETFramework\v4.7\Microsoft.VisualBasic.dll" /reference:C:\WINDOWS\assembly\GAC_MSIL\Microsoft.VisualBasic.PowerPacks.Vs\10.0.0.0__b03f5f7f11d50a3a\Microsoft.VisualBasic.PowerPacks.Vs.dll /reference:"C:\Program Files\Microsoft Visual Studio\18\Community\MSBuild\Microsoft\Microsoft.NET.Build.Extensions\net461\lib\Microsoft.Win32.Primitives.dll" /reference:"C:\Program Files (x86)\Reference Assemblies\Microsoft\Framework\.NETFramework\v4.7\mscorlib.dll" /reference:"C:\Program Files\Microsoft Visual Studio\18\Community\MSBuild\Microsoft\Microsoft.NET.Build.Extensions\net461\lib\netfx.force.conflicts.dll" /reference:"C:\Program Files\Microsoft Visual Studio\18\Community\MSBuild\Microsoft\Microsoft.NET.Build.Extensions\net461\lib\netstandard.dll" /reference:C:\Users\ratho\OneDrive\Plocha\work_2026\FASK_2026\0x_Zdrojove_Kody\Win_Kom_Server\packages\Newtonsoft.Json.13.0.1\lib\net45\Newtonsoft.Json.dll /reference:"C:\Program Files (x86)\Reference Assemblies\Microsoft\Framework\.NETFramework\v4.7\PresentationCore.dll" /reference:"C:\Program Files (x86)\Reference Assemblies\Microsoft\Framework\.NETFramework\v4.7\PresentationFramework.dll" /reference:"C:\Users\ratho\OneDrive\Plocha\work_2026\FASK_2026\0x_Zdrojove_Kody\_SdileneProjekty_\ProjektTiskClassLibrary\TestovaciProjekt\!Build!\Debug\PrintReportLibrary.dll" /reference:"C:\Users\ratho\OneDrive\Plocha\work_2026\FASK_2026\0x_Zdrojove_Kody\Konzola\!!!Support!!!\ProgressControls\ProgressControls.dll" /reference:C:\Users\ratho\OneDrive\Plocha\work_2026\FASK_2026\0x_Zdrojove_Kody\Konzola\packages\QRCoder.1.4.3\lib\net40\QRCoder.dll /reference:C:\Users\ratho\OneDrive\Plocha\work_2026\FASK_2026\0x_Zdrojove_Kody\_SdileneProjekty_\RemoteViewing\RemoteViewing\RemoteViewing\bin\Debug\RemoteViewing.dll /reference:C:\Users\ratho\OneDrive\Plocha\work_2026\FASK_2026\0x_Zdrojove_Kody\_SdileneProjekty_\RemoteViewing\RemoteViewing\RemoteViewing.Windows.Forms\bin\Debug\RemoteViewing.Windows.Forms.dll /reference:C:\Users\ratho\OneDrive\Plocha\work_2026\FASK_2026\0x_Zdrojove_Kody\Konzola\packages\RestSharp.106.0.0\lib\net452\RestSharp.dll /reference:"C:\Users\ratho\OneDrive\Plocha\work_2026\FASK_2026\0x_Zdrojove_Kody\!Build!\Konzola\Debug\RFIDFactory.dll" /reference:"C:\Program Files\Microsoft Visual Studio\18\Community\MSBuild\Microsoft\Microsoft.NET.Build.Extensions\net461\lib\System.AppContext.dll" /reference:C:\Users\ratho\OneDrive\Plocha\work_2026\FASK_2026\0x_Zdrojove_Kody\Konzola\packages\System.Buffers.4.5.1\lib\net461\System.Buffers.dll /reference:"C:\Program Files\Microsoft Visual Studio\18\Community\MSBuild\Microsoft\Microsoft.NET.Build.Extensions\net461\lib\System.Collections.Concurrent.dll" /reference:"C:\Program Files\Microsoft Visual Studio\18\Community\MSBuild\Microsoft\Microsoft.NET.Build.Extensions\net461\lib\System.Collections.dll" /reference:"C:\Program Files\Microsoft Visual Studio\18\Community\MSBuild\Microsoft\Microsoft.NET.Build.Extensions\net461\lib\System.Collections.NonGeneric.dll" /reference:"C:\Program Files\Microsoft Visual Studio\18\Community\MSBuild\Microsoft\Microsoft.NET.Build.Extensions\net461\lib\System.Collections.Specialized.dll" /reference:"C:\Program Files (x86)\Reference Assemblies\Microsoft\Framework\.NETFramework\v4.7\System.ComponentModel.Composition.dll" /reference:"C:\Program Files\Microsoft Visual Studio\18\Community\MSBuild\Microsoft\Microsoft.NET.Build.Extensions\net461\lib\System.ComponentModel.dll" /reference:"C:\Program Files\Microsoft Visual Studio\18\Community\MSBuild\Microsoft\Microsoft.NET.Build.Extensions\net461\lib\System.ComponentModel.EventBasedAsync.dll" /reference:"C:\Program Files\Microsoft Visual Studio\18\Community\MSBuild\Microsoft\Microsoft.NET.Build.Extensions\net461\lib\System.ComponentModel.Primitives.dll" /reference:"C:\Program Files\Microsoft Visual Studio\18\Community\MSBuild\Microsoft\Microsoft.NET.Build.Extensions\net461\lib\System.ComponentModel.TypeConverter.dll" /reference:"C:\Program Files (x86)\Reference Assemblies\Microsoft\Framework\.NETFramework\v4.7\System.Configuration.dll" /reference:"C:\Program Files\Microsoft Visual Studio\18\Community\MSBuild\Microsoft\Microsoft.NET.Build.Extensions\net461\lib\System.Console.dll" /reference:"C:\Program Files (x86)\Reference Assemblies\Microsoft\Framework\.NETFramework\v4.7\System.Core.dll" /reference:"C:\Program Files\Microsoft Visual Studio\18\Community\MSBuild\Microsoft\Microsoft.NET.Build.Extensions\net461\lib\System.Data.Common.dll" /reference:"C:\Program Files (x86)\Reference Assemblies\Microsoft\Framework\.NETFramework\v4.7\System.Data.DataSetExtensions.dll" /reference:"C:\Program Files (x86)\Reference Assemblies\Microsoft\Framework\.NETFramework\v4.7\System.Data.dll" /reference:"C:\Program Files (x86)\Reference Assemblies\Microsoft\Framework\.NETFramework\v4.7\System.Data.Entity.dll" /reference:"C:\Program Files (x86)\Reference Assemblies\Microsoft\Framework\.NETFramework\v4.7\System.Deployment.dll" /reference:"C:\Program Files\Microsoft Visual Studio\18\Community\MSBuild\Microsoft\Microsoft.NET.Build.Extensions\net461\lib\System.Diagnostics.Contracts.dll" /reference:"C:\Program Files\Microsoft Visual Studio\18\Community\MSBuild\Microsoft\Microsoft.NET.Build.Extensions\net461\lib\System.Diagnostics.Debug.dll" /reference:"C:\Program Files\Microsoft Visual Studio\18\Community\MSBuild\Microsoft\Microsoft.NET.Build.Extensions\net461\lib\System.Diagnostics.FileVersionInfo.dll" /reference:"C:\Program Files\Microsoft Visual Studio\18\Community\MSBuild\Microsoft\Microsoft.NET.Build.Extensions\net461\lib\System.Diagnostics.Process.dll" /reference:"C:\Program Files\Microsoft Visual Studio\18\Community\MSBuild\Microsoft\Microsoft.NET.Build.Extensions\net461\lib\System.Diagnostics.StackTrace.dll" /reference:"C:\Program Files\Microsoft Visual Studio\18\Community\MSBuild\Microsoft\Microsoft.NET.Build.Extensions\net461\lib\System.Diagnostics.TextWriterTraceListener.dll" /reference:"C:\Program Files\Microsoft Visual Studio\18\Community\MSBuild\Microsoft\Microsoft.NET.Build.Extensions\net461\lib\System.Diagnostics.Tools.dll" /reference:"C:\Program Files\Microsoft Visual Studio\18\Community\MSBuild\Microsoft\Microsoft.NET.Build.Extensions\net461\lib\System.Diagnostics.TraceSource.dll" /reference:"C:\Program Files\Microsoft Visual Studio\18\Community\MSBuild\Microsoft\Microsoft.NET.Build.Extensions\net461\lib\System.Diagnostics.Tracing.dll" /reference:"C:\Program Files (x86)\Reference Assemblies\Microsoft\Framework\.NETFramework\v4.7\System.DirectoryServices.AccountManagement.dll" /reference:"C:\Program Files (x86)\Reference Assemblies\Microsoft\Framework\.NETFramework\v4.7\System.DirectoryServices.dll" /reference:"C:\Program Files (x86)\Reference Assemblies\Microsoft\Framework\.NETFramework\v4.7\System.dll" /reference:C:\Users\ratho\OneDrive\Plocha\work_2026\FASK_2026\0x_Zdrojove_Kody\Konzola\packages\System.Drawing.Common.5.0.2\lib\net461\System.Drawing.Common.dll /reference:"C:\Program Files (x86)\Reference Assemblies\Microsoft\Framework\.NETFramework\v4.7\System.Drawing.dll" /reference:"C:\Program Files\Microsoft Visual Studio\18\Community\MSBuild\Microsoft\Microsoft.NET.Build.Extensions\net461\lib\System.Drawing.Primitives.dll" /reference:"C:\Program Files\Microsoft Visual Studio\18\Community\MSBuild\Microsoft\Microsoft.NET.Build.Extensions\net461\lib\System.Dynamic.Runtime.dll" /reference:"C:\Program Files\Microsoft Visual Studio\18\Community\MSBuild\Microsoft\Microsoft.NET.Build.Extensions\net461\lib\System.Globalization.Calendars.dll" /reference:"C:\Program Files\Microsoft Visual Studio\18\Community\MSBuild\Microsoft\Microsoft.NET.Build.Extensions\net461\lib\System.Globalization.dll" /reference:"C:\Program Files\Microsoft Visual Studio\18\Community\MSBuild\Microsoft\Microsoft.NET.Build.Extensions\net461\lib\System.Globalization.Extensions.dll" /reference:"C:\Program Files\Microsoft Visual Studio\18\Community\MSBuild\Microsoft\Microsoft.NET.Build.Extensions\net461\lib\System.IO.Compression.dll" /reference:"C:\Program Files\Microsoft Visual Studio\18\Community\MSBuild\Microsoft\Microsoft.NET.Build.Extensions\net461\lib\System.IO.Compression.ZipFile.dll" /reference:"C:\Program Files\Microsoft Visual Studio\18\Community\MSBuild\Microsoft\Microsoft.NET.Build.Extensions\net461\lib\System.IO.dll" /reference:"C:\Program Files\Microsoft Visual Studio\18\Community\MSBuild\Microsoft\Microsoft.NET.Build.Extensions\net461\lib\System.IO.FileSystem.dll" /reference:"C:\Program Files\Microsoft Visual Studio\18\Community\MSBuild\Microsoft\Microsoft.NET.Build.Extensions\net461\lib\System.IO.FileSystem.DriveInfo.dll" /reference:"C:\Program Files\Microsoft Visual Studio\18\Community\MSBuild\Microsoft\Microsoft.NET.Build.Extensions\net461\lib\System.IO.FileSystem.Primitives.dll" /reference:"C:\Program Files\Microsoft Visual Studio\18\Community\MSBuild\Microsoft\Microsoft.NET.Build.Extensions\net461\lib\System.IO.FileSystem.Watcher.dll" /reference:"C:\Program Files\Microsoft Visual Studio\18\Community\MSBuild\Microsoft\Microsoft.NET.Build.Extensions\net461\lib\System.IO.IsolatedStorage.dll" /reference:"C:\Program Files\Microsoft Visual Studio\18\Community\MSBuild\Microsoft\Microsoft.NET.Build.Extensions\net461\lib\System.IO.MemoryMappedFiles.dll" /reference:"C:\Program Files\Microsoft Visual Studio\18\Community\MSBuild\Microsoft\Microsoft.NET.Build.Extensions\net461\lib\System.IO.Pipes.dll" /reference:"C:\Program Files\Microsoft Visual Studio\18\Community\MSBuild\Microsoft\Microsoft.NET.Build.Extensions\net461\lib\System.IO.UnmanagedMemoryStream.dll" /reference:"C:\Program Files\Microsoft Visual Studio\18\Community\MSBuild\Microsoft\Microsoft.NET.Build.Extensions\net461\lib\System.Linq.dll" /reference:C:\Users\ratho\OneDrive\Plocha\work_2026\FASK_2026\0x_Zdrojove_Kody\Konzola\packages\System.Linq.Dynamic.Core.1.3.14\lib\net46\System.Linq.Dynamic.Core.dll /reference:"C:\Program Files\Microsoft Visual Studio\18\Community\MSBuild\Microsoft\Microsoft.NET.Build.Extensions\net461\lib\System.Linq.Expressions.dll" /reference:"C:\Program Files\Microsoft Visual Studio\18\Community\MSBuild\Microsoft\Microsoft.NET.Build.Extensions\net461\lib\System.Linq.Parallel.dll" /reference:"C:\Program Files\Microsoft Visual Studio\18\Community\MSBuild\Microsoft\Microsoft.NET.Build.Extensions\net461\lib\System.Linq.Queryable.dll" /reference:C:\Users\ratho\OneDrive\Plocha\work_2026\FASK_2026\0x_Zdrojove_Kody\Konzola\packages\System.Memory.4.5.5\lib\net461\System.Memory.dll /reference:"C:\Program Files\Microsoft Visual Studio\18\Community\MSBuild\Microsoft\Microsoft.NET.Build.Extensions\net461\lib\System.Net.Http.dll" /reference:"C:\Program Files\Microsoft Visual Studio\18\Community\MSBuild\Microsoft\Microsoft.NET.Build.Extensions\net461\lib\System.Net.NameResolution.dll" /reference:"C:\Program Files\Microsoft Visual Studio\18\Community\MSBuild\Microsoft\Microsoft.NET.Build.Extensions\net461\lib\System.Net.NetworkInformation.dll" /reference:"C:\Program Files\Microsoft Visual Studio\18\Community\MSBuild\Microsoft\Microsoft.NET.Build.Extensions\net461\lib\System.Net.Ping.dll" /reference:"C:\Program Files\Microsoft Visual Studio\18\Community\MSBuild\Microsoft\Microsoft.NET.Build.Extensions\net461\lib\System.Net.Primitives.dll" /reference:"C:\Program Files\Microsoft Visual Studio\18\Community\MSBuild\Microsoft\Microsoft.NET.Build.Extensions\net461\lib\System.Net.Requests.dll" /reference:"C:\Program Files\Microsoft Visual Studio\18\Community\MSBuild\Microsoft\Microsoft.NET.Build.Extensions\net461\lib\System.Net.Security.dll" /reference:"C:\Program Files\Microsoft Visual Studio\18\Community\MSBuild\Microsoft\Microsoft.NET.Build.Extensions\net461\lib\System.Net.Sockets.dll" /reference:"C:\Program Files\Microsoft Visual Studio\18\Community\MSBuild\Microsoft\Microsoft.NET.Build.Extensions\net461\lib\System.Net.WebHeaderCollection.dll" /reference:"C:\Program Files\Microsoft Visual Studio\18\Community\MSBuild\Microsoft\Microsoft.NET.Build.Extensions\net461\lib\System.Net.WebSockets.Client.dll" /reference:"C:\Program Files\Microsoft Visual Studio\18\Community\MSBuild\Microsoft\Microsoft.NET.Build.Extensions\net461\lib\System.Net.WebSockets.dll" /reference:"C:\Program Files (x86)\Reference Assemblies\Microsoft\Framework\.NETFramework\v4.7\System.Numerics.dll" /reference:C:\Users\ratho\OneDrive\Plocha\work_2026\FASK_2026\0x_Zdrojove_Kody\Konzola\packages\System.Numerics.Vectors.4.5.0\lib\net46\System.Numerics.Vectors.dll /reference:"C:\Program Files\Microsoft Visual Studio\18\Community\MSBuild\Microsoft\Microsoft.NET.Build.Extensions\net461\lib\System.ObjectModel.dll" /reference:"C:\Program Files\Microsoft Visual Studio\18\Community\MSBuild\Microsoft\Microsoft.NET.Build.Extensions\net461\lib\System.Reflection.dll" /reference:"C:\Program Files\Microsoft Visual Studio\18\Community\MSBuild\Microsoft\Microsoft.NET.Build.Extensions\net461\lib\System.Reflection.Extensions.dll" /reference:"C:\Program Files\Microsoft Visual Studio\18\Community\MSBuild\Microsoft\Microsoft.NET.Build.Extensions\net461\lib\System.Reflection.Primitives.dll" /reference:"C:\Program Files\Microsoft Visual Studio\18\Community\MSBuild\Microsoft\Microsoft.NET.Build.Extensions\net461\lib\System.Resources.Reader.dll" /reference:"C:\Program Files\Microsoft Visual Studio\18\Community\MSBuild\Microsoft\Microsoft.NET.Build.Extensions\net461\lib\System.Resources.ResourceManager.dll" /reference:"C:\Program Files\Microsoft Visual Studio\18\Community\MSBuild\Microsoft\Microsoft.NET.Build.Extensions\net461\lib\System.Resources.Writer.dll" /reference:C:\Users\ratho\OneDrive\Plocha\work_2026\FASK_2026\0x_Zdrojove_Kody\Konzola\packages\System.Runtime.CompilerServices.Unsafe.6.0.0\lib\net461\System.Runtime.CompilerServices.Unsafe.dll /reference:"C:\Program Files\Microsoft Visual Studio\18\Community\MSBuild\Microsoft\Microsoft.NET.Build.Extensions\net461\lib\System.Runtime.CompilerServices.VisualC.dll" /reference:"C:\Program Files\Microsoft Visual Studio\18\Community\MSBuild\Microsoft\Microsoft.NET.Build.Extensions\net461\lib\System.Runtime.dll" /reference:"C:\Program Files\Microsoft Visual Studio\18\Community\MSBuild\Microsoft\Microsoft.NET.Build.Extensions\net461\lib\System.Runtime.Extensions.dll" /reference:"C:\Program Files\Microsoft Visual Studio\18\Community\MSBuild\Microsoft\Microsoft.NET.Build.Extensions\net461\lib\System.Runtime.Handles.dll" /reference:"C:\Program Files\Microsoft Visual Studio\18\Community\MSBuild\Microsoft\Microsoft.NET.Build.Extensions\net461\lib\System.Runtime.InteropServices.dll" /reference:"C:\Program Files\Microsoft Visual Studio\18\Community\MSBuild\Microsoft\Microsoft.NET.Build.Extensions\net47\lib\System.Runtime.InteropServices.RuntimeInformation.dll" /reference:"C:\Program Files\Microsoft Visual Studio\18\Community\MSBuild\Microsoft\Microsoft.NET.Build.Extensions\net461\lib\System.Runtime.Numerics.dll" /reference:"C:\Program Files (x86)\Reference Assemblies\Microsoft\Framework\.NETFramework\v4.7\System.Runtime.Serialization.dll" /reference:"C:\Program Files\Microsoft Visual Studio\18\Community\MSBuild\Microsoft\Microsoft.NET.Build.Extensions\net461\lib\System.Runtime.Serialization.Formatters.dll" /reference:"C:\Program Files\Microsoft Visual Studio\18\Community\MSBuild\Microsoft\Microsoft.NET.Build.Extensions\net461\lib\System.Runtime.Serialization.Json.dll" /reference:"C:\Program Files\Microsoft Visual Studio\18\Community\MSBuild\Microsoft\Microsoft.NET.Build.Extensions\net461\lib\System.Runtime.Serialization.Primitives.dll" /reference:"C:\Program Files\Microsoft Visual Studio\18\Community\MSBuild\Microsoft\Microsoft.NET.Build.Extensions\net461\lib\System.Runtime.Serialization.Xml.dll" /reference:"C:\Program Files\Microsoft Visual Studio\18\Community\MSBuild\Microsoft\Microsoft.NET.Build.Extensions\net461\lib\System.Security.Claims.dll" /reference:"C:\Program Files\Microsoft Visual Studio\18\Community\MSBuild\Microsoft\Microsoft.NET.Build.Extensions\net47\lib\System.Security.Cryptography.Algorithms.dll" /reference:"C:\Program Files\Microsoft Visual Studio\18\Community\MSBuild\Microsoft\Microsoft.NET.Build.Extensions\net461\lib\System.Security.Cryptography.Csp.dll" /reference:"C:\Program Files\Microsoft Visual Studio\18\Community\MSBuild\Microsoft\Microsoft.NET.Build.Extensions\net461\lib\System.Security.Cryptography.Encoding.dll" /reference:"C:\Program Files\Microsoft Visual Studio\18\Community\MSBuild\Microsoft\Microsoft.NET.Build.Extensions\net461\lib\System.Security.Cryptography.Primitives.dll" /reference:"C:\Program Files\Microsoft Visual Studio\18\Community\MSBuild\Microsoft\Microsoft.NET.Build.Extensions\net461\lib\System.Security.Cryptography.X509Certificates.dll" /reference:"C:\Program Files (x86)\Reference Assemblies\Microsoft\Framework\.NETFramework\v4.7\System.Security.dll" /reference:"C:\Program Files\Microsoft Visual Studio\18\Community\MSBuild\Microsoft\Microsoft.NET.Build.Extensions\net461\lib\System.Security.Principal.dll" /reference:"C:\Program Files\Microsoft Visual Studio\18\Community\MSBuild\Microsoft\Microsoft.NET.Build.Extensions\net461\lib\System.Security.SecureString.dll" /reference:"C:\Program Files\Microsoft Visual Studio\18\Community\MSBuild\Microsoft\Microsoft.NET.Build.Extensions\net461\lib\System.Text.Encoding.dll" /reference:"C:\Program Files\Microsoft Visual Studio\18\Community\MSBuild\Microsoft\Microsoft.NET.Build.Extensions\net461\lib\System.Text.Encoding.Extensions.dll" /reference:C:\Users\ratho\OneDrive\Plocha\work_2026\FASK_2026\0x_Zdrojove_Kody\Konzola\packages\System.Text.Encodings.Web.8.0.0\lib\net462\System.Text.Encodings.Web.dll /reference:C:\Users\ratho\OneDrive\Plocha\work_2026\FASK_2026\0x_Zdrojove_Kody\Konzola\packages\System.Text.Json.8.0.4\lib\net462\System.Text.Json.dll /reference:"C:\Program Files\Microsoft Visual Studio\18\Community\MSBuild\Microsoft\Microsoft.NET.Build.Extensions\net461\lib\System.Text.RegularExpressions.dll" /reference:"C:\Program Files\Microsoft Visual Studio\18\Community\MSBuild\Microsoft\Microsoft.NET.Build.Extensions\net461\lib\System.Threading.dll" /reference:"C:\Program Files\Microsoft Visual Studio\18\Community\MSBuild\Microsoft\Microsoft.NET.Build.Extensions\net461\lib\System.Threading.Overlapped.dll" /reference:"C:\Program Files\Microsoft Visual Studio\18\Community\MSBuild\Microsoft\Microsoft.NET.Build.Extensions\net461\lib\System.Threading.Tasks.dll" /reference:C:\Users\ratho\OneDrive\Plocha\work_2026\FASK_2026\0x_Zdrojove_Kody\Konzola\packages\System.Threading.Tasks.Extensions.4.5.4\lib\net461\System.Threading.Tasks.Extensions.dll /reference:"C:\Program Files\Microsoft Visual Studio\18\Community\MSBuild\Microsoft\Microsoft.NET.Build.Extensions\net461\lib\System.Threading.Tasks.Parallel.dll" /reference:"C:\Program Files\Microsoft Visual Studio\18\Community\MSBuild\Microsoft\Microsoft.NET.Build.Extensions\net461\lib\System.Threading.Thread.dll" /reference:"C:\Program Files\Microsoft Visual Studio\18\Community\MSBuild\Microsoft\Microsoft.NET.Build.Extensions\net461\lib\System.Threading.ThreadPool.dll" /reference:"C:\Program Files\Microsoft Visual Studio\18\Community\MSBuild\Microsoft\Microsoft.NET.Build.Extensions\net461\lib\System.Threading.Timer.dll" /reference:C:\Users\ratho\OneDrive\Plocha\work_2026\FASK_2026\0x_Zdrojove_Kody\Konzola\packages\System.ValueTuple.4.5.0\lib\net47\System.ValueTuple.dll /reference:"C:\Program Files (x86)\Reference Assemblies\Microsoft\Framework\.NETFramework\v4.7\System.Web.dll" /reference:"C:\Program Files (x86)\Reference Assemblies\Microsoft\Framework\.NETFramework\v4.7\System.Web.Services.dll" /reference:"C:\Program Files (x86)\Reference Assemblies\Microsoft\Framework\.NETFramework\v4.7\System.Windows.Forms.dll" /reference:"C:\Program Files (x86)\Reference Assemblies\Microsoft\Framework\.NETFramework\v4.7\System.Xml.dll" /reference:"C:\Program Files (x86)\Reference Assemblies\Microsoft\Framework\.NETFramework\v4.7\System.Xml.Linq.dll" /reference:"C:\Program Files\Microsoft Visual Studio\18\Community\MSBuild\Microsoft\Microsoft.NET.Build.Extensions\net461\lib\System.Xml.ReaderWriter.dll" /reference:"C:\Program Files\Microsoft Visual Studio\18\Community\MSBuild\Microsoft\Microsoft.NET.Build.Extensions\net461\lib\System.Xml.XDocument.dll" /reference:"C:\Program Files\Microsoft Visual Studio\18\Community\MSBuild\Microsoft\Microsoft.NET.Build.Extensions\net461\lib\System.Xml.XmlDocument.dll" /reference:"C:\Program Files\Microsoft Visual Studio\18\Community\MSBuild\Microsoft\Microsoft.NET.Build.Extensions\net461\lib\System.Xml.XmlSerializer.dll" /reference:"C:\Program Files\Microsoft Visual Studio\18\Community\MSBuild\Microsoft\Microsoft.NET.Build.Extensions\net461\lib\System.Xml.XPath.dll" /reference:"C:\Program Files\Microsoft Visual Studio\18\Community\MSBuild\Microsoft\Microsoft.NET.Build.Extensions\net461\lib\System.Xml.XPath.XDocument.dll" /reference:"C:\Users\ratho\OneDrive\Plocha\work_2026\FASK_2026\0x_Zdrojove_Kody\_SdileneProjekty_\TouchscreenKeyboard\TouchscreenKeyboard\!Build!\Debug\TouchscreenKeyboard.dll" /reference:"C:\Program Files (x86)\Reference Assemblies\Microsoft\Framework\.NETFramework\v4.7\WindowsBase.dll" /reference:C:\Users\ratho\OneDrive\Plocha\work_2026\FASK_2026\0x_Zdrojove_Kody\Konzola\packages\ZXing.Net.0.16.9\lib\net47\zxing.dll /reference:C:\Users\ratho\OneDrive\Plocha\work_2026\FASK_2026\0x_Zdrojove_Kody\Konzola\packages\ZXing.Net.0.16.9\lib\net47\zxing.presentation.dll /reference:"C:\Program Files (x86)\Reference Assemblies\Microsoft\Framework\.NETFramework\v4.7\Facades\System.ComponentModel.Annotations.dll" /reference:"C:\Program Files (x86)\Reference Assemblies\Microsoft\Framework\.NETFramework\v4.7\Facades\System.Reflection.Emit.dll" /reference:"C:\Program Files (x86)\Reference Assemblies\Microsoft\Framework\.NETFramework\v4.7\Facades\System.Reflection.Emit.ILGeneration.dll" /reference:"C:\Program Files (x86)\Reference Assemblies\Microsoft\Framework\.NETFramework\v4.7\Facades\System.Reflection.Emit.Lightweight.dll" /reference:"C:\Program Files (x86)\Reference Assemblies\Microsoft\Framework\.NETFramework\v4.7\Facades\System.Runtime.InteropServices.WindowsRuntime.dll" /reference:"C:\Program Files (x86)\Reference Assemblies\Microsoft\Framework\.NETFramework\v4.7\Facades\System.ServiceModel.Duplex.dll" /reference:"C:\Program Files (x86)\Reference Assemblies\Microsoft\Framework\.NETFramework\v4.7\Facades\System.ServiceModel.Http.dll" /reference:"C:\Program Files (x86)\Reference Assemblies\Microsoft\Framework\.NETFramework\v4.7\Facades\System.ServiceModel.NetTcp.dll" /reference:"C:\Program Files (x86)\Reference Assemblies\Microsoft\Framework\.NETFramework\v4.7\Facades\System.ServiceModel.Primitives.dll" /reference:"C:\Program Files (x86)\Reference Assemblies\Microsoft\Framework\.NETFramework\v4.7\Facades\System.ServiceModel.Security.dll" /debug+ /filealign:512 /out:obj\x86\Debug\Konzola.exe /subsystemversion:6.00 /resource:obj\x86\Debug\Konzola.Android.Form_AndroidKonfig.resources /resource:obj\x86\Debug\Konzola.BaseForm.resources /resource:obj\x86\Debug\Konzola.Ciselniky.FormLokaceMapaGenerovani.resources /resource:obj\x86\Debug\Konzola.Ciselniky.FormLokace.resources /resource:obj\x86\Debug\Konzola.Ciselniky.FormLokaceMapaList.resources /resource:obj\x86\Debug\Konzola.Ciselniky.FormLokaceCZMST094Edit.resources /resource:obj\x86\Debug\Konzola.Ciselniky.FormPracovniciEdit.resources /resource:obj\x86\Debug\Konzola.Ciselniky.FormPracovniciList.resources /resource:obj\x86\Debug\Konzola.Ciselniky.FormRADYEdit.resources /resource:obj\x86\Debug\Konzola.Ciselniky.FormRADYList.resources /resource:obj\x86\Debug\Konzola.Ciselniky.FormSkladyList.resources /resource:obj\x86\Debug\Konzola.Ciselniky.FormStrediskaEdit.resources /resource:obj\x86\Debug\Konzola.Ciselniky.FormTypyDokladuEdit.resources /resource:obj\x86\Debug\Konzola.Ciselniky.FormTypyDokladuList.resources /resource:obj\x86\Debug\Konzola.Ciselniky.FormZboziEdit.resources /resource:obj\x86\Debug\Konzola.Ciselniky.FormZboziList.resources /resource:obj\x86\Debug\Konzola.Ciselniky.FormLokaceVariantySortimentList.resources /resource:obj\x86\Debug\Konzola.Ciselniky.FormLokaceVariantySortimentEdit.resources /resource:obj\x86\Debug\Konzola.Ciselniky.FormLokaceTypyEdit.resources /resource:obj\x86\Debug\Konzola.Ciselniky.FormLokaceTypyList.resources /resource:obj\x86\Debug\Konzola.Ciselniky.FormLokaceTypySelect.resources /resource:obj\x86\Debug\Konzola.Ciselniky.FormSkladyEdit.resources /resource:obj\x86\Debug\Konzola.Expedice.FormBufferBaleniList.resources /resource:obj\x86\Debug\Konzola.Expedice.FormDodaciListyList.resources /resource:obj\x86\Debug\Konzola.Forms.AboutBox.resources /resource:obj\x86\Debug\Konzola.Forms.FormImport.resources /resource:obj\x86\Debug\Konzola.Forms.FormKod.resources /resource:obj\x86\Debug\Konzola.Forms.Form_DateTime_From_To.resources /resource:obj\x86\Debug\Konzola.Forms.InputBox_Text_And_Checkbox.resources /resource:obj\x86\Debug\Konzola.Forms.FormImage.resources /resource:obj\x86\Debug\Konzola.Forms.FormBase.resources /resource:obj\x86\Debug\Konzola.Forms.FormConfig.resources /resource:obj\x86\Debug\Konzola.Forms.FormIDPracovnikaLogin.resources /resource:obj\x86\Debug\Konzola.Forms.FormMain.resources /resource:obj\x86\Debug\Konzola.Forms.InputBox.resources /resource:obj\x86\Debug\Konzola.Forms.Spolecne.FormVyrabenePolozky.resources /resource:obj\x86\Debug\Konzola.Forms.WaitForm.resources /resource:obj\x86\Debug\Konzola.ImportniMustky.FormImport_SKzNC_Edit.resources /resource:obj\x86\Debug\Konzola.ImportniMustky.FormImport_SKzNC_ErrList.resources /resource:obj\x86\Debug\Konzola.ImportniMustky.FormImport_SKzNC_List.resources /resource:obj\x86\Debug\Konzola.Inventura.FormInventuraHlavickaList2.resources /resource:obj\x86\Debug\Konzola.Inventura.FormInventuraNasnimaneList.resources /resource:obj\x86\Debug\Konzola.Inventura.FormInventuraPredlohaList.resources /resource:obj\x86\Debug\Konzola.Inventura.FormInventura_Porovnani.resources /resource:obj\x86\Debug\Konzola.Inventura.FormInv_PredlohaList.resources /resource:obj\x86\Debug\Konzola.IT_cast.FormIT_cast_EventsArchivace.resources /resource:obj\x86\Debug\Konzola.IT_cast.FormIT_cast_ProductionArchivace.resources /resource:obj\x86\Debug\Konzola.IT_cast.Form_DateTime_From_To_archivace.resources /resource:obj\x86\Debug\Konzola.Planovani.FormPlanovaniVyrobyEdit.resources /resource:obj\x86\Debug\Konzola.Planovani.FormPlanovaniVyrobyList.resources /resource:obj\x86\Debug\Konzola.Planovani.FormPlanovaniVyroby_Zaplanovani.resources /resource:obj\x86\Debug\Konzola.Planovani.Kapacitni_Planovani.FormMaterial.resources /resource:obj\x86\Debug\Konzola.Planovani.Planovani_Detail.Form_Planovani_Detail.resources /resource:obj\x86\Debug\Konzola.Planovani.Planovani_Navrhar.Form_PlanovaniVarianty.resources /resource:obj\x86\Debug\Konzola.Planovani.Planovani_Navrhar.Form_PlanovaniVarianty_Params.resources /resource:obj\x86\Debug\Konzola.Prijem.FormDavkyPrijemPIEdit.resources /resource:obj\x86\Debug\Konzola.Prijem.FormDavkyPrijmuList.resources /resource:obj\x86\Debug\Konzola.Prijem.FormDavkyPrijemPEEdit.resources /resource:obj\x86\Debug\Konzola.Prijem.FormPrijemNasnimaneList.resources /resource:obj\x86\Debug\Konzola.Properties.Resources.resources /resource:obj\x86\Debug\Konzola.Scanner.FormScannerCOMSettings.resources /resource:obj\x86\Debug\Konzola.Servis.FormOkruhySelect.resources /resource:obj\x86\Debug\Konzola.Servis.FormReportSestava.resources /resource:obj\x86\Debug\Konzola.Forms.FormRFIDData.resources /resource:obj\x86\Debug\Konzola.Servis.FormZdrojeList.resources /resource:obj\x86\Debug\Konzola.Servis.FormZdrojePohybReportViewer.resources /resource:obj\x86\Debug\Konzola.Servis.FormZdrojStavOkruhEdit.resources /resource:obj\x86\Debug\Konzola.Servis.FormDynTabEdit.resources /resource:obj\x86\Debug\Konzola.Servis.FormDynTabDefEdit.resources /resource:obj\x86\Debug\Konzola.Servis.FormVazbyDynTabDefDynTabList.resources /resource:obj\x86\Debug\Konzola.Ciselniky.FormOdberateleSelect.resources /resource:obj\x86\Debug\Konzola.Servis.FormOkruhyEdit.resources /resource:obj\x86\Debug\Konzola.Servis.FormOkruhyList.resources /resource:obj\x86\Debug\Konzola.Servis.FormVazbyOkruhZdrojSeznamList.resources /resource:obj\x86\Debug\Konzola.Servis.FormZdrojePohybList.resources /resource:obj\x86\Debug\Konzola.Servis.FormZdrojeStavyEdit.resources /resource:obj\x86\Debug\Konzola.Servis.FormZdrojeStavyList.resources /resource:obj\x86\Debug\Konzola.Servis.FormZdrojeSelect.resources /resource:obj\x86\Debug\Konzola.Servis.FormVazbyCinnostCinnostNextList.resources /resource:obj\x86\Debug\Konzola.Servis.FormStavySelect.resources /resource:obj\x86\Debug\Konzola.Ciselniky.FormOdberateleEdit.resources /resource:obj\x86\Debug\Konzola.Ciselniky.FormOdberateleList.resources /resource:obj\x86\Debug\Konzola.Servis.FormStavyEdit.resources /resource:obj\x86\Debug\Konzola.Servis.FormStavyList.resources /resource:obj\x86\Debug\Konzola.Servis.FormCinnostiEdit.resources /resource:obj\x86\Debug\Konzola.Servis.FormCinnostiList.resources /resource:obj\x86\Debug\Konzola.Servis.FormCinnostiSelect.resources /resource:obj\x86\Debug\Konzola.Servis.FormVazbyStavStavNextList.resources /resource:obj\x86\Debug\Konzola.Servis.FormZdrojeEdit.resources /resource:obj\x86\Debug\Konzola.Ciselniky.FormLokaceMapaEdit.resources /resource:obj\x86\Debug\Konzola.Ciselniky.FormStrediskaList.resources /resource:obj\x86\Debug\Konzola.Servis.Print.FormPrintZdrojStav_Etiketa.resources /resource:obj\x86\Debug\Konzola.Servis.Print.FormPrintZdrojStav_Report.resources /resource:obj\x86\Debug\Konzola.Servis.Print.FormPrintZdroj.resources /resource:obj\x86\Debug\Konzola.SkladLokace.FormPohybyIS_List.resources /resource:obj\x86\Debug\Konzola.SkladLokace.FormSkladLokaceStavEdit.resources /resource:obj\x86\Debug\Konzola.SkladLokace.FormSkladLokaceStavList.resources /resource:obj\x86\Debug\Konzola.SkladLokace.FormSkladLokaceStavList_SelectCountEntries.resources /resource:obj\x86\Debug\Konzola.SkladLokace.FormSKladLokace_PorovnaniVuciIS.resources /resource:obj\x86\Debug\Konzola.Sklady.FormSkladPohybList.resources /resource:obj\x86\Debug\Konzola.Sklady.FormSkladStavLokaceList.resources /resource:obj\x86\Debug\Konzola.Sklad.FormTransakceSPredlohou.resources /resource:obj\x86\Debug\Konzola.SplashScreen.resources /resource:obj\x86\Debug\Konzola.StavSkladu.FormStavSkladuHistorieList.resources /resource:obj\x86\Debug\Konzola.StavSkladu.FormStavSkladuList.resources /resource:obj\x86\Debug\Konzola.Terminal.FormTerminalSeznam.resources /resource:obj\x86\Debug\Konzola.Terminal.FormVNC.resources /resource:obj\x86\Debug\Konzola.Terminal.TestDisp.resources /resource:obj\x86\Debug\Konzola.Terminal.TestDisp_2.resources /resource:obj\x86\Debug\Konzola.Terminal.Test_Login.Form_Test_Login.resources /resource:obj\x86\Debug\Konzola.Tisk.FormTiskovaSablonaEdit.resources /resource:obj\x86\Debug\Konzola.Ukolovani.FormUkolyAktualniList.resources /resource:obj\x86\Debug\Konzola.Ukolovani.FormUkolyEdit.resources /resource:obj\x86\Debug\Konzola.Ukolovani.FormUkolyHistoryList.resources /resource:obj\x86\Debug\Konzola.Ukolovani.FormUkolyList.resources /resource:obj\x86\Debug\Konzola.VolnyPohyb.FormDavkyProdejDIEdit.resources /resource:obj\x86\Debug\Konzola.VolnyPohyb.FormVolnyPohybNasnimaneList.resources /resource:obj\x86\Debug\Konzola.Vydej.FormDavkyVydejeKontrola.resources /resource:obj\x86\Debug\Konzola.Vydej.FormDavkyVydejeList.resources /resource:obj\x86\Debug\Konzola.Vydej.FormDavkyVydejeEdit.resources /resource:obj\x86\Debug\Konzola.Vydej.FormDavkyVydejeList_Test.resources /resource:obj\x86\Debug\Konzola.Vydej.FormVydejDavkyList.resources /resource:obj\x86\Debug\Konzola.Vydej.FormVydejNasnimaneList.resources /resource:obj\x86\Debug\Konzola.Vydej.Form_Predloha_Rekapitulace.resources /resource:obj\x86\Debug\Konzola.Vydej.FormDavkyVydejSIEdit.resources /resource:obj\x86\Debug\Konzola.Vyroba.Ciselnik.FormModifikace_TP.resources /resource:obj\x86\Debug\Konzola.Vyroba.FormStrojeEdit.resources /resource:obj\x86\Debug\Konzola.Vyroba.Ciselnik.Form_Moduly.resources /resource:obj\x86\Debug\Konzola.Vyroba.Ciselnik.Form_Stroje.resources /resource:obj\x86\Debug\Konzola.Vyroba.Rozbory.Form_MachineStateSetList_RozborOdvoduSSS.resources /resource:obj\x86\Debug\Konzola.Vyroba.Rozbory.FormOdvod_TiskoveSablony.resources /resource:obj\x86\Debug\Konzola.Vyroba.Rozbory.FormOdvod_MachineStateSetList.resources /resource:obj\x86\Debug\Konzola.Vyroba.Rozbory.FormOdvod_EventsErrList.resources /resource:obj\x86\Debug\Konzola.Vyroba.Rozbory.FormOdvod_EventsList.resources /resource:obj\x86\Debug\Konzola.Vyroba.Rozbory.FormOdvod_EventsErrList_Storno.resources /resource:obj\x86\Debug\Konzola.Vyroba.Rozbory.FormOdvod_EventsList_Storno.resources /resource:obj\x86\Debug\Konzola.Vyroba.FormPlanovaniVyroby_Rozbor.resources /resource:obj\x86\Debug\Konzola.Vyroba.FormProductionEdit3.resources /resource:obj\x86\Debug\Konzola.Vyroba.FormProductionSourcesList_SelectCountEntries.resources /resource:obj\x86\Debug\Konzola.Vyroba.FormProductionEdit2_CarKod.resources /resource:obj\x86\Debug\Konzola.Vyroba.FormProductionList_SelectCountEntries.resources /resource:obj\x86\Debug\Konzola.Vyroba.FormProductionSourcesEdit2.resources /resource:obj\x86\Debug\Konzola.Vyroba.FormProductionSourecesList.resources /resource:obj\x86\Debug\Konzola.Vyroba.FormProductionEdit.resources /resource:obj\x86\Debug\Konzola.Vyroba.FormProductionEdit2.resources /resource:obj\x86\Debug\Konzola.Vyroba.FormProductionList.resources /resource:obj\x86\Debug\Konzola.Vyroba.FormSkupinyEdit.resources /resource:obj\x86\Debug\Konzola.Vyroba.FormSkupinyList.resources /resource:obj\x86\Debug\Konzola.Vyroba.FormProduction_SN_List.resources /resource:obj\x86\Debug\Konzola.Vyroba.FormUkoncitZakazkuOdvadeni.resources /resource:obj\x86\Debug\Konzola.Vyroba.FormVazbyAddMaterialy.resources /resource:obj\x86\Debug\Konzola.Vyroba.FormVazbyAddMaterialyEdit.resources /resource:obj\x86\Debug\Konzola.Vyroba.FormVazbyAddPolotovar.resources /resource:obj\x86\Debug\Konzola.Vyroba.FormVazbyAddVyrobek.resources /resource:obj\x86\Debug\Konzola.Vyroba.FormVazbyMaterialy.resources /resource:obj\x86\Debug\Konzola.FormPotrebaMaterialu.resources /resource:obj\x86\Debug\Konzola.Vyroba.FormVazby_P_PS_List_Zpracovat.resources /resource:obj\x86\Debug\Konzola.Vyroba.FormVazby_P_PS_List.resources /resource:obj\x86\Debug\Konzola.Vyroba.Transakce.FormVazby_Zpracovat.resources /resource:obj\x86\Debug\Konzola.Vyroba.FormVPHEdit.resources /resource:obj\x86\Debug\Konzola.Vyroba.FormVPPEdit.resources /resource:obj\x86\Debug\Konzola.Vyroba.FormVyrobniPrikazList.resources /resource:obj\x86\Debug\Konzola.Vyroba.Transakce.FormVyrobniPrikazList_Tisk.resources /resource:obj\x86\Debug\Konzola.Vyroba.FormVyrobniPrikaz_VPH_Seznam.resources /resource:obj\x86\Debug\Konzola.Vyroba.FormVyrobniPrikaz_VPP_GenerovaniSN.resources /resource:obj\x86\Debug\Konzola.Vyroba.Transakce.Form_DisponibilityPrehled.resources /resource:obj\x86\Debug\Konzola.Vyroba.Wizard.VyrobniPrikazList_VPP.Form_01_Vyber_Vyrobku.resources /resource:Ciselniky\ReportLokace_CZMST094.rdlc,Konzola.Ciselniky.ReportLokace_CZMST094.rdlc /resource:Ciselniky\Report_FormOdberateleList.rdlc,Konzola.Ciselniky.Report_FormOdberateleList.rdlc /resource:Ciselniky\Sklady_Ciselniky_Sklady.rdlc,Konzola.Ciselniky.Sklady_Ciselniky_Sklady.rdlc /resource:Forms\Spolecne\Meine.rdlc,Konzola.Forms.Spolecne.Meine.rdlc /resource:Forms\Spolecne\Vyrabene_Polozky.rdlc,Konzola.Forms.Spolecne.Vyrabene_Polozky.rdlc /resource:Inventura\01_INTERTACT_report_SKLAD_Inventura_Predloha_polozky_I_detailne_HOTOVO_MaR.rdlc,Konzola.Inventura.01_INTERTACT_report_SKLAD_Inventura_Predloha_polozky_I_detailne_HOTOVO_MaR.rdlc /resource:Inventura\Report_FormInv_PredlohaList.rdlc,Konzola.Inventura.Report_FormInv_PredlohaList.rdlc /resource:Inventura\Sklady_Transakce_Inventura_Predloha.rdlc,Konzola.Inventura.Sklady_Transakce_Inventura_Predloha.rdlc /resource:Inventura\stav_inventura.rdlc,Konzola.Inventura.stav_inventura.rdlc /resource:Planovani\Report_FormPlanovaniVyrobyList.rdlc,Konzola.Planovani.Report_FormPlanovaniVyrobyList.rdlc /resource:Planovani\Planovani_PlanovaniVyrobyVydeje_00.rdlc,Konzola.Planovani.Planovani_PlanovaniVyrobyVydeje_00.rdlc /resource:Servis\Print\Templates\Report_PlanovaniVyroby.rdlc,Konzola.Servis.Print.Templates.Report_PlanovaniVyroby.rdlc /resource:TISK_sablony\Empty_Test.rdlc,Konzola.TISK_sablony.Empty_Test.rdlc /resource:TISK_sablony\VyrabenePolozky.rdlc,Konzola.TISK_sablony.VyrabenePolozky.rdlc /resource:TISK_sablony\VyrabenePolozky_00.rdlc,Konzola.TISK_sablony.VyrabenePolozky_00.rdlc /resource:VolnyPohyb\Sklady_Transakce_VolnyPohyb_Nasnimane.rdlc,Konzola.VolnyPohyb.Sklady_Transakce_VolnyPohyb_Nasnimane.rdlc /resource:Vydej\Sklady_Rozbory_Transakce_s_predlohou.rdlc,Konzola.Vydej.Sklady_Rozbory_Transakce_s_predlohou.rdlc /resource:Vydej\Sklady_Transakce_Volny_Pohyb_Nasnimane.rdlc,Konzola.Vydej.Sklady_Transakce_Volny_Pohyb_Nasnimane.rdlc /resource:"Vydej\SKLADY_TRANSAKCE_VYDEJ S PREDLOHOU_PREDLOHA.rdlc","Konzola.Vydej.SKLADY_TRANSAKCE_VYDEJ S PREDLOHOU_PREDLOHA.rdlc" /resource:"Vydej\SKLADY_TRANSAKCE_VYDEJ S PREDLOHOU_PREDLOHA1.rdlc","Konzola.Vydej.SKLADY_TRANSAKCE_VYDEJ S PREDLOHOU_PREDLOHA1.rdlc" /resource:"Vydej\SKLADY_TRANSAKCE_VYDEJ S PREDLOHOU_PREDLOHA2.rdlc","Konzola.Vydej.SKLADY_TRANSAKCE_VYDEJ S PREDLOHOU_PREDLOHA2.rdlc" /resource:Vydej\Sklady_Transakce_Vydej_s_predlohou_Nasnimane.rdlc,Konzola.Vydej.Sklady_Transakce_Vydej_s_predlohou_Nasnimane.rdlc /resource:Vydej\Sklady_Transakce_Vydej_s_predlohou_Predloha.rdlc,Konzola.Vydej.Sklady_Transakce_Vydej_s_predlohou_Predloha.rdlc /resource:Vyroba\Ciselnik\Report_FormVazbyMaterialy.rdlc,Konzola.Vyroba.Ciselnik.Report_FormVazbyMaterialy.rdlc /resource:"Vyroba\Ciselnik\Vyroba_Ciselníky_Vazba_materialy.rdlc","Konzola.Vyroba.Ciselnik.Vyroba_Ciselníky_Vazba_materialy.rdlc" /resource:Vyroba\Rozbory\Report_Analyza_SSS_10.rdlc,Konzola.Vyroba.Rozbory.Report_Analyza_SSS_10.rdlc /resource:Vyroba\Rozbory\Report_FormOdvod_EventsList_Prehled_Odvadeni_Stroju.rdlc,Konzola.Vyroba.Rozbory.Report_FormOdvod_EventsList_Prehled_Odvadeni_Stroju.rdlc /resource:Vyroba\Rozbory\Report_FormProductionList.rdlc,Konzola.Vyroba.Rozbory.Report_FormProductionList.rdlc /target:winexe /utf8output /win32icon:Resources\logo_FASKV2.ico /langversion:7.3 ..\..\_sdilenetridy_\konfigurace_android\Konfigurace.cs ..\..\_SdileneTridy_\Konfigurace_Android\Konfigurace_Prodej.cs ..\..\_SdileneTridy_\Konfigurace_Android\Konfigurace_Prodej_Price.cs ..\..\_SdileneTridy_\Konfigurace_Android\Konfigurace_Prodej_REZ.cs ..\..\_SdileneTridy_\Konfigurace_Android\Konfigurace_Vyroba.cs ..\..\_SdileneTridy_\Konfigurace_Android\SQLite_ProdejScript.cs Android\Form_AndroidKonfig.cs Android\Form_AndroidKonfig.Designer.cs API_TerminalKonfigurace\Konfigurace_Expedice.cs API_TerminalKonfigurace\Konfigurace_Inventura.cs API_TerminalKonfigurace\Konfigurace_Ostatni.cs API_TerminalKonfigurace\Konfigurace_Prijem.cs API_TerminalKonfigurace\Konfigurace_Vydej.cs BaseFormTest\BaseForm.cs BaseFormTest\BaseForm.Designer.cs Ciselniky\FormLokace.cs Ciselniky\FormLokace.Designer.cs Ciselniky\FormLokaceCZMST094Edit.cs Ciselniky\FormLokaceCZMST094Edit.Designer.cs Extensions\DataGridView_ImportCSV.cs Extensions\ProviderExt.cs Ciselniky\FormLokaceMapaGenerovani.cs Ciselniky\FormLokaceMapaGenerovani.Designer.cs Ciselniky\FormLokaceMapaList.cs Ciselniky\FormLokaceMapaList.Designer.cs Ciselniky\FormPracovniciEdit.cs Ciselniky\FormPracovniciEdit.Designer.cs Ciselniky\FormPracovniciList.cs Ciselniky\FormPracovniciList.Designer.cs Ciselniky\FormRADYEdit.cs Ciselniky\FormRADYEdit.Designer.cs Ciselniky\FormRADYList.cs Ciselniky\FormRADYList.Designer.cs Ciselniky\FormSkladyList.cs Ciselniky\FormSkladyList.Designer.cs Ciselniky\FormStrediskaEdit.cs Ciselniky\FormStrediskaEdit.Designer.cs Ciselniky\FormTypyDokladuEdit.cs Ciselniky\FormTypyDokladuEdit.Designer.cs Ciselniky\FormTypyDokladuList.cs Ciselniky\FormTypyDokladuList.Designer.cs Ciselniky\FormZboziEdit.cs Ciselniky\FormZboziEdit.Designer.cs Ciselniky\FormZboziList.cs Ciselniky\FormZboziList.Designer.cs Ciselniky\FormLokaceVariantySortimentList.cs Ciselniky\FormLokaceVariantySortimentList.Designer.cs Ciselniky\FormLokaceVariantySortimentEdit.cs Ciselniky\FormLokaceVariantySortimentEdit.Designer.cs Ciselniky\FormLokaceTypyEdit.cs Ciselniky\FormLokaceTypyEdit.Designer.cs Ciselniky\FormLokaceTypyList.cs Ciselniky\FormLokaceTypyList.Designer.cs Ciselniky\FormLokaceTypySelect.cs Ciselniky\FormLokaceTypySelect.Designer.cs Ciselniky\FormSkladyEdit.cs Ciselniky\FormSkladyEdit.Designer.cs Forms\FormImport.cs Forms\FormImport.Designer.cs Forms\FormKod.cs Forms\FormKod.Designer.cs Forms\Form_DateTime_From_To.cs Forms\Form_DateTime_From_To.Designer.cs Forms\Spolecne\FormVyrabenePolozky.cs Forms\Spolecne\FormVyrabenePolozky.Designer.cs ImportniMustky\Extensions\DataSet_Import.cs ImportniMustky\FormImport_SKzNC_Edit.cs ImportniMustky\FormImport_SKzNC_Edit.Designer.cs ImportniMustky\FormImport_SKzNC_ErrList.cs ImportniMustky\FormImport_SKzNC_ErrList.Designer.cs ImportniMustky\FormImport_SKzNC_List.cs ImportniMustky\FormImport_SKzNC_List.Designer.cs Inventura\dataset\dsFaskInventura.Designer.cs Inventura\FormInventura_Porovnani.cs Inventura\FormInventura_Porovnani.Designer.cs Inventura\FormInv_PredlohaList.cs Inventura\FormInv_PredlohaList.Designer.cs IT_cast\FormIT_cast_EventsArchivace.cs IT_cast\FormIT_cast_EventsArchivace.Designer.cs IT_cast\FormIT_cast_ProductionArchivace.cs IT_cast\FormIT_cast_ProductionArchivace.Designer.cs IT_cast\Form_DateTime_From_To_archivace.cs IT_cast\Form_DateTime_From_To_archivace.Designer.cs Konfigurace\Globals_Konfig_Konzola.cs Konfigurace\Konf.cs Konfigurace\Konf.Designer.cs Konfigurace_Tisky\Globals_Konfig_Tisk.cs Konfigurace_Tisky\Konf_T.cs Konfigurace_Tisky\Konf_T.Designer.cs Licence\KonzolaLicence.cs Licence\Licensing.cs Napoveda\Napoveda.cs Expedice\FormBufferBaleniList.cs Expedice\FormBufferBaleniList.Designer.cs Expedice\FormDodaciListyList.cs Expedice\FormDodaciListyList.Designer.cs Extensions\BindingSourceExt.cs Extensions\ButtonsPanelExt.cs Extensions\ComboBoxExt.cs Extensions\DataGridView_Exporty.cs Extensions\ToolStripMenuItemExt.cs Extensions\ListExt.cs Extensions\DataGridViewExt.cs Extensions\FlexibleMessageBox.cs Forms\AboutBox.cs Forms\AboutBox.designer.cs Forms\InputBox_Text_And_Checkbox.cs Forms\InputBox_Text_And_Checkbox.Designer.cs Forms\FormImage.cs Forms\FormImage.Designer.cs Forms\FormBase.cs Forms\FormBase.Designer.cs Forms\FormConfig.cs Forms\FormConfig.Designer.cs Forms\FormIDPracovnikaLogin.cs Forms\FormIDPracovnikaLogin.Designer.cs Forms\FormMain.cs Forms\FormMain.Designer.cs Forms\InputBox.cs Forms\InputBox.Designer.cs Forms\WaitForm.cs Forms\WaitForm.Designer.cs Globals.cs Inventura\dataset\dsSBKompletInventura.Designer.cs Inventura\FormInventuraHlavickaList2.cs Inventura\FormInventuraHlavickaList2.Designer.cs Inventura\FormInventuraNasnimaneList.cs Inventura\FormInventuraNasnimaneList.Designer.cs Inventura\FormInventuraPredlohaList.cs Inventura\FormInventuraPredlohaList.Designer.cs MySystem\Encryption.cs MySystem\LoginTest.cs MySystem\Path.cs Planovani\FormPlanovaniVyrobyEdit.cs Planovani\FormPlanovaniVyrobyEdit.Designer.cs Planovani\FormPlanovaniVyrobyList.cs Planovani\FormPlanovaniVyrobyList.Designer.cs Planovani\FormPlanovaniVyroby_Zaplanovani.cs Planovani\FormPlanovaniVyroby_Zaplanovani.Designer.cs Planovani\Kapacitni_Planovani\FormMaterial.cs Planovani\Kapacitni_Planovani\FormMaterial.Designer.cs Planovani\Planovani_Detail\Form_Planovani_Detail.cs Planovani\Planovani_Detail\Form_Planovani_Detail.Designer.cs Planovani\Planovani_Navrhar\Form_PlanovaniVarianty.cs Planovani\Planovani_Navrhar\Form_PlanovaniVarianty.Designer.cs Planovani\Planovani_Navrhar\Form_PlanovaniVarianty_Params.cs Planovani\Planovani_Navrhar\Form_PlanovaniVarianty_Params.Designer.cs Prijem\IFormDavkyPrijemPIEdit.cs Prijem\IFormDavkyPrijemPIEdit.Designer.cs Prijem\FormDavkyPrijmuList.cs Prijem\FormDavkyPrijmuList.Designer.cs Prijem\FormDavkyPrijemPEEdit.cs Prijem\FormDavkyPrijemPEEdit.Designer.cs Prijem\FormPrijemNasnimaneList.cs Prijem\FormPrijemNasnimaneList.Designer.cs Program.cs Properties\AssemblyInfo.cs Scanner\FormScannerCOMSettings.cs Scanner\FormScannerCOMSettings.Designer.cs Scanner\ScannerBase.cs Scanner\ScannerCOM.cs Scanner\ScannerNone.cs Servis\FormOkruhySelect.cs Servis\FormOkruhySelect.Designer.cs Servis\FormReportSestava.cs Servis\FormReportSestava.Designer.cs Forms\FormRFIDData.cs Forms\FormRFIDData.Designer.cs Servis\FormZdrojeList.cs Servis\FormZdrojeList.Designer.cs Servis\FormZdrojePohybReportViewer.cs Servis\FormZdrojePohybReportViewer.Designer.cs Servis\FormZdrojStavOkruhEdit.cs Servis\FormZdrojStavOkruhEdit.Designer.cs Servis\FormDynTabEdit.cs Servis\FormDynTabEdit.Designer.cs Servis\FormDynTabDefEdit.cs Servis\FormDynTabDefEdit.Designer.cs Servis\FormVazbyDynTabDefDynTabList.cs Servis\FormVazbyDynTabDefDynTabList.Designer.cs Ciselniky\FormOdberateleSelect.cs Ciselniky\FormOdberateleSelect.Designer.cs Servis\FormOkruhyEdit.cs Servis\FormOkruhyEdit.Designer.cs Servis\FormOkruhyList.cs Servis\FormOkruhyList.Designer.cs Servis\FormVazbyOkruhZdrojSeznamList.cs Servis\FormVazbyOkruhZdrojSeznamList.Designer.cs Servis\FormZdrojePohybList.cs Servis\FormZdrojePohybList.Designer.cs Servis\FormZdrojeStavyEdit.cs Servis\FormZdrojeStavyEdit.Designer.cs Servis\FormZdrojeStavyList.cs Servis\FormZdrojeStavyList.Designer.cs Servis\FormZdrojeSelect.cs Servis\FormZdrojeSelect.Designer.cs Servis\FormVazbyCinnostCinnostNextList.cs Servis\FormVazbyCinnostCinnostNextList.Designer.cs Servis\FormStavySelect.cs Servis\FormStavySelect.Designer.cs Ciselniky\FormOdberateleEdit.cs Ciselniky\FormOdberateleEdit.Designer.cs Ciselniky\FormOdberateleList.cs Ciselniky\FormOdberateleList.Designer.cs Servis\FormStavyEdit.cs Servis\FormStavyEdit.Designer.cs Servis\FormStavyList.cs Servis\FormStavyList.Designer.cs Servis\FormCinnostiEdit.cs Servis\FormCinnostiEdit.Designer.cs Servis\FormCinnostiList.cs Servis\FormCinnostiList.Designer.cs Servis\FormCinnostiSelect.cs Servis\FormCinnostiSelect.Designer.cs Servis\FormVazbyStavStavNextList.cs Servis\FormVazbyStavStavNextList.Designer.cs Servis\FormZdrojeEdit.cs Servis\FormZdrojeEdit.Designer.cs Servis\Print\FormPrintZdrojStav_Etiketa.cs Servis\Print\FormPrintZdrojStav_Etiketa.Designer.cs Servis\Print\FormPrintZdrojStav_Report.cs Servis\Print\FormPrintZdrojStav_Report.Designer.cs Servis\Print\FormPrintZdroj.cs Servis\Print\FormPrintZdroj.Designer.cs Servis\Print\Servis.cs Servis\Print\Servis.Designer.cs Ciselniky\FormLokaceMapaEdit.cs Ciselniky\FormLokaceMapaEdit.Designer.cs Ciselniky\FormStrediskaList.cs Ciselniky\FormStrediskaList.Designer.cs SkladLokace\FormPohybyIS_List.cs SkladLokace\FormPohybyIS_List.Designer.cs SkladLokace\FormSkladLokaceStavEdit.cs SkladLokace\FormSkladLokaceStavEdit.Designer.cs SkladLokace\FormSkladLokaceStavList.cs SkladLokace\FormSkladLokaceStavList.Designer.cs SkladLokace\FormSkladLokaceStavList_SelectCountEntries.cs SkladLokace\FormSkladLokaceStavList_SelectCountEntries.Designer.cs SkladLokace\FormSKladLokace_PorovnaniVuciIS.cs SkladLokace\FormSKladLokace_PorovnaniVuciIS.Designer.cs Sklady\FormSkladPohybList.cs Sklady\FormSkladPohybList.Designer.cs Sklady\FormSkladStavLokaceList.cs Sklady\FormSkladStavLokaceList.Designer.cs Sklady\FormTransakceSPredlohou.cs Sklady\FormTransakceSPredlohou.Designer.cs SplashScreen\SplashScreen.cs StavSkladu\FormStavSkladuHistorieList.cs StavSkladu\FormStavSkladuHistorieList.Designer.cs StavSkladu\FormStavSkladuList.cs StavSkladu\FormStavSkladuList.Designer.cs Terminal\FormTerminalSeznam.cs Terminal\FormTerminalSeznam.Designer.cs Terminal\FormVNC.cs Terminal\FormVNC.Designer.cs Terminal\Ping.cs Terminal\Test_Disp\DataSet_Disp1.Designer.cs Terminal\Test_Disp\TestDisp.cs Terminal\Test_Disp\TestDisp.Designer.cs Terminal\Test_Disp\TestDisp_2.cs Terminal\Test_Disp\TestDisp_2.Designer.cs Terminal\Test_Login\Form_Test_Login.cs Terminal\Test_Login\Form_Test_Login.Designer.cs Tisk\FormTiskovaSablonaEdit.cs Tisk\FormTiskovaSablonaEdit.Designer.cs Ukolovani\FormUkolyAktualniList.cs Ukolovani\FormUkolyAktualniList.Designer.cs Ukolovani\FormUkolyEdit.cs Ukolovani\FormUkolyEdit.Designer.cs Ukolovani\FormUkolyHistoryList.cs Ukolovani\FormUkolyHistoryList.Designer.cs Ukolovani\FormUkolyList.cs Ukolovani\FormUkolyList.Designer.cs VolnyPohyb\FormDavkyProdejDIEdit.cs VolnyPohyb\FormDavkyProdejDIEdit.Designer.cs VolnyPohyb\FormVolnyPohybNasnimaneList.cs VolnyPohyb\FormVolnyPohybNasnimaneList.Designer.cs Vydej\FormDavkyVydejeKontrola.cs Vydej\FormDavkyVydejeKontrola.Designer.cs Vydej\FormDavkyVydejeList.cs Vydej\FormDavkyVydejeList.Designer.cs Vydej\FormDavkyVydejeEdit.cs Vydej\FormDavkyVydejeEdit.Designer.cs Vydej\FormDavkyVydejeList_Test.cs Vydej\FormDavkyVydejeList_Test.Designer.cs Vydej\FormVydejDavkyList.cs Vydej\FormVydejDavkyList.Designer.cs Vydej\FormVydejNasnimaneList.cs Vydej\FormVydejNasnimaneList.Designer.cs Vydej\Form_Predloha_Rekapitulace.cs Vydej\Form_Predloha_Rekapitulace.Designer.cs Vydej\IFormDavkyVydejSIEdit.cs Vydej\IFormDavkyVydejSIEdit.Designer.cs Vyroba\Ciselnik\FormModifikace_TP.cs Vyroba\Ciselnik\FormModifikace_TP.Designer.cs Vyroba\Ciselnik\FormStrojeEdit.cs Vyroba\Ciselnik\FormStrojeEdit.Designer.cs Vyroba\Ciselnik\Form_Moduly.cs Vyroba\Ciselnik\Form_Moduly.Designer.cs Vyroba\Ciselnik\Form_Stroje.cs Vyroba\Ciselnik\Form_Stroje.Designer.cs Vyroba\Rozbory\Form_MachineStateSetList_RozborOdvoduSSS.cs Vyroba\Rozbory\Form_MachineStateSetList_RozborOdvoduSSS.Designer.cs Vyroba\Rozbory\FormOdvod_TiskoveSablony.cs Vyroba\Rozbory\FormOdvod_TiskoveSablony.Designer.cs "Vyroba\Rozbory\FormOdvod_MachineStateSetList .cs" "Vyroba\Rozbory\FormOdvod_MachineStateSetList .Designer.cs" Vyroba\Rozbory\FormOdvod_EventsErrList.cs Vyroba\Rozbory\FormOdvod_EventsErrList.Designer.cs Vyroba\Rozbory\FormOdvod_EventsList.cs Vyroba\Rozbory\FormOdvod_EventsList.Designer.cs Vyroba\Rozbory\FormOdvod_EventsErrList_Storno.cs Vyroba\Rozbory\FormOdvod_EventsErrList_Storno.Designer.cs Vyroba\Rozbory\FormOdvod_EventsList_Storno.cs Vyroba\Rozbory\FormOdvod_EventsList_Storno.Designer.cs Vyroba\Rozbory\FormPlanovaniVyroby_Rozbor.cs Vyroba\Rozbory\FormPlanovaniVyroby_Rozbor.Designer.cs Vyroba\Rozbory\FormProductionEdit3.cs Vyroba\Rozbory\FormProductionEdit3.Designer.cs Vyroba\Rozbory\FormProductionSourcesList_SelectCountEntries.cs Vyroba\Rozbory\FormProductionSourcesList_SelectCountEntries.Designer.cs Vyroba\Rozbory\FormProductionEdit2_CarKod.cs Vyroba\Rozbory\FormProductionEdit2_CarKod.Designer.cs Vyroba\Rozbory\FormProductionList_SelectCountEntries.cs Vyroba\Rozbory\FormProductionList_SelectCountEntries.Designer.cs Vyroba\Rozbory\FormProductionSourcesEdit2.cs Vyroba\Rozbory\FormProductionSourcesEdit2.Designer.cs Vyroba\Rozbory\FormProductionSourecesList.cs Vyroba\Rozbory\FormProductionSourecesList.Designer.cs Vyroba\Rozbory\FormProductionEdit.cs Vyroba\Rozbory\FormProductionEdit.Designer.cs Vyroba\Rozbory\FormProductionEdit2.cs Vyroba\Rozbory\FormProductionEdit2.Designer.cs Vyroba\Rozbory\FormProductionList.cs Vyroba\Rozbory\FormProductionList.Designer.cs Vyroba\Ciselnik\FormSkupinyEdit.cs Vyroba\Ciselnik\FormSkupinyEdit.Designer.cs Vyroba\Ciselnik\FormSkupinyList.cs Vyroba\Ciselnik\FormSkupinyList.Designer.cs Vyroba\Rozbory\FormProduction_SN_List.cs Vyroba\Rozbory\FormProduction_SN_List.Designer.cs Vyroba\Rozbory\FormUkoncitZakazkuOdvadeni.cs Vyroba\Rozbory\FormUkoncitZakazkuOdvadeni.Designer.cs Vyroba\Ciselnik\FormVazbyAddMaterialy.cs Vyroba\Ciselnik\FormVazbyAddMaterialy.Designer.cs Vyroba\Ciselnik\FormVazbyAddMaterialyEdit.cs Vyroba\Ciselnik\FormVazbyAddMaterialyEdit.Designer.cs Vyroba\Ciselnik\FormVazbyAddPolotovar.cs Vyroba\Ciselnik\FormVazbyAddPolotovar.Designer.cs Vyroba\Ciselnik\FormVazbyAddVyrobek.cs Vyroba\Ciselnik\FormVazbyAddVyrobek.Designer.cs Vyroba\Ciselnik\FormVazbyMaterialy.cs Vyroba\Ciselnik\FormVazbyMaterialy.Designer.cs Vyroba\Transakce\Constants.cs Vyroba\Transakce\FormPotrebaMaterialu.cs Vyroba\Transakce\FormPotrebaMaterialu.Designer.cs "Vyroba\Transakce\FormVazby_P_PS_List _Zpracovat.cs" "Vyroba\Transakce\FormVazby_P_PS_List _Zpracovat.Designer.cs" Vyroba\Transakce\FormVazby_P_PS_List.cs Vyroba\Transakce\FormVazby_P_PS_List.Designer.cs Vyroba\Transakce\FormVazby_Zpracovat.cs Vyroba\Transakce\FormVazby_Zpracovat.Designer.cs Vyroba\Transakce\FormVPHEdit.cs Vyroba\Transakce\FormVPHEdit.Designer.cs Vyroba\Transakce\FormVPPEdit.cs Vyroba\Transakce\FormVPPEdit.Designer.cs Vyroba\Transakce\FormVyrobniPrikazList.cs Vyroba\Transakce\FormVyrobniPrikazList.Designer.cs Vyroba\Transakce\FormVyrobniPrikazList_Tisk.cs Vyroba\Transakce\FormVyrobniPrikazList_Tisk.Designer.cs Vyroba\Transakce\FormVyrobniPrikaz_VPH_Seznam.cs Vyroba\Transakce\FormVyrobniPrikaz_VPH_Seznam.Designer.cs Vyroba\Transakce\FormVyrobniPrikaz_VPP_GenerovaniSN.cs Vyroba\Transakce\FormVyrobniPrikaz_VPP_GenerovaniSN.Designer.cs Vyroba\Transakce\Form_DisponibilityPrehled.cs Vyroba\Transakce\Form_DisponibilityPrehled.Designer.cs Vyroba\Wizard\VyrobniPrikazList_VPP\dsVyrobkyProPridani.Designer.cs Vyroba\Wizard\VyrobniPrikazList_VPP\Form_01_Vyber_Vyrobku.cs Vyroba\Wizard\VyrobniPrikazList_VPP\Form_01_Vyber_Vyrobku.Designer.cs _Printers_\PrinterEtiketaGeneral.cs _Printers_\PrinterLeitz.cs _Support_\Barcodes.cs _Support_\LinkProcess.cs _Support_\PrinterHelper.cs _Support_\RawPrinterHelper.cs Properties\Resources.Designer.cs Properties\Settings.Designer.cs "obj\x86\Debug\.NETFramework,Version=v4.7.AssemblyAttributes.cs"'
  Attempt to open named pipe '9u7Mq5B0RaDaiN3atZFkuOIPV_m2MrBWEDBJPGpczys'
  Attempt to connect named pipe '9u7Mq5B0RaDaiN3atZFkuOIPV_m2MrBWEDBJPGpczys'
  Named pipe '9u7Mq5B0RaDaiN3atZFkuOIPV_m2MrBWEDBJPGpczys' connected
  Begin writing request for Konzola
  End writing request for Konzola
  Begin reading response for Konzola
  End reading response for Konzola
C:\Users\ratho\OneDrive\Plocha\work_2026\FASK_2026\0x_Zdrojove_Kody\Konzola\Konzola\Extensions\DataGridView_Exporty.cs(12,7): warning CS0105: Direktiva using pro System se objevila už døív v tomto oboru názvù. [C:\Users\ratho\OneDrive\Plocha\work_2026\FASK_2026\0x_Zdrojove_Kody\Konzola\Konzola\Konzola.csproj]
C:\Users\ratho\OneDrive\Plocha\work_2026\FASK_2026\0x_Zdrojove_Kody\Konzola\Konzola\Extensions\DataGridView_Exporty.cs(13,7): warning CS0105: Direktiva using pro System.Collections.Generic se objevila už døív v tomto oboru názvù. [C:\Users\ratho\OneDrive\Plocha\work_2026\FASK_2026\0x_Zdrojove_Kody\Konzola\Konzola\Konzola.csproj]
C:\Users\ratho\OneDrive\Plocha\work_2026\FASK_2026\0x_Zdrojove_Kody\Konzola\Konzola\Extensions\DataGridView_Exporty.cs(14,7): warning CS0105: Direktiva using pro System.Data se objevila už døív v tomto oboru názvù. [C:\Users\ratho\OneDrive\Plocha\work_2026\FASK_2026\0x_Zdrojove_Kody\Konzola\Konzola\Konzola.csproj]
C:\Users\ratho\OneDrive\Plocha\work_2026\FASK_2026\0x_Zdrojove_Kody\Konzola\Konzola\Extensions\DataGridView_Exporty.cs(16,7): warning CS0105: Direktiva using pro System.Globalization se objevila už døív v tomto oboru názvù. [C:\Users\ratho\OneDrive\Plocha\work_2026\FASK_2026\0x_Zdrojove_Kody\Konzola\Konzola\Konzola.csproj]
C:\Users\ratho\OneDrive\Plocha\work_2026\FASK_2026\0x_Zdrojove_Kody\Konzola\Konzola\Extensions\DataGridView_Exporty.cs(17,7): warning CS0105: Direktiva using pro System.IO se objevila už døív v tomto oboru názvù. [C:\Users\ratho\OneDrive\Plocha\work_2026\FASK_2026\0x_Zdrojove_Kody\Konzola\Konzola\Konzola.csproj]
C:\Users\ratho\OneDrive\Plocha\work_2026\FASK_2026\0x_Zdrojove_Kody\Konzola\Konzola\ImportniMustky\FormImport_SKzNC_Edit.cs(241,25): warning CS0168: Promìnná test je deklarovaná, ale nikdy se nepoužívá. [C:\Users\ratho\OneDrive\Plocha\work_2026\FASK_2026\0x_Zdrojove_Kody\Konzola\Konzola\Konzola.csproj]
C:\Users\ratho\OneDrive\Plocha\work_2026\FASK_2026\0x_Zdrojove_Kody\Konzola\Konzola\Extensions\DataGridView_Exporty.cs(640,26): warning CS0219: Promìnná kontrola má pøiøazenou hodnotu, ale nikdy se nepoužívá. [C:\Users\ratho\OneDrive\Plocha\work_2026\FASK_2026\0x_Zdrojove_Kody\Konzola\Konzola\Konzola.csproj]
C:\Users\ratho\OneDrive\Plocha\work_2026\FASK_2026\0x_Zdrojove_Kody\Konzola\Konzola\Extensions\DataGridView_Exporty.cs(541,21): warning CS0219: Promìnná iterace má pøiøazenou hodnotu, ale nikdy se nepoužívá. [C:\Users\ratho\OneDrive\Plocha\work_2026\FASK_2026\0x_Zdrojove_Kody\Konzola\Konzola\Konzola.csproj]
C:\Users\ratho\OneDrive\Plocha\work_2026\FASK_2026\0x_Zdrojove_Kody\Konzola\Konzola\Extensions\DataGridView_Exporty.cs(542,26): warning CS0219: Promìnná headers má pøiøazenou hodnotu, ale nikdy se nepoužívá. [C:\Users\ratho\OneDrive\Plocha\work_2026\FASK_2026\0x_Zdrojove_Kody\Konzola\Konzola\Konzola.csproj]
C:\Users\ratho\OneDrive\Plocha\work_2026\FASK_2026\0x_Zdrojove_Kody\Konzola\Konzola\Extensions\DataGridView_Exporty.cs(680,20): warning CS0219: Promìnná nychystanoNaZapis má pøiøazenou hodnotu, ale nikdy se nepoužívá. [C:\Users\ratho\OneDrive\Plocha\work_2026\FASK_2026\0x_Zdrojove_Kody\Konzola\Konzola\Konzola.csproj]
C:\Users\ratho\OneDrive\Plocha\work_2026\FASK_2026\0x_Zdrojove_Kody\Konzola\Konzola\Ciselniky\FormStrediskaList.cs(1390,50): warning CS0168: Promìnná ex je deklarovaná, ale nikdy se nepoužívá. [C:\Users\ratho\OneDrive\Plocha\work_2026\FASK_2026\0x_Zdrojove_Kody\Konzola\Konzola\Konzola.csproj]
C:\Users\ratho\OneDrive\Plocha\work_2026\FASK_2026\0x_Zdrojove_Kody\Konzola\Konzola\ImportniMustky\Extensions\DataSet_Import.cs(110,34): warning CS0168: Promìnná ex je deklarovaná, ale nikdy se nepoužívá. [C:\Users\ratho\OneDrive\Plocha\work_2026\FASK_2026\0x_Zdrojove_Kody\Konzola\Konzola\Konzola.csproj]
C:\Users\ratho\OneDrive\Plocha\work_2026\FASK_2026\0x_Zdrojove_Kody\Konzola\Konzola\ImportniMustky\Extensions\DataSet_Import.cs(141,38): warning CS0168: Promìnná ex je deklarovaná, ale nikdy se nepoužívá. [C:\Users\ratho\OneDrive\Plocha\work_2026\FASK_2026\0x_Zdrojove_Kody\Konzola\Konzola\Konzola.csproj]
C:\Users\ratho\OneDrive\Plocha\work_2026\FASK_2026\0x_Zdrojove_Kody\Konzola\Konzola\Ciselniky\FormStrediskaList.cs(1621,46): warning CS0168: Promìnná ex je deklarovaná, ale nikdy se nepoužívá. [C:\Users\ratho\OneDrive\Plocha\work_2026\FASK_2026\0x_Zdrojove_Kody\Konzola\Konzola\Konzola.csproj]
C:\Users\ratho\OneDrive\Plocha\work_2026\FASK_2026\0x_Zdrojove_Kody\Konzola\Konzola\Ciselniky\FormStrediskaList.cs(1908,50): warning CS0168: Promìnná ex je deklarovaná, ale nikdy se nepoužívá. [C:\Users\ratho\OneDrive\Plocha\work_2026\FASK_2026\0x_Zdrojove_Kody\Konzola\Konzola\Konzola.csproj]
C:\Users\ratho\OneDrive\Plocha\work_2026\FASK_2026\0x_Zdrojove_Kody\Konzola\Konzola\Ciselniky\FormStrediskaList.cs(2023,46): warning CS0168: Promìnná ex je deklarovaná, ale nikdy se nepoužívá. [C:\Users\ratho\OneDrive\Plocha\work_2026\FASK_2026\0x_Zdrojove_Kody\Konzola\Konzola\Konzola.csproj]
C:\Users\ratho\OneDrive\Plocha\work_2026\FASK_2026\0x_Zdrojove_Kody\Konzola\Konzola\Forms\Spolecne\FormVyrabenePolozky.cs(890,24): warning CS0618: FormProductionEdit je zastaralá: Stara funkcionalita, nove se pouziva 'FormProductionEdit2', kde je mozno editovat vice dat. [C:\Users\ratho\OneDrive\Plocha\work_2026\FASK_2026\0x_Zdrojove_Kody\Konzola\Konzola\Konzola.csproj]
C:\Users\ratho\OneDrive\Plocha\work_2026\FASK_2026\0x_Zdrojove_Kody\Konzola\Konzola\Forms\Spolecne\FormVyrabenePolozky.cs(890,57): warning CS0618: FormProductionEdit je zastaralá: Stara funkcionalita, nove se pouziva 'FormProductionEdit2', kde je mozno editovat vice dat. [C:\Users\ratho\OneDrive\Plocha\work_2026\FASK_2026\0x_Zdrojove_Kody\Konzola\Konzola\Konzola.csproj]
C:\Users\ratho\OneDrive\Plocha\work_2026\FASK_2026\0x_Zdrojove_Kody\Konzola\Konzola\Ciselniky\FormLokaceMapaList.cs(1762,50): warning CS0168: Promìnná ex je deklarovaná, ale nikdy se nepoužívá. [C:\Users\ratho\OneDrive\Plocha\work_2026\FASK_2026\0x_Zdrojove_Kody\Konzola\Konzola\Konzola.csproj]
C:\Users\ratho\OneDrive\Plocha\work_2026\FASK_2026\0x_Zdrojove_Kody\Konzola\Konzola\Ciselniky\FormLokaceMapaList.cs(1995,46): warning CS0168: Promìnná ex je deklarovaná, ale nikdy se nepoužívá. [C:\Users\ratho\OneDrive\Plocha\work_2026\FASK_2026\0x_Zdrojove_Kody\Konzola\Konzola\Konzola.csproj]
C:\Users\ratho\OneDrive\Plocha\work_2026\FASK_2026\0x_Zdrojove_Kody\Konzola\Konzola\Inventura\FormInventuraPredlohaList.cs(1323,50): warning CS0168: Promìnná ex je deklarovaná, ale nikdy se nepoužívá. [C:\Users\ratho\OneDrive\Plocha\work_2026\FASK_2026\0x_Zdrojove_Kody\Konzola\Konzola\Konzola.csproj]
C:\Users\ratho\OneDrive\Plocha\work_2026\FASK_2026\0x_Zdrojove_Kody\Konzola\Konzola\Ciselniky\FormLokaceMapaList.cs(2248,50): warning CS0168: Promìnná ex je deklarovaná, ale nikdy se nepoužívá. [C:\Users\ratho\OneDrive\Plocha\work_2026\FASK_2026\0x_Zdrojove_Kody\Konzola\Konzola\Konzola.csproj]
C:\Users\ratho\OneDrive\Plocha\work_2026\FASK_2026\0x_Zdrojove_Kody\Konzola\Konzola\Ciselniky\FormOdberateleList.cs(1441,50): warning CS0168: Promìnná ex je deklarovaná, ale nikdy se nepoužívá. [C:\Users\ratho\OneDrive\Plocha\work_2026\FASK_2026\0x_Zdrojove_Kody\Konzola\Konzola\Konzola.csproj]
C:\Users\ratho\OneDrive\Plocha\work_2026\FASK_2026\0x_Zdrojove_Kody\Konzola\Konzola\Ciselniky\FormOdberateleList.cs(1673,46): warning CS0168: Promìnná ex je deklarovaná, ale nikdy se nepoužívá. [C:\Users\ratho\OneDrive\Plocha\work_2026\FASK_2026\0x_Zdrojove_Kody\Konzola\Konzola\Konzola.csproj]
C:\Users\ratho\OneDrive\Plocha\work_2026\FASK_2026\0x_Zdrojove_Kody\Konzola\Konzola\Ciselniky\FormLokaceMapaList.cs(2363,46): warning CS0168: Promìnná ex je deklarovaná, ale nikdy se nepoužívá. [C:\Users\ratho\OneDrive\Plocha\work_2026\FASK_2026\0x_Zdrojove_Kody\Konzola\Konzola\Konzola.csproj]
C:\Users\ratho\OneDrive\Plocha\work_2026\FASK_2026\0x_Zdrojove_Kody\Konzola\Konzola\Forms\Spolecne\FormVyrabenePolozky.cs(1371,26): warning CS0168: Promìnná dtStop je deklarovaná, ale nikdy se nepoužívá. [C:\Users\ratho\OneDrive\Plocha\work_2026\FASK_2026\0x_Zdrojove_Kody\Konzola\Konzola\Konzola.csproj]
C:\Users\ratho\OneDrive\Plocha\work_2026\FASK_2026\0x_Zdrojove_Kody\Konzola\Konzola\Forms\Spolecne\FormVyrabenePolozky.cs(1372,25): warning CS0168: Promìnná dMnozstvi je deklarovaná, ale nikdy se nepoužívá. [C:\Users\ratho\OneDrive\Plocha\work_2026\FASK_2026\0x_Zdrojove_Kody\Konzola\Konzola\Konzola.csproj]
C:\Users\ratho\OneDrive\Plocha\work_2026\FASK_2026\0x_Zdrojove_Kody\Konzola\Konzola\Ciselniky\FormOdberateleList.cs(1963,50): warning CS0168: Promìnná ex je deklarovaná, ale nikdy se nepoužívá. [C:\Users\ratho\OneDrive\Plocha\work_2026\FASK_2026\0x_Zdrojove_Kody\Konzola\Konzola\Konzola.csproj]
C:\Users\ratho\OneDrive\Plocha\work_2026\FASK_2026\0x_Zdrojove_Kody\Konzola\Konzola\Ciselniky\FormOdberateleList.cs(2078,46): warning CS0168: Promìnná ex je deklarovaná, ale nikdy se nepoužívá. [C:\Users\ratho\OneDrive\Plocha\work_2026\FASK_2026\0x_Zdrojove_Kody\Konzola\Konzola\Konzola.csproj]
C:\Users\ratho\OneDrive\Plocha\work_2026\FASK_2026\0x_Zdrojove_Kody\Konzola\Konzola\Inventura\FormInventuraPredlohaList.cs(1556,46): warning CS0168: Promìnná ex je deklarovaná, ale nikdy se nepoužívá. [C:\Users\ratho\OneDrive\Plocha\work_2026\FASK_2026\0x_Zdrojove_Kody\Konzola\Konzola\Konzola.csproj]
C:\Users\ratho\OneDrive\Plocha\work_2026\FASK_2026\0x_Zdrojove_Kody\Konzola\Konzola\Ciselniky\FormLokace.cs(1775,50): warning CS0168: Promìnná ex je deklarovaná, ale nikdy se nepoužívá. [C:\Users\ratho\OneDrive\Plocha\work_2026\FASK_2026\0x_Zdrojove_Kody\Konzola\Konzola\Konzola.csproj]
C:\Users\ratho\OneDrive\Plocha\work_2026\FASK_2026\0x_Zdrojove_Kody\Konzola\Konzola\Ciselniky\FormLokace.cs(2008,46): warning CS0168: Promìnná ex je deklarovaná, ale nikdy se nepoužívá. [C:\Users\ratho\OneDrive\Plocha\work_2026\FASK_2026\0x_Zdrojove_Kody\Konzola\Konzola\Konzola.csproj]
C:\Users\ratho\OneDrive\Plocha\work_2026\FASK_2026\0x_Zdrojove_Kody\Konzola\Konzola\Inventura\FormInventura_Porovnani.cs(1425,50): warning CS0168: Promìnná ex je deklarovaná, ale nikdy se nepoužívá. [C:\Users\ratho\OneDrive\Plocha\work_2026\FASK_2026\0x_Zdrojove_Kody\Konzola\Konzola\Konzola.csproj]
C:\Users\ratho\OneDrive\Plocha\work_2026\FASK_2026\0x_Zdrojove_Kody\Konzola\Konzola\Inventura\FormInventuraPredlohaList.cs(1808,50): warning CS0168: Promìnná ex je deklarovaná, ale nikdy se nepoužívá. [C:\Users\ratho\OneDrive\Plocha\work_2026\FASK_2026\0x_Zdrojove_Kody\Konzola\Konzola\Konzola.csproj]
C:\Users\ratho\OneDrive\Plocha\work_2026\FASK_2026\0x_Zdrojove_Kody\Konzola\Konzola\Ciselniky\FormPracovniciList.cs(278,13): warning CS1717: Pøiøazení probìhlo u stejné promìnné. Mìli jste v úmyslu jiné pøiøazení? [C:\Users\ratho\OneDrive\Plocha\work_2026\FASK_2026\0x_Zdrojove_Kody\Konzola\Konzola\Konzola.csproj]
C:\Users\ratho\OneDrive\Plocha\work_2026\FASK_2026\0x_Zdrojove_Kody\Konzola\Konzola\Ciselniky\FormLokace.cs(2297,50): warning CS0168: Promìnná ex je deklarovaná, ale nikdy se nepoužívá. [C:\Users\ratho\OneDrive\Plocha\work_2026\FASK_2026\0x_Zdrojove_Kody\Konzola\Konzola\Konzola.csproj]
C:\Users\ratho\OneDrive\Plocha\work_2026\FASK_2026\0x_Zdrojove_Kody\Konzola\Konzola\Inventura\FormInventuraPredlohaList.cs(1923,46): warning CS0168: Promìnná ex je deklarovaná, ale nikdy se nepoužívá. [C:\Users\ratho\OneDrive\Plocha\work_2026\FASK_2026\0x_Zdrojove_Kody\Konzola\Konzola\Konzola.csproj]
C:\Users\ratho\OneDrive\Plocha\work_2026\FASK_2026\0x_Zdrojove_Kody\Konzola\Konzola\Planovani\Kapacitni_Planovani\FormMaterial.cs(1041,46): warning CS0168: Promìnná ex je deklarovaná, ale nikdy se nepoužívá. [C:\Users\ratho\OneDrive\Plocha\work_2026\FASK_2026\0x_Zdrojove_Kody\Konzola\Konzola\Konzola.csproj]
C:\Users\ratho\OneDrive\Plocha\work_2026\FASK_2026\0x_Zdrojove_Kody\Konzola\Konzola\Ciselniky\FormLokace.cs(2412,46): warning CS0168: Promìnná ex je deklarovaná, ale nikdy se nepoužívá. [C:\Users\ratho\OneDrive\Plocha\work_2026\FASK_2026\0x_Zdrojove_Kody\Konzola\Konzola\Konzola.csproj]
C:\Users\ratho\OneDrive\Plocha\work_2026\FASK_2026\0x_Zdrojove_Kody\Konzola\Konzola\Prijem\FormPrijemNasnimaneList.cs(1423,50): warning CS0168: Promìnná ex je deklarovaná, ale nikdy se nepoužívá. [C:\Users\ratho\OneDrive\Plocha\work_2026\FASK_2026\0x_Zdrojove_Kody\Konzola\Konzola\Konzola.csproj]
C:\Users\ratho\OneDrive\Plocha\work_2026\FASK_2026\0x_Zdrojove_Kody\Konzola\Konzola\Prijem\FormDavkyPrijmuList.cs(1187,50): warning CS0168: Promìnná ex je deklarovaná, ale nikdy se nepoužívá. [C:\Users\ratho\OneDrive\Plocha\work_2026\FASK_2026\0x_Zdrojove_Kody\Konzola\Konzola\Konzola.csproj]
C:\Users\ratho\OneDrive\Plocha\work_2026\FASK_2026\0x_Zdrojove_Kody\Konzola\Konzola\Forms\Spolecne\FormVyrabenePolozky.cs(2445,33): warning CS0219: Promìnná pocetArchZaznamu má pøiøazenou hodnotu, ale nikdy se nepoužívá. [C:\Users\ratho\OneDrive\Plocha\work_2026\FASK_2026\0x_Zdrojove_Kody\Konzola\Konzola\Konzola.csproj]
C:\Users\ratho\OneDrive\Plocha\work_2026\FASK_2026\0x_Zdrojove_Kody\Konzola\Konzola\Planovani\Kapacitni_Planovani\FormMaterial.cs(1357,50): warning CS0168: Promìnná ex je deklarovaná, ale nikdy se nepoužívá. [C:\Users\ratho\OneDrive\Plocha\work_2026\FASK_2026\0x_Zdrojove_Kody\Konzola\Konzola\Konzola.csproj]
C:\Users\ratho\OneDrive\Plocha\work_2026\FASK_2026\0x_Zdrojove_Kody\Konzola\Konzola\Prijem\FormPrijemNasnimaneList.cs(1659,46): warning CS0168: Promìnná ex je deklarovaná, ale nikdy se nepoužívá. [C:\Users\ratho\OneDrive\Plocha\work_2026\FASK_2026\0x_Zdrojove_Kody\Konzola\Konzola\Konzola.csproj]
C:\Users\ratho\OneDrive\Plocha\work_2026\FASK_2026\0x_Zdrojove_Kody\Konzola\Konzola\Forms\Spolecne\FormVyrabenePolozky.cs(2576,46): warning CS0168: Promìnná ex je deklarovaná, ale nikdy se nepoužívá. [C:\Users\ratho\OneDrive\Plocha\work_2026\FASK_2026\0x_Zdrojove_Kody\Konzola\Konzola\Konzola.csproj]
C:\Users\ratho\OneDrive\Plocha\work_2026\FASK_2026\0x_Zdrojove_Kody\Konzola\Konzola\Inventura\FormInv_PredlohaList.cs(2025,50): warning CS0168: Promìnná ex je deklarovaná, ale nikdy se nepoužívá. [C:\Users\ratho\OneDrive\Plocha\work_2026\FASK_2026\0x_Zdrojove_Kody\Konzola\Konzola\Konzola.csproj]
C:\Users\ratho\OneDrive\Plocha\work_2026\FASK_2026\0x_Zdrojove_Kody\Konzola\Konzola\Prijem\FormPrijemNasnimaneList.cs(1911,50): warning CS0168: Promìnná ex je deklarovaná, ale nikdy se nepoužívá. [C:\Users\ratho\OneDrive\Plocha\work_2026\FASK_2026\0x_Zdrojove_Kody\Konzola\Konzola\Konzola.csproj]
C:\Users\ratho\OneDrive\Plocha\work_2026\FASK_2026\0x_Zdrojove_Kody\Konzola\Konzola\Prijem\FormPrijemNasnimaneList.cs(2026,46): warning CS0168: Promìnná ex je deklarovaná, ale nikdy se nepoužívá. [C:\Users\ratho\OneDrive\Plocha\work_2026\FASK_2026\0x_Zdrojove_Kody\Konzola\Konzola\Konzola.csproj]
C:\Users\ratho\OneDrive\Plocha\work_2026\FASK_2026\0x_Zdrojove_Kody\Konzola\Konzola\Planovani\Kapacitni_Planovani\FormMaterial.cs(1472,46): warning CS0168: Promìnná ex je deklarovaná, ale nikdy se nepoužívá. [C:\Users\ratho\OneDrive\Plocha\work_2026\FASK_2026\0x_Zdrojove_Kody\Konzola\Konzola\Konzola.csproj]
C:\Users\ratho\OneDrive\Plocha\work_2026\FASK_2026\0x_Zdrojove_Kody\Konzola\Konzola\Forms\Spolecne\FormVyrabenePolozky.cs(2830,50): warning CS0168: Promìnná ex je deklarovaná, ale nikdy se nepoužívá. [C:\Users\ratho\OneDrive\Plocha\work_2026\FASK_2026\0x_Zdrojove_Kody\Konzola\Konzola\Konzola.csproj]
C:\Users\ratho\OneDrive\Plocha\work_2026\FASK_2026\0x_Zdrojove_Kody\Konzola\Konzola\Inventura\FormInv_PredlohaList.cs(2241,46): warning CS0168: Promìnná ex je deklarovaná, ale nikdy se nepoužívá. [C:\Users\ratho\OneDrive\Plocha\work_2026\FASK_2026\0x_Zdrojove_Kody\Konzola\Konzola\Konzola.csproj]
C:\Users\ratho\OneDrive\Plocha\work_2026\FASK_2026\0x_Zdrojove_Kody\Konzola\Konzola\Forms\Spolecne\FormVyrabenePolozky.cs(2950,50): warning CS0168: Promìnná ex je deklarovaná, ale nikdy se nepoužívá. [C:\Users\ratho\OneDrive\Plocha\work_2026\FASK_2026\0x_Zdrojove_Kody\Konzola\Konzola\Konzola.csproj]
C:\Users\ratho\OneDrive\Plocha\work_2026\FASK_2026\0x_Zdrojove_Kody\Konzola\Konzola\Inventura\FormInv_PredlohaList.cs(2655,50): warning CS0168: Promìnná ex je deklarovaná, ale nikdy se nepoužívá. [C:\Users\ratho\OneDrive\Plocha\work_2026\FASK_2026\0x_Zdrojove_Kody\Konzola\Konzola\Konzola.csproj]
C:\Users\ratho\OneDrive\Plocha\work_2026\FASK_2026\0x_Zdrojove_Kody\Konzola\Konzola\Ciselniky\FormPracovniciList.cs(1487,46): warning CS0168: Promìnná ex je deklarovaná, ale nikdy se nepoužívá. [C:\Users\ratho\OneDrive\Plocha\work_2026\FASK_2026\0x_Zdrojove_Kody\Konzola\Konzola\Konzola.csproj]
C:\Users\ratho\OneDrive\Plocha\work_2026\FASK_2026\0x_Zdrojove_Kody\Konzola\Konzola\Inventura\FormInv_PredlohaList.cs(2775,46): warning CS0168: Promìnná ex je deklarovaná, ale nikdy se nepoužívá. [C:\Users\ratho\OneDrive\Plocha\work_2026\FASK_2026\0x_Zdrojove_Kody\Konzola\Konzola\Konzola.csproj]
C:\Users\ratho\OneDrive\Plocha\work_2026\FASK_2026\0x_Zdrojove_Kody\Konzola\Konzola\Ciselniky\FormPracovniciList.cs(1782,50): warning CS0168: Promìnná ex je deklarovaná, ale nikdy se nepoužívá. [C:\Users\ratho\OneDrive\Plocha\work_2026\FASK_2026\0x_Zdrojove_Kody\Konzola\Konzola\Konzola.csproj]
C:\Users\ratho\OneDrive\Plocha\work_2026\FASK_2026\0x_Zdrojove_Kody\Konzola\Konzola\Ciselniky\FormPracovniciList.cs(1897,46): warning CS0168: Promìnná ex je deklarovaná, ale nikdy se nepoužívá. [C:\Users\ratho\OneDrive\Plocha\work_2026\FASK_2026\0x_Zdrojove_Kody\Konzola\Konzola\Konzola.csproj]
C:\Users\ratho\OneDrive\Plocha\work_2026\FASK_2026\0x_Zdrojove_Kody\Konzola\Konzola\Ciselniky\FormPracovniciList.cs(2449,22): warning CS0219: Promìnná coSeStalo má pøiøazenou hodnotu, ale nikdy se nepoužívá. [C:\Users\ratho\OneDrive\Plocha\work_2026\FASK_2026\0x_Zdrojove_Kody\Konzola\Konzola\Konzola.csproj]
C:\Users\ratho\OneDrive\Plocha\work_2026\FASK_2026\0x_Zdrojove_Kody\Konzola\Konzola\Ciselniky\FormPracovniciList.cs(2357,18): warning CS0219: Promìnná uspech má pøiøazenou hodnotu, ale nikdy se nepoužívá. [C:\Users\ratho\OneDrive\Plocha\work_2026\FASK_2026\0x_Zdrojove_Kody\Konzola\Konzola\Konzola.csproj]
C:\Users\ratho\OneDrive\Plocha\work_2026\FASK_2026\0x_Zdrojove_Kody\Konzola\Konzola\Sklady\FormTransakceSPredlohou.cs(1457,50): warning CS0168: Promìnná ex je deklarovaná, ale nikdy se nepoužívá. [C:\Users\ratho\OneDrive\Plocha\work_2026\FASK_2026\0x_Zdrojove_Kody\Konzola\Konzola\Konzola.csproj]
C:\Users\ratho\OneDrive\Plocha\work_2026\FASK_2026\0x_Zdrojove_Kody\Konzola\Konzola\Sklady\FormTransakceSPredlohou.cs(1476,34): warning CS0168: Promìnná ex je deklarovaná, ale nikdy se nepoužívá. [C:\Users\ratho\OneDrive\Plocha\work_2026\FASK_2026\0x_Zdrojove_Kody\Konzola\Konzola\Konzola.csproj]
C:\Users\ratho\OneDrive\Plocha\work_2026\FASK_2026\0x_Zdrojove_Kody\Konzola\Konzola\Ciselniky\FormLokaceTypyList.cs(1273,50): warning CS0168: Promìnná ex je deklarovaná, ale nikdy se nepoužívá. [C:\Users\ratho\OneDrive\Plocha\work_2026\FASK_2026\0x_Zdrojove_Kody\Konzola\Konzola\Konzola.csproj]
C:\Users\ratho\OneDrive\Plocha\work_2026\FASK_2026\0x_Zdrojove_Kody\Konzola\Konzola\SkladLokace\FormSkladLokaceStavList.cs(1561,50): warning CS0168: Promìnná ex je deklarovaná, ale nikdy se nepoužívá. [C:\Users\ratho\OneDrive\Plocha\work_2026\FASK_2026\0x_Zdrojove_Kody\Konzola\Konzola\Konzola.csproj]
C:\Users\ratho\OneDrive\Plocha\work_2026\FASK_2026\0x_Zdrojove_Kody\Konzola\Konzola\Sklady\FormSkladStavLokaceList.cs(2063,50): warning CS0168: Promìnná ex je deklarovaná, ale nikdy se nepoužívá. [C:\Users\ratho\OneDrive\Plocha\work_2026\FASK_2026\0x_Zdrojove_Kody\Konzola\Konzola\Konzola.csproj]
C:\Users\ratho\OneDrive\Plocha\work_2026\FASK_2026\0x_Zdrojove_Kody\Konzola\Konzola\Ciselniky\FormLokaceTypyList.cs(1506,46): warning CS0168: Promìnná ex je deklarovaná, ale nikdy se nepoužívá. [C:\Users\ratho\OneDrive\Plocha\work_2026\FASK_2026\0x_Zdrojove_Kody\Konzola\Konzola\Konzola.csproj]
C:\Users\ratho\OneDrive\Plocha\work_2026\FASK_2026\0x_Zdrojove_Kody\Konzola\Konzola\Vyroba\Ciselnik\Form_Stroje.cs(1618,46): warning CS0168: Promìnná ex je deklarovaná, ale nikdy se nepoužívá. [C:\Users\ratho\OneDrive\Plocha\work_2026\FASK_2026\0x_Zdrojove_Kody\Konzola\Konzola\Konzola.csproj]
C:\Users\ratho\OneDrive\Plocha\work_2026\FASK_2026\0x_Zdrojove_Kody\Konzola\Konzola\Sklady\FormSkladStavLokaceList.cs(2298,46): warning CS0168: Promìnná ex je deklarovaná, ale nikdy se nepoužívá. [C:\Users\ratho\OneDrive\Plocha\work_2026\FASK_2026\0x_Zdrojove_Kody\Konzola\Konzola\Konzola.csproj]
C:\Users\ratho\OneDrive\Plocha\work_2026\FASK_2026\0x_Zdrojove_Kody\Konzola\Konzola\Vyroba\Transakce\FormVyrobniPrikazList.cs(860,50): warning CS0168: Promìnná ex je deklarovaná, ale nikdy se nepoužívá. [C:\Users\ratho\OneDrive\Plocha\work_2026\FASK_2026\0x_Zdrojove_Kody\Konzola\Konzola\Konzola.csproj]
C:\Users\ratho\OneDrive\Plocha\work_2026\FASK_2026\0x_Zdrojove_Kody\Konzola\Konzola\Ciselniky\FormSkladyList.cs(1649,50): warning CS0168: Promìnná ex je deklarovaná, ale nikdy se nepoužívá. [C:\Users\ratho\OneDrive\Plocha\work_2026\FASK_2026\0x_Zdrojove_Kody\Konzola\Konzola\Konzola.csproj]
C:\Users\ratho\OneDrive\Plocha\work_2026\FASK_2026\0x_Zdrojove_Kody\Konzola\Konzola\Ciselniky\FormSkladyList.cs(1882,46): warning CS0168: Promìnná ex je deklarovaná, ale nikdy se nepoužívá. [C:\Users\ratho\OneDrive\Plocha\work_2026\FASK_2026\0x_Zdrojove_Kody\Konzola\Konzola\Konzola.csproj]
C:\Users\ratho\OneDrive\Plocha\work_2026\FASK_2026\0x_Zdrojove_Kody\Konzola\Konzola\Sklady\FormTransakceSPredlohou.cs(2252,46): warning CS0168: Promìnná ex je deklarovaná, ale nikdy se nepoužívá. [C:\Users\ratho\OneDrive\Plocha\work_2026\FASK_2026\0x_Zdrojove_Kody\Konzola\Konzola\Konzola.csproj]
C:\Users\ratho\OneDrive\Plocha\work_2026\FASK_2026\0x_Zdrojove_Kody\Konzola\Konzola\Vyroba\Ciselnik\Form_Stroje.cs(1843,46): warning CS0168: Promìnná ex je deklarovaná, ale nikdy se nepoužívá. [C:\Users\ratho\OneDrive\Plocha\work_2026\FASK_2026\0x_Zdrojove_Kody\Konzola\Konzola\Konzola.csproj]
C:\Users\ratho\OneDrive\Plocha\work_2026\FASK_2026\0x_Zdrojove_Kody\Konzola\Konzola\Sklady\FormSkladStavLokaceList.cs(2550,50): warning CS0168: Promìnná ex je deklarovaná, ale nikdy se nepoužívá. [C:\Users\ratho\OneDrive\Plocha\work_2026\FASK_2026\0x_Zdrojove_Kody\Konzola\Konzola\Konzola.csproj]
C:\Users\ratho\OneDrive\Plocha\work_2026\FASK_2026\0x_Zdrojove_Kody\Konzola\Konzola\Sklady\FormSkladPohybList.cs(1388,50): warning CS0168: Promìnná ex je deklarovaná, ale nikdy se nepoužívá. [C:\Users\ratho\OneDrive\Plocha\work_2026\FASK_2026\0x_Zdrojove_Kody\Konzola\Konzola\Konzola.csproj]
C:\Users\ratho\OneDrive\Plocha\work_2026\FASK_2026\0x_Zdrojove_Kody\Konzola\Konzola\Sklady\FormTransakceSPredlohou.cs(2504,50): warning CS0168: Promìnná ex je deklarovaná, ale nikdy se nepoužívá. [C:\Users\ratho\OneDrive\Plocha\work_2026\FASK_2026\0x_Zdrojove_Kody\Konzola\Konzola\Konzola.csproj]
C:\Users\ratho\OneDrive\Plocha\work_2026\FASK_2026\0x_Zdrojove_Kody\Konzola\Konzola\Ciselniky\FormLokaceTypyList.cs(1758,50): warning CS0168: Promìnná ex je deklarovaná, ale nikdy se nepoužívá. [C:\Users\ratho\OneDrive\Plocha\work_2026\FASK_2026\0x_Zdrojove_Kody\Konzola\Konzola\Konzola.csproj]
C:\Users\ratho\OneDrive\Plocha\work_2026\FASK_2026\0x_Zdrojove_Kody\Konzola\Konzola\Ciselniky\FormSkladyList.cs(2172,50): warning CS0168: Promìnná ex je deklarovaná, ale nikdy se nepoužívá. [C:\Users\ratho\OneDrive\Plocha\work_2026\FASK_2026\0x_Zdrojove_Kody\Konzola\Konzola\Konzola.csproj]
C:\Users\ratho\OneDrive\Plocha\work_2026\FASK_2026\0x_Zdrojove_Kody\Konzola\Konzola\VolnyPohyb\FormVolnyPohybNasnimaneList.cs(1796,54): warning CS0168: Promìnná ex je deklarovaná, ale nikdy se nepoužívá. [C:\Users\ratho\OneDrive\Plocha\work_2026\FASK_2026\0x_Zdrojove_Kody\Konzola\Konzola\Konzola.csproj]
C:\Users\ratho\OneDrive\Plocha\work_2026\FASK_2026\0x_Zdrojove_Kody\Konzola\Konzola\Ciselniky\FormLokaceTypyList.cs(1873,46): warning CS0168: Promìnná ex je deklarovaná, ale nikdy se nepoužívá. [C:\Users\ratho\OneDrive\Plocha\work_2026\FASK_2026\0x_Zdrojove_Kody\Konzola\Konzola\Konzola.csproj]
C:\Users\ratho\OneDrive\Plocha\work_2026\FASK_2026\0x_Zdrojove_Kody\Konzola\Konzola\Ciselniky\FormZboziList.cs(982,22): warning CS0219: Promìnná coSeStalo má pøiøazenou hodnotu, ale nikdy se nepoužívá. [C:\Users\ratho\OneDrive\Plocha\work_2026\FASK_2026\0x_Zdrojove_Kody\Konzola\Konzola\Konzola.csproj]
C:\Users\ratho\OneDrive\Plocha\work_2026\FASK_2026\0x_Zdrojove_Kody\Konzola\Konzola\Sklady\FormSkladStavLokaceList.cs(2665,46): warning CS0168: Promìnná ex je deklarovaná, ale nikdy se nepoužívá. [C:\Users\ratho\OneDrive\Plocha\work_2026\FASK_2026\0x_Zdrojove_Kody\Konzola\Konzola\Konzola.csproj]
C:\Users\ratho\OneDrive\Plocha\work_2026\FASK_2026\0x_Zdrojove_Kody\Konzola\Konzola\Vyroba\Ciselnik\Form_Moduly.cs(540,71): warning CS0219: Promìnná newMachinesDefinitionrow má pøiøazenou hodnotu, ale nikdy se nepoužívá. [C:\Users\ratho\OneDrive\Plocha\work_2026\FASK_2026\0x_Zdrojove_Kody\Konzola\Konzola\Konzola.csproj]
C:\Users\ratho\OneDrive\Plocha\work_2026\FASK_2026\0x_Zdrojove_Kody\Konzola\Konzola\Sklady\FormTransakceSPredlohou.cs(2619,46): warning CS0168: Promìnná ex je deklarovaná, ale nikdy se nepoužívá. [C:\Users\ratho\OneDrive\Plocha\work_2026\FASK_2026\0x_Zdrojove_Kody\Konzola\Konzola\Konzola.csproj]
C:\Users\ratho\OneDrive\Plocha\work_2026\FASK_2026\0x_Zdrojove_Kody\Konzola\Konzola\Vyroba\Rozbory\Form_MachineStateSetList_RozborOdvoduSSS.cs(1701,46): warning CS0168: Promìnná ex je deklarovaná, ale nikdy se nepoužívá. [C:\Users\ratho\OneDrive\Plocha\work_2026\FASK_2026\0x_Zdrojove_Kody\Konzola\Konzola\Konzola.csproj]
C:\Users\ratho\OneDrive\Plocha\work_2026\FASK_2026\0x_Zdrojove_Kody\Konzola\Konzola\VolnyPohyb\FormVolnyPohybNasnimaneList.cs(2055,46): warning CS0168: Promìnná ex je deklarovaná, ale nikdy se nepoužívá. [C:\Users\ratho\OneDrive\Plocha\work_2026\FASK_2026\0x_Zdrojove_Kody\Konzola\Konzola\Konzola.csproj]
C:\Users\ratho\OneDrive\Plocha\work_2026\FASK_2026\0x_Zdrojove_Kody\Konzola\Konzola\Sklady\FormSkladPohybList.cs(1635,46): warning CS0168: Promìnná ex je deklarovaná, ale nikdy se nepoužívá. [C:\Users\ratho\OneDrive\Plocha\work_2026\FASK_2026\0x_Zdrojove_Kody\Konzola\Konzola\Konzola.csproj]
C:\Users\ratho\OneDrive\Plocha\work_2026\FASK_2026\0x_Zdrojove_Kody\Konzola\Konzola\Vyroba\Ciselnik\Form_Stroje.cs(2132,50): warning CS0168: Promìnná ex je deklarovaná, ale nikdy se nepoužívá. [C:\Users\ratho\OneDrive\Plocha\work_2026\FASK_2026\0x_Zdrojove_Kody\Konzola\Konzola\Konzola.csproj]
C:\Users\ratho\OneDrive\Plocha\work_2026\FASK_2026\0x_Zdrojove_Kody\Konzola\Konzola\Vyroba\Ciselnik\Form_Stroje.cs(2387,46): warning CS0168: Promìnná ex je deklarovaná, ale nikdy se nepoužívá. [C:\Users\ratho\OneDrive\Plocha\work_2026\FASK_2026\0x_Zdrojove_Kody\Konzola\Konzola\Konzola.csproj]
C:\Users\ratho\OneDrive\Plocha\work_2026\FASK_2026\0x_Zdrojove_Kody\Konzola\Konzola\Vyroba\Rozbory\Form_MachineStateSetList_RozborOdvoduSSS.cs(1926,46): warning CS0168: Promìnná ex je deklarovaná, ale nikdy se nepoužívá. [C:\Users\ratho\OneDrive\Plocha\work_2026\FASK_2026\0x_Zdrojove_Kody\Konzola\Konzola\Konzola.csproj]
C:\Users\ratho\OneDrive\Plocha\work_2026\FASK_2026\0x_Zdrojove_Kody\Konzola\Konzola\Vyroba\Rozbory\FormOdvod_EventsList.cs(1850,50): warning CS0168: Promìnná ex je deklarovaná, ale nikdy se nepoužívá. [C:\Users\ratho\OneDrive\Plocha\work_2026\FASK_2026\0x_Zdrojove_Kody\Konzola\Konzola\Konzola.csproj]
C:\Users\ratho\OneDrive\Plocha\work_2026\FASK_2026\0x_Zdrojove_Kody\Konzola\Konzola\Vyroba\Rozbory\FormOdvod_EventsList.cs(2126,46): warning CS0168: Promìnná ex je deklarovaná, ale nikdy se nepoužívá. [C:\Users\ratho\OneDrive\Plocha\work_2026\FASK_2026\0x_Zdrojove_Kody\Konzola\Konzola\Konzola.csproj]
C:\Users\ratho\OneDrive\Plocha\work_2026\FASK_2026\0x_Zdrojove_Kody\Konzola\Konzola\Vyroba\Rozbory\FormOdvod_MachineStateSetList .cs(1669,46): warning CS0168: Promìnná ex je deklarovaná, ale nikdy se nepoužívá. [C:\Users\ratho\OneDrive\Plocha\work_2026\FASK_2026\0x_Zdrojove_Kody\Konzola\Konzola\Konzola.csproj]
C:\Users\ratho\OneDrive\Plocha\work_2026\FASK_2026\0x_Zdrojove_Kody\Konzola\Konzola\Vyroba\Transakce\FormVyrobniPrikazList.cs(1751,18): warning CS0219: Promìnná work má pøiøazenou hodnotu, ale nikdy se nepoužívá. [C:\Users\ratho\OneDrive\Plocha\work_2026\FASK_2026\0x_Zdrojove_Kody\Konzola\Konzola\Konzola.csproj]
C:\Users\ratho\OneDrive\Plocha\work_2026\FASK_2026\0x_Zdrojove_Kody\Konzola\Konzola\Sklady\FormSkladPohybList.cs(1887,50): warning CS0168: Promìnná ex je deklarovaná, ale nikdy se nepoužívá. [C:\Users\ratho\OneDrive\Plocha\work_2026\FASK_2026\0x_Zdrojove_Kody\Konzola\Konzola\Konzola.csproj]
C:\Users\ratho\OneDrive\Plocha\work_2026\FASK_2026\0x_Zdrojove_Kody\Konzola\Konzola\VolnyPohyb\FormVolnyPohybNasnimaneList.cs(2302,50): warning CS0168: Promìnná ex je deklarovaná, ale nikdy se nepoužívá. [C:\Users\ratho\OneDrive\Plocha\work_2026\FASK_2026\0x_Zdrojove_Kody\Konzola\Konzola\Konzola.csproj]
C:\Users\ratho\OneDrive\Plocha\work_2026\FASK_2026\0x_Zdrojove_Kody\Konzola\Konzola\Ciselniky\FormSkladyList.cs(2287,46): warning CS0168: Promìnná ex je deklarovaná, ale nikdy se nepoužívá. [C:\Users\ratho\OneDrive\Plocha\work_2026\FASK_2026\0x_Zdrojove_Kody\Konzola\Konzola\Konzola.csproj]
C:\Users\ratho\OneDrive\Plocha\work_2026\FASK_2026\0x_Zdrojove_Kody\Konzola\Konzola\Vyroba\Rozbory\FormOdvod_EventsErrList.cs(1537,46): warning CS0168: Promìnná ex je deklarovaná, ale nikdy se nepoužívá. [C:\Users\ratho\OneDrive\Plocha\work_2026\FASK_2026\0x_Zdrojove_Kody\Konzola\Konzola\Konzola.csproj]
C:\Users\ratho\OneDrive\Plocha\work_2026\FASK_2026\0x_Zdrojove_Kody\Konzola\Konzola\Vyroba\Rozbory\FormOdvod_EventsList.cs(2378,50): warning CS0168: Promìnná ex je deklarovaná, ale nikdy se nepoužívá. [C:\Users\ratho\OneDrive\Plocha\work_2026\FASK_2026\0x_Zdrojove_Kody\Konzola\Konzola\Konzola.csproj]
C:\Users\ratho\OneDrive\Plocha\work_2026\FASK_2026\0x_Zdrojove_Kody\Konzola\Konzola\Vyroba\Rozbory\FormOdvod_MachineStateSetList .cs(1894,46): warning CS0168: Promìnná ex je deklarovaná, ale nikdy se nepoužívá. [C:\Users\ratho\OneDrive\Plocha\work_2026\FASK_2026\0x_Zdrojove_Kody\Konzola\Konzola\Konzola.csproj]
C:\Users\ratho\OneDrive\Plocha\work_2026\FASK_2026\0x_Zdrojove_Kody\Konzola\Konzola\Vyroba\Rozbory\Form_MachineStateSetList_RozborOdvoduSSS.cs(2215,50): warning CS0168: Promìnná ex je deklarovaná, ale nikdy se nepoužívá. [C:\Users\ratho\OneDrive\Plocha\work_2026\FASK_2026\0x_Zdrojove_Kody\Konzola\Konzola\Konzola.csproj]
C:\Users\ratho\OneDrive\Plocha\work_2026\FASK_2026\0x_Zdrojove_Kody\Konzola\Konzola\VolnyPohyb\FormVolnyPohybNasnimaneList.cs(2417,46): warning CS0168: Promìnná ex je deklarovaná, ale nikdy se nepoužívá. [C:\Users\ratho\OneDrive\Plocha\work_2026\FASK_2026\0x_Zdrojove_Kody\Konzola\Konzola\Konzola.csproj]
C:\Users\ratho\OneDrive\Plocha\work_2026\FASK_2026\0x_Zdrojove_Kody\Konzola\Konzola\Vyroba\Rozbory\FormOdvod_EventsList.cs(2493,46): warning CS0168: Promìnná ex je deklarovaná, ale nikdy se nepoužívá. [C:\Users\ratho\OneDrive\Plocha\work_2026\FASK_2026\0x_Zdrojove_Kody\Konzola\Konzola\Konzola.csproj]
C:\Users\ratho\OneDrive\Plocha\work_2026\FASK_2026\0x_Zdrojove_Kody\Konzola\Konzola\Ciselniky\FormLokaceVariantySortimentList.cs(1324,50): warning CS0168: Promìnná ex je deklarovaná, ale nikdy se nepoužívá. [C:\Users\ratho\OneDrive\Plocha\work_2026\FASK_2026\0x_Zdrojove_Kody\Konzola\Konzola\Konzola.csproj]
C:\Users\ratho\OneDrive\Plocha\work_2026\FASK_2026\0x_Zdrojove_Kody\Konzola\Konzola\Ciselniky\FormLokaceVariantySortimentList.cs(1556,46): warning CS0168: Promìnná ex je deklarovaná, ale nikdy se nepoužívá. [C:\Users\ratho\OneDrive\Plocha\work_2026\FASK_2026\0x_Zdrojove_Kody\Konzola\Konzola\Konzola.csproj]
C:\Users\ratho\OneDrive\Plocha\work_2026\FASK_2026\0x_Zdrojove_Kody\Konzola\Konzola\Vyroba\Rozbory\FormOdvod_EventsErrList.cs(1869,50): warning CS0168: Promìnná ex je deklarovaná, ale nikdy se nepoužívá. [C:\Users\ratho\OneDrive\Plocha\work_2026\FASK_2026\0x_Zdrojove_Kody\Konzola\Konzola\Konzola.csproj]
C:\Users\ratho\OneDrive\Plocha\work_2026\FASK_2026\0x_Zdrojove_Kody\Konzola\Konzola\Vydej\FormVydejNasnimaneList.cs(1494,13): warning CS0162: Byl zjištìn nedosažitelný kód. [C:\Users\ratho\OneDrive\Plocha\work_2026\FASK_2026\0x_Zdrojove_Kody\Konzola\Konzola\Konzola.csproj]
C:\Users\ratho\OneDrive\Plocha\work_2026\FASK_2026\0x_Zdrojove_Kody\Konzola\Konzola\Sklady\FormSkladPohybList.cs(2002,46): warning CS0168: Promìnná ex je deklarovaná, ale nikdy se nepoužívá. [C:\Users\ratho\OneDrive\Plocha\work_2026\FASK_2026\0x_Zdrojove_Kody\Konzola\Konzola\Konzola.csproj]
C:\Users\ratho\OneDrive\Plocha\work_2026\FASK_2026\0x_Zdrojove_Kody\Konzola\Konzola\Vyroba\Rozbory\FormOdvod_EventsErrList.cs(1984,46): warning CS0168: Promìnná ex je deklarovaná, ale nikdy se nepoužívá. [C:\Users\ratho\OneDrive\Plocha\work_2026\FASK_2026\0x_Zdrojove_Kody\Konzola\Konzola\Konzola.csproj]
C:\Users\ratho\OneDrive\Plocha\work_2026\FASK_2026\0x_Zdrojove_Kody\Konzola\Konzola\Vyroba\Rozbory\FormOdvod_MachineStateSetList .cs(2146,50): warning CS0168: Promìnná ex je deklarovaná, ale nikdy se nepoužívá. [C:\Users\ratho\OneDrive\Plocha\work_2026\FASK_2026\0x_Zdrojove_Kody\Konzola\Konzola\Konzola.csproj]
C:\Users\ratho\OneDrive\Plocha\work_2026\FASK_2026\0x_Zdrojove_Kody\Konzola\Konzola\Vyroba\Rozbory\FormOdvod_MachineStateSetList .cs(2261,46): warning CS0168: Promìnná ex je deklarovaná, ale nikdy se nepoužívá. [C:\Users\ratho\OneDrive\Plocha\work_2026\FASK_2026\0x_Zdrojove_Kody\Konzola\Konzola\Konzola.csproj]
C:\Users\ratho\OneDrive\Plocha\work_2026\FASK_2026\0x_Zdrojove_Kody\Konzola\Konzola\Vyroba\Rozbory\FormProduction_SN_List.cs(1069,46): warning CS0168: Promìnná ex je deklarovaná, ale nikdy se nepoužívá. [C:\Users\ratho\OneDrive\Plocha\work_2026\FASK_2026\0x_Zdrojove_Kody\Konzola\Konzola\Konzola.csproj]
C:\Users\ratho\OneDrive\Plocha\work_2026\FASK_2026\0x_Zdrojove_Kody\Konzola\Konzola\Vyroba\Rozbory\FormProductionSourcesEdit2.cs(816,30): warning CS0168: Promìnná ex je deklarovaná, ale nikdy se nepoužívá. [C:\Users\ratho\OneDrive\Plocha\work_2026\FASK_2026\0x_Zdrojove_Kody\Konzola\Konzola\Konzola.csproj]
C:\Users\ratho\OneDrive\Plocha\work_2026\FASK_2026\0x_Zdrojove_Kody\Konzola\Konzola\Vydej\FormVydejNasnimaneList.cs(1639,46): warning CS0168: Promìnná ex je deklarovaná, ale nikdy se nepoužívá. [C:\Users\ratho\OneDrive\Plocha\work_2026\FASK_2026\0x_Zdrojove_Kody\Konzola\Konzola\Konzola.csproj]
C:\Users\ratho\OneDrive\Plocha\work_2026\FASK_2026\0x_Zdrojove_Kody\Konzola\Konzola\Vyroba\Rozbory\Form_MachineStateSetList_RozborOdvoduSSS.cs(2470,46): warning CS0168: Promìnná ex je deklarovaná, ale nikdy se nepoužívá. [C:\Users\ratho\OneDrive\Plocha\work_2026\FASK_2026\0x_Zdrojove_Kody\Konzola\Konzola\Konzola.csproj]
C:\Users\ratho\OneDrive\Plocha\work_2026\FASK_2026\0x_Zdrojove_Kody\Konzola\Konzola\Ciselniky\FormLokaceVariantySortimentList.cs(1808,50): warning CS0168: Promìnná ex je deklarovaná, ale nikdy se nepoužívá. [C:\Users\ratho\OneDrive\Plocha\work_2026\FASK_2026\0x_Zdrojove_Kody\Konzola\Konzola\Konzola.csproj]
C:\Users\ratho\OneDrive\Plocha\work_2026\FASK_2026\0x_Zdrojove_Kody\Konzola\Konzola\Vydej\FormVydejNasnimaneList.cs(1891,50): warning CS0168: Promìnná ex je deklarovaná, ale nikdy se nepoužívá. [C:\Users\ratho\OneDrive\Plocha\work_2026\FASK_2026\0x_Zdrojove_Kody\Konzola\Konzola\Konzola.csproj]
C:\Users\ratho\OneDrive\Plocha\work_2026\FASK_2026\0x_Zdrojove_Kody\Konzola\Konzola\Vydej\FormVydejNasnimaneList.cs(2006,46): warning CS0168: Promìnná ex je deklarovaná, ale nikdy se nepoužívá. [C:\Users\ratho\OneDrive\Plocha\work_2026\FASK_2026\0x_Zdrojove_Kody\Konzola\Konzola\Konzola.csproj]
C:\Users\ratho\OneDrive\Plocha\work_2026\FASK_2026\0x_Zdrojove_Kody\Konzola\Konzola\Vyroba\Rozbory\FormProduction_SN_List.cs(1841,50): warning CS0168: Promìnná ex je deklarovaná, ale nikdy se nepoužívá. [C:\Users\ratho\OneDrive\Plocha\work_2026\FASK_2026\0x_Zdrojove_Kody\Konzola\Konzola\Konzola.csproj]
C:\Users\ratho\OneDrive\Plocha\work_2026\FASK_2026\0x_Zdrojove_Kody\Konzola\Konzola\Planovani\FormPlanovaniVyrobyList.cs(3612,22): warning CS0219: Promìnná coSeStalo má pøiøazenou hodnotu, ale nikdy se nepoužívá. [C:\Users\ratho\OneDrive\Plocha\work_2026\FASK_2026\0x_Zdrojove_Kody\Konzola\Konzola\Konzola.csproj]
C:\Users\ratho\OneDrive\Plocha\work_2026\FASK_2026\0x_Zdrojove_Kody\Konzola\Konzola\Planovani\FormPlanovaniVyrobyList.cs(3520,18): warning CS0219: Promìnná uspech má pøiøazenou hodnotu, ale nikdy se nepoužívá. [C:\Users\ratho\OneDrive\Plocha\work_2026\FASK_2026\0x_Zdrojove_Kody\Konzola\Konzola\Konzola.csproj]
C:\Users\ratho\OneDrive\Plocha\work_2026\FASK_2026\0x_Zdrojove_Kody\Konzola\Konzola\Vyroba\Rozbory\FormProduction_SN_List.cs(1956,46): warning CS0168: Promìnná ex je deklarovaná, ale nikdy se nepoužívá. [C:\Users\ratho\OneDrive\Plocha\work_2026\FASK_2026\0x_Zdrojove_Kody\Konzola\Konzola\Konzola.csproj]
C:\Users\ratho\OneDrive\Plocha\work_2026\FASK_2026\0x_Zdrojove_Kody\Konzola\Konzola\Vyroba\Rozbory\FormProductionList.cs(1100,24): warning CS0618: FormProductionEdit je zastaralá: Stara funkcionalita, nove se pouziva 'FormProductionEdit2', kde je mozno editovat vice dat. [C:\Users\ratho\OneDrive\Plocha\work_2026\FASK_2026\0x_Zdrojove_Kody\Konzola\Konzola\Konzola.csproj]
C:\Users\ratho\OneDrive\Plocha\work_2026\FASK_2026\0x_Zdrojove_Kody\Konzola\Konzola\Vyroba\Rozbory\FormProductionList.cs(1100,57): warning CS0618: FormProductionEdit je zastaralá: Stara funkcionalita, nove se pouziva 'FormProductionEdit2', kde je mozno editovat vice dat. [C:\Users\ratho\OneDrive\Plocha\work_2026\FASK_2026\0x_Zdrojove_Kody\Konzola\Konzola\Konzola.csproj]
C:\Users\ratho\OneDrive\Plocha\work_2026\FASK_2026\0x_Zdrojove_Kody\Konzola\Konzola\Vyroba\Transakce\FormVyrobniPrikazList.cs(4003,46): warning CS0168: Promìnná ex je deklarovaná, ale nikdy se nepoužívá. [C:\Users\ratho\OneDrive\Plocha\work_2026\FASK_2026\0x_Zdrojove_Kody\Konzola\Konzola\Konzola.csproj]
C:\Users\ratho\OneDrive\Plocha\work_2026\FASK_2026\0x_Zdrojove_Kody\Konzola\Konzola\Vyroba\Ciselnik\FormVazbyMaterialy.cs(2195,50): warning CS0168: Promìnná ex je deklarovaná, ale nikdy se nepoužívá. [C:\Users\ratho\OneDrive\Plocha\work_2026\FASK_2026\0x_Zdrojove_Kody\Konzola\Konzola\Konzola.csproj]
C:\Users\ratho\OneDrive\Plocha\work_2026\FASK_2026\0x_Zdrojove_Kody\Konzola\Konzola\Vydej\FormDavkyVydejeList.cs(1533,50): warning CS0168: Promìnná ex je deklarovaná, ale nikdy se nepoužívá. [C:\Users\ratho\OneDrive\Plocha\work_2026\FASK_2026\0x_Zdrojove_Kody\Konzola\Konzola\Konzola.csproj]
C:\Users\ratho\OneDrive\Plocha\work_2026\FASK_2026\0x_Zdrojove_Kody\Konzola\Konzola\Vydej\FormDavkyVydejeList.cs(1552,34): warning CS0168: Promìnná ex je deklarovaná, ale nikdy se nepoužívá. [C:\Users\ratho\OneDrive\Plocha\work_2026\FASK_2026\0x_Zdrojove_Kody\Konzola\Konzola\Konzola.csproj]
C:\Users\ratho\OneDrive\Plocha\work_2026\FASK_2026\0x_Zdrojove_Kody\Konzola\Konzola\Vyroba\Ciselnik\FormVazbyMaterialy.cs(2422,46): warning CS0168: Promìnná ex je deklarovaná, ale nikdy se nepoužívá. [C:\Users\ratho\OneDrive\Plocha\work_2026\FASK_2026\0x_Zdrojove_Kody\Konzola\Konzola\Konzola.csproj]
C:\Users\ratho\OneDrive\Plocha\work_2026\FASK_2026\0x_Zdrojove_Kody\Konzola\Konzola\Ciselniky\FormLokaceVariantySortimentList.cs(1923,46): warning CS0168: Promìnná ex je deklarovaná, ale nikdy se nepoužívá. [C:\Users\ratho\OneDrive\Plocha\work_2026\FASK_2026\0x_Zdrojove_Kody\Konzola\Konzola\Konzola.csproj]
C:\Users\ratho\OneDrive\Plocha\work_2026\FASK_2026\0x_Zdrojove_Kody\Konzola\Konzola\Vyroba\Ciselnik\FormVazbyMaterialy.cs(2776,50): warning CS0168: Promìnná ex je deklarovaná, ale nikdy se nepoužívá. [C:\Users\ratho\OneDrive\Plocha\work_2026\FASK_2026\0x_Zdrojove_Kody\Konzola\Konzola\Konzola.csproj]
C:\Users\ratho\OneDrive\Plocha\work_2026\FASK_2026\0x_Zdrojove_Kody\Konzola\Konzola\Vyroba\Ciselnik\FormVazbyMaterialy.cs(2898,46): warning CS0168: Promìnná ex je deklarovaná, ale nikdy se nepoužívá. [C:\Users\ratho\OneDrive\Plocha\work_2026\FASK_2026\0x_Zdrojove_Kody\Konzola\Konzola\Konzola.csproj]
C:\Users\ratho\OneDrive\Plocha\work_2026\FASK_2026\0x_Zdrojove_Kody\Konzola\Konzola\Vyroba\Ciselnik\FormVazbyMaterialy.cs(3353,18): warning CS0219: Promìnná uspech má pøiøazenou hodnotu, ale nikdy se nepoužívá. [C:\Users\ratho\OneDrive\Plocha\work_2026\FASK_2026\0x_Zdrojove_Kody\Konzola\Konzola\Konzola.csproj]
C:\Users\ratho\OneDrive\Plocha\work_2026\FASK_2026\0x_Zdrojove_Kody\Konzola\Konzola\Vyroba\Ciselnik\Form_Moduly.cs(1626,46): warning CS0168: Promìnná ex je deklarovaná, ale nikdy se nepoužívá. [C:\Users\ratho\OneDrive\Plocha\work_2026\FASK_2026\0x_Zdrojove_Kody\Konzola\Konzola\Konzola.csproj]
C:\Users\ratho\OneDrive\Plocha\work_2026\FASK_2026\0x_Zdrojove_Kody\Konzola\Konzola\Vydej\FormDavkyVydejeList.cs(2328,46): warning CS0168: Promìnná ex je deklarovaná, ale nikdy se nepoužívá. [C:\Users\ratho\OneDrive\Plocha\work_2026\FASK_2026\0x_Zdrojove_Kody\Konzola\Konzola\Konzola.csproj]
C:\Users\ratho\OneDrive\Plocha\work_2026\FASK_2026\0x_Zdrojove_Kody\Konzola\Konzola\Vyroba\Transakce\FormVyrobniPrikazList.cs(5109,50): warning CS0168: Promìnná ex je deklarovaná, ale nikdy se nepoužívá. [C:\Users\ratho\OneDrive\Plocha\work_2026\FASK_2026\0x_Zdrojove_Kody\Konzola\Konzola\Konzola.csproj]
C:\Users\ratho\OneDrive\Plocha\work_2026\FASK_2026\0x_Zdrojove_Kody\Konzola\Konzola\Vydej\FormDavkyVydejeList.cs(2580,50): warning CS0168: Promìnná ex je deklarovaná, ale nikdy se nepoužívá. [C:\Users\ratho\OneDrive\Plocha\work_2026\FASK_2026\0x_Zdrojove_Kody\Konzola\Konzola\Konzola.csproj]
C:\Users\ratho\OneDrive\Plocha\work_2026\FASK_2026\0x_Zdrojove_Kody\Konzola\Konzola\Vyroba\Ciselnik\FormSkupinyList.cs(894,50): warning CS0168: Promìnná ex je deklarovaná, ale nikdy se nepoužívá. [C:\Users\ratho\OneDrive\Plocha\work_2026\FASK_2026\0x_Zdrojove_Kody\Konzola\Konzola\Konzola.csproj]
C:\Users\ratho\OneDrive\Plocha\work_2026\FASK_2026\0x_Zdrojove_Kody\Konzola\Konzola\Vydej\FormDavkyVydejeList.cs(2695,46): warning CS0168: Promìnná ex je deklarovaná, ale nikdy se nepoužívá. [C:\Users\ratho\OneDrive\Plocha\work_2026\FASK_2026\0x_Zdrojove_Kody\Konzola\Konzola\Konzola.csproj]
C:\Users\ratho\OneDrive\Plocha\work_2026\FASK_2026\0x_Zdrojove_Kody\Konzola\Konzola\Ciselniky\FormZboziList.cs(1980,46): warning CS0168: Promìnná ex je deklarovaná, ale nikdy se nepoužívá. [C:\Users\ratho\OneDrive\Plocha\work_2026\FASK_2026\0x_Zdrojove_Kody\Konzola\Konzola\Konzola.csproj]
C:\Users\ratho\OneDrive\Plocha\work_2026\FASK_2026\0x_Zdrojove_Kody\Konzola\Konzola\Vyroba\Rozbory\FormProductionSourecesList.cs(1588,46): warning CS0168: Promìnná ex je deklarovaná, ale nikdy se nepoužívá. [C:\Users\ratho\OneDrive\Plocha\work_2026\FASK_2026\0x_Zdrojove_Kody\Konzola\Konzola\Konzola.csproj]
C:\Users\ratho\OneDrive\Plocha\work_2026\FASK_2026\0x_Zdrojove_Kody\Konzola\Konzola\Vydej\FormDavkyVydejeList.cs(3056,13): warning CS0162: Byl zjištìn nedosažitelný kód. [C:\Users\ratho\OneDrive\Plocha\work_2026\FASK_2026\0x_Zdrojove_Kody\Konzola\Konzola\Konzola.csproj]
C:\Users\ratho\OneDrive\Plocha\work_2026\FASK_2026\0x_Zdrojove_Kody\Konzola\Konzola\Vyroba\Rozbory\FormProductionSourecesList.cs(1931,50): warning CS0168: Promìnná ex je deklarovaná, ale nikdy se nepoužívá. [C:\Users\ratho\OneDrive\Plocha\work_2026\FASK_2026\0x_Zdrojove_Kody\Konzola\Konzola\Konzola.csproj]
C:\Users\ratho\OneDrive\Plocha\work_2026\FASK_2026\0x_Zdrojove_Kody\Konzola\Konzola\Vyroba\Rozbory\FormProductionSourecesList.cs(2046,46): warning CS0168: Promìnná ex je deklarovaná, ale nikdy se nepoužívá. [C:\Users\ratho\OneDrive\Plocha\work_2026\FASK_2026\0x_Zdrojove_Kody\Konzola\Konzola\Konzola.csproj]
C:\Users\ratho\OneDrive\Plocha\work_2026\FASK_2026\0x_Zdrojove_Kody\Konzola\Konzola\Planovani\FormPlanovaniVyrobyList.cs(4235,46): warning CS0168: Promìnná ex je deklarovaná, ale nikdy se nepoužívá. [C:\Users\ratho\OneDrive\Plocha\work_2026\FASK_2026\0x_Zdrojove_Kody\Konzola\Konzola\Konzola.csproj]
C:\Users\ratho\OneDrive\Plocha\work_2026\FASK_2026\0x_Zdrojove_Kody\Konzola\Konzola\Vyroba\Ciselnik\Form_Moduly.cs(1851,46): warning CS0168: Promìnná ex je deklarovaná, ale nikdy se nepoužívá. [C:\Users\ratho\OneDrive\Plocha\work_2026\FASK_2026\0x_Zdrojove_Kody\Konzola\Konzola\Konzola.csproj]
C:\Users\ratho\OneDrive\Plocha\work_2026\FASK_2026\0x_Zdrojove_Kody\Konzola\Konzola\Vyroba\Ciselnik\FormSkupinyList.cs(1124,46): warning CS0168: Promìnná ex je deklarovaná, ale nikdy se nepoužívá. [C:\Users\ratho\OneDrive\Plocha\work_2026\FASK_2026\0x_Zdrojove_Kody\Konzola\Konzola\Konzola.csproj]
C:\Users\ratho\OneDrive\Plocha\work_2026\FASK_2026\0x_Zdrojove_Kody\Konzola\Konzola\Vyroba\Ciselnik\Form_Moduly.cs(2140,50): warning CS0168: Promìnná ex je deklarovaná, ale nikdy se nepoužívá. [C:\Users\ratho\OneDrive\Plocha\work_2026\FASK_2026\0x_Zdrojove_Kody\Konzola\Konzola\Konzola.csproj]
C:\Users\ratho\OneDrive\Plocha\work_2026\FASK_2026\0x_Zdrojove_Kody\Konzola\Konzola\Vyroba\Ciselnik\Form_Moduly.cs(2395,46): warning CS0168: Promìnná ex je deklarovaná, ale nikdy se nepoužívá. [C:\Users\ratho\OneDrive\Plocha\work_2026\FASK_2026\0x_Zdrojove_Kody\Konzola\Konzola\Konzola.csproj]
C:\Users\ratho\OneDrive\Plocha\work_2026\FASK_2026\0x_Zdrojove_Kody\Konzola\Konzola\Ciselniky\FormZboziList.cs(2312,50): warning CS0168: Promìnná ex je deklarovaná, ale nikdy se nepoužívá. [C:\Users\ratho\OneDrive\Plocha\work_2026\FASK_2026\0x_Zdrojove_Kody\Konzola\Konzola\Konzola.csproj]
C:\Users\ratho\OneDrive\Plocha\work_2026\FASK_2026\0x_Zdrojove_Kody\Konzola\Konzola\Ciselniky\FormZboziList.cs(2427,46): warning CS0168: Promìnná ex je deklarovaná, ale nikdy se nepoužívá. [C:\Users\ratho\OneDrive\Plocha\work_2026\FASK_2026\0x_Zdrojove_Kody\Konzola\Konzola\Konzola.csproj]
C:\Users\ratho\OneDrive\Plocha\work_2026\FASK_2026\0x_Zdrojove_Kody\Konzola\Konzola\Planovani\FormPlanovaniVyrobyList.cs(4487,50): warning CS0168: Promìnná ex je deklarovaná, ale nikdy se nepoužívá. [C:\Users\ratho\OneDrive\Plocha\work_2026\FASK_2026\0x_Zdrojove_Kody\Konzola\Konzola\Konzola.csproj]
C:\Users\ratho\OneDrive\Plocha\work_2026\FASK_2026\0x_Zdrojove_Kody\Konzola\Konzola\Vyroba\Ciselnik\FormSkupinyList.cs(1413,50): warning CS0168: Promìnná ex je deklarovaná, ale nikdy se nepoužívá. [C:\Users\ratho\OneDrive\Plocha\work_2026\FASK_2026\0x_Zdrojove_Kody\Konzola\Konzola\Konzola.csproj]
C:\Users\ratho\OneDrive\Plocha\work_2026\FASK_2026\0x_Zdrojove_Kody\Konzola\Konzola\Planovani\FormPlanovaniVyrobyList.cs(4602,46): warning CS0168: Promìnná ex je deklarovaná, ale nikdy se nepoužívá. [C:\Users\ratho\OneDrive\Plocha\work_2026\FASK_2026\0x_Zdrojove_Kody\Konzola\Konzola\Konzola.csproj]
C:\Users\ratho\OneDrive\Plocha\work_2026\FASK_2026\0x_Zdrojove_Kody\Konzola\Konzola\Vyroba\Ciselnik\FormSkupinyList.cs(1528,46): warning CS0168: Promìnná ex je deklarovaná, ale nikdy se nepoužívá. [C:\Users\ratho\OneDrive\Plocha\work_2026\FASK_2026\0x_Zdrojove_Kody\Konzola\Konzola\Konzola.csproj]
C:\Users\ratho\OneDrive\Plocha\work_2026\FASK_2026\0x_Zdrojove_Kody\Konzola\Konzola\Vyroba\Rozbory\FormProductionList.cs(2896,46): warning CS0168: Promìnná ex je deklarovaná, ale nikdy se nepoužívá. [C:\Users\ratho\OneDrive\Plocha\work_2026\FASK_2026\0x_Zdrojove_Kody\Konzola\Konzola\Konzola.csproj]
C:\Users\ratho\OneDrive\Plocha\work_2026\FASK_2026\0x_Zdrojove_Kody\Konzola\Konzola\Vyroba\Rozbory\FormProductionList.cs(3148,50): warning CS0168: Promìnná ex je deklarovaná, ale nikdy se nepoužívá. [C:\Users\ratho\OneDrive\Plocha\work_2026\FASK_2026\0x_Zdrojove_Kody\Konzola\Konzola\Konzola.csproj]
C:\Users\ratho\OneDrive\Plocha\work_2026\FASK_2026\0x_Zdrojove_Kody\Konzola\Konzola\Vyroba\Rozbory\FormProductionList.cs(3263,46): warning CS0168: Promìnná ex je deklarovaná, ale nikdy se nepoužívá. [C:\Users\ratho\OneDrive\Plocha\work_2026\FASK_2026\0x_Zdrojove_Kody\Konzola\Konzola\Konzola.csproj]
C:\Users\ratho\OneDrive\Plocha\work_2026\FASK_2026\0x_Zdrojove_Kody\Konzola\Konzola\Program.cs(12,37): warning CS0169: Pole Program.splash se nikdy nepoužívá. [C:\Users\ratho\OneDrive\Plocha\work_2026\FASK_2026\0x_Zdrojove_Kody\Konzola\Konzola\Konzola.csproj]
C:\Users\ratho\OneDrive\Plocha\work_2026\FASK_2026\0x_Zdrojove_Kody\Konzola\Konzola\Scanner\ScannerNone.cs(29,51): warning CS0067: Událost ScannerNone.DataReady se nikdy nepoužívá. [C:\Users\ratho\OneDrive\Plocha\work_2026\FASK_2026\0x_Zdrojove_Kody\Konzola\Konzola\Konzola.csproj]
C:\Users\ratho\OneDrive\Plocha\work_2026\FASK_2026\0x_Zdrojove_Kody\Konzola\Konzola\Ciselniky\FormZboziList.cs(31,22): warning CS0414: Pole FormZboziList.opravneniArchivace má pøiøazenou hodnotu, ale nikdy se nepoužívá. [C:\Users\ratho\OneDrive\Plocha\work_2026\FASK_2026\0x_Zdrojove_Kody\Konzola\Konzola\Konzola.csproj]
C:\Users\ratho\OneDrive\Plocha\work_2026\FASK_2026\0x_Zdrojove_Kody\Konzola\Konzola\Vyroba\Ciselnik\Form_Moduly.cs(31,22): warning CS0414: Pole Form_Moduly.opravneniImport má pøiøazenou hodnotu, ale nikdy se nepoužívá. [C:\Users\ratho\OneDrive\Plocha\work_2026\FASK_2026\0x_Zdrojove_Kody\Konzola\Konzola\Konzola.csproj]
C:\Users\ratho\OneDrive\Plocha\work_2026\FASK_2026\0x_Zdrojove_Kody\Konzola\Konzola\Vyroba\Ciselnik\FormVazbyMaterialy.cs(26,22): warning CS0414: Pole FormVazbyMaterialy.opravneniArchivace má pøiøazenou hodnotu, ale nikdy se nepoužívá. [C:\Users\ratho\OneDrive\Plocha\work_2026\FASK_2026\0x_Zdrojove_Kody\Konzola\Konzola\Konzola.csproj]
C:\Users\ratho\OneDrive\Plocha\work_2026\FASK_2026\0x_Zdrojove_Kody\Konzola\Konzola\Ciselniky\FormLokace.cs(33,22): warning CS0414: Pole FormLokace.opravneniArchivace má pøiøazenou hodnotu, ale nikdy se nepoužívá. [C:\Users\ratho\OneDrive\Plocha\work_2026\FASK_2026\0x_Zdrojove_Kody\Konzola\Konzola\Konzola.csproj]
C:\Users\ratho\OneDrive\Plocha\work_2026\FASK_2026\0x_Zdrojove_Kody\Konzola\Konzola\Vyroba\Rozbory\FormProductionSourecesList.cs(26,22): warning CS0414: Pole FormProductionSourecesList.opravneniArchivace má pøiøazenou hodnotu, ale nikdy se nepoužívá. [C:\Users\ratho\OneDrive\Plocha\work_2026\FASK_2026\0x_Zdrojove_Kody\Konzola\Konzola\Konzola.csproj]
C:\Users\ratho\OneDrive\Plocha\work_2026\FASK_2026\0x_Zdrojove_Kody\Konzola\Konzola\Planovani\FormPlanovaniVyrobyList.cs(146,22): warning CS0414: Pole FormPlanovaniVyrobyList.opravneniEditace má pøiøazenou hodnotu, ale nikdy se nepoužívá. [C:\Users\ratho\OneDrive\Plocha\work_2026\FASK_2026\0x_Zdrojove_Kody\Konzola\Konzola\Konzola.csproj]
C:\Users\ratho\OneDrive\Plocha\work_2026\FASK_2026\0x_Zdrojove_Kody\Konzola\Konzola\Ciselniky\FormLokaceVariantySortimentList.cs(28,22): warning CS0414: Pole FormLokaceVariantySortimentList.opravneniArchivace má pøiøazenou hodnotu, ale nikdy se nepoužívá. [C:\Users\ratho\OneDrive\Plocha\work_2026\FASK_2026\0x_Zdrojove_Kody\Konzola\Konzola\Konzola.csproj]
C:\Users\ratho\OneDrive\Plocha\work_2026\FASK_2026\0x_Zdrojove_Kody\Konzola\Konzola\Ciselniky\FormStrediskaList.cs(26,22): warning CS0414: Pole FormStrediskaList.opravneniArchivace má pøiøazenou hodnotu, ale nikdy se nepoužívá. [C:\Users\ratho\OneDrive\Plocha\work_2026\FASK_2026\0x_Zdrojove_Kody\Konzola\Konzola\Konzola.csproj]
C:\Users\ratho\OneDrive\Plocha\work_2026\FASK_2026\0x_Zdrojove_Kody\Konzola\Konzola\Ciselniky\FormTypyDokladuList.cs(24,22): warning CS0414: Pole FormTypyDokladuList.opravneniImport má pøiøazenou hodnotu, ale nikdy se nepoužívá. [C:\Users\ratho\OneDrive\Plocha\work_2026\FASK_2026\0x_Zdrojove_Kody\Konzola\Konzola\Konzola.csproj]
C:\Users\ratho\OneDrive\Plocha\work_2026\FASK_2026\0x_Zdrojove_Kody\Konzola\Konzola\Ciselniky\FormOdberateleList.cs(26,22): warning CS0414: Pole FormOdberateleList.opravneniArchivace má pøiøazenou hodnotu, ale nikdy se nepoužívá. [C:\Users\ratho\OneDrive\Plocha\work_2026\FASK_2026\0x_Zdrojove_Kody\Konzola\Konzola\Konzola.csproj]
C:\Users\ratho\OneDrive\Plocha\work_2026\FASK_2026\0x_Zdrojove_Kody\Konzola\Konzola\Vyroba\Rozbory\FormOdvod_EventsList.cs(241,22): warning CS0414: Pole FormOdvod_EventsList.opravneniImport má pøiøazenou hodnotu, ale nikdy se nepoužívá. [C:\Users\ratho\OneDrive\Plocha\work_2026\FASK_2026\0x_Zdrojove_Kody\Konzola\Konzola\Konzola.csproj]
C:\Users\ratho\OneDrive\Plocha\work_2026\FASK_2026\0x_Zdrojove_Kody\Konzola\Konzola\Forms\Spolecne\FormVyrabenePolozky.cs(174,22): warning CS0414: Pole FormVyrabenePolozky.opravneniImport má pøiøazenou hodnotu, ale nikdy se nepoužívá. [C:\Users\ratho\OneDrive\Plocha\work_2026\FASK_2026\0x_Zdrojove_Kody\Konzola\Konzola\Konzola.csproj]
C:\Users\ratho\OneDrive\Plocha\work_2026\FASK_2026\0x_Zdrojove_Kody\Konzola\Konzola\Vyroba\Rozbory\FormProductionList.cs(343,22): warning CS0414: Pole FormProductionList.opravneniImport má pøiøazenou hodnotu, ale nikdy se nepoužívá. [C:\Users\ratho\OneDrive\Plocha\work_2026\FASK_2026\0x_Zdrojove_Kody\Konzola\Konzola\Konzola.csproj]
C:\Users\ratho\OneDrive\Plocha\work_2026\FASK_2026\0x_Zdrojove_Kody\Konzola\Konzola\Ciselniky\FormTypyDokladuList.cs(25,22): warning CS0414: Pole FormTypyDokladuList.opravneniArchivace má pøiøazenou hodnotu, ale nikdy se nepoužívá. [C:\Users\ratho\OneDrive\Plocha\work_2026\FASK_2026\0x_Zdrojove_Kody\Konzola\Konzola\Konzola.csproj]
C:\Users\ratho\OneDrive\Plocha\work_2026\FASK_2026\0x_Zdrojove_Kody\Konzola\Konzola\Planovani\FormPlanovaniVyrobyList.cs(148,22): warning CS0414: Pole FormPlanovaniVyrobyList.opravneniArchivace má pøiøazenou hodnotu, ale nikdy se nepoužívá. [C:\Users\ratho\OneDrive\Plocha\work_2026\FASK_2026\0x_Zdrojove_Kody\Konzola\Konzola\Konzola.csproj]
C:\Users\ratho\OneDrive\Plocha\work_2026\FASK_2026\0x_Zdrojove_Kody\Konzola\Konzola\ImportniMustky\FormImport_SKzNC_List.cs(29,22): warning CS0414: Pole FormImport_SKzNC_List.opravneniArchivace má pøiøazenou hodnotu, ale nikdy se nepoužívá. [C:\Users\ratho\OneDrive\Plocha\work_2026\FASK_2026\0x_Zdrojove_Kody\Konzola\Konzola\Konzola.csproj]
C:\Users\ratho\OneDrive\Plocha\work_2026\FASK_2026\0x_Zdrojove_Kody\Konzola\Konzola\Ciselniky\FormPracovniciList.cs(71,22): warning CS0414: Pole FormPracovniciList.opravneniArchivace má pøiøazenou hodnotu, ale nikdy se nepoužívá. [C:\Users\ratho\OneDrive\Plocha\work_2026\FASK_2026\0x_Zdrojove_Kody\Konzola\Konzola\Konzola.csproj]
C:\Users\ratho\OneDrive\Plocha\work_2026\FASK_2026\0x_Zdrojove_Kody\Konzola\Konzola\Ciselniky\FormSkladyList.cs(37,22): warning CS0414: Pole FormSkladyList.opravneniArchivace má pøiøazenou hodnotu, ale nikdy se nepoužívá. [C:\Users\ratho\OneDrive\Plocha\work_2026\FASK_2026\0x_Zdrojove_Kody\Konzola\Konzola\Konzola.csproj]
C:\Users\ratho\OneDrive\Plocha\work_2026\FASK_2026\0x_Zdrojove_Kody\Konzola\Konzola\Vyroba\Rozbory\FormProductionSourecesList.cs(25,22): warning CS0414: Pole FormProductionSourecesList.opravneniImport má pøiøazenou hodnotu, ale nikdy se nepoužívá. [C:\Users\ratho\OneDrive\Plocha\work_2026\FASK_2026\0x_Zdrojove_Kody\Konzola\Konzola\Konzola.csproj]
C:\Users\ratho\OneDrive\Plocha\work_2026\FASK_2026\0x_Zdrojove_Kody\Konzola\Konzola\Ciselniky\FormPracovniciList.cs(69,22): warning CS0414: Pole FormPracovniciList.opravneniEditace má pøiøazenou hodnotu, ale nikdy se nepoužívá. [C:\Users\ratho\OneDrive\Plocha\work_2026\FASK_2026\0x_Zdrojove_Kody\Konzola\Konzola\Konzola.csproj]
C:\Users\ratho\OneDrive\Plocha\work_2026\FASK_2026\0x_Zdrojove_Kody\Konzola\Konzola\Ciselniky\FormLokaceMapaList.cs(33,22): warning CS0414: Pole FormLokaceMapaList.opravneniArchivace má pøiøazenou hodnotu, ale nikdy se nepoužívá. [C:\Users\ratho\OneDrive\Plocha\work_2026\FASK_2026\0x_Zdrojove_Kody\Konzola\Konzola\Konzola.csproj]
C:\Users\ratho\OneDrive\Plocha\work_2026\FASK_2026\0x_Zdrojove_Kody\Konzola\Konzola\Ciselniky\FormLokaceVariantySortimentList.cs(27,22): warning CS0414: Pole FormLokaceVariantySortimentList.opravneniImport má pøiøazenou hodnotu, ale nikdy se nepoužívá. [C:\Users\ratho\OneDrive\Plocha\work_2026\FASK_2026\0x_Zdrojove_Kody\Konzola\Konzola\Konzola.csproj]
C:\Users\ratho\OneDrive\Plocha\work_2026\FASK_2026\0x_Zdrojove_Kody\Konzola\Konzola\Vyroba\Rozbory\FormOdvod_EventsList.cs(240,22): warning CS0414: Pole FormOdvod_EventsList.opravneniEditace má pøiøazenou hodnotu, ale nikdy se nepoužívá. [C:\Users\ratho\OneDrive\Plocha\work_2026\FASK_2026\0x_Zdrojove_Kody\Konzola\Konzola\Konzola.csproj]
C:\Users\ratho\OneDrive\Plocha\work_2026\FASK_2026\0x_Zdrojove_Kody\Konzola\Konzola\Ciselniky\FormLokaceTypyList.cs(26,22): warning CS0414: Pole FormLokaceTypyList.opravneniArchivace má pøiøazenou hodnotu, ale nikdy se nepoužívá. [C:\Users\ratho\OneDrive\Plocha\work_2026\FASK_2026\0x_Zdrojove_Kody\Konzola\Konzola\Konzola.csproj]
C:\Users\ratho\OneDrive\Plocha\work_2026\FASK_2026\0x_Zdrojove_Kody\Konzola\Konzola\Ciselniky\FormLokaceTypyList.cs(25,22): warning CS0414: Pole FormLokaceTypyList.opravneniImport má pøiøazenou hodnotu, ale nikdy se nepoužívá. [C:\Users\ratho\OneDrive\Plocha\work_2026\FASK_2026\0x_Zdrojove_Kody\Konzola\Konzola\Konzola.csproj]
C:\Users\ratho\OneDrive\Plocha\work_2026\FASK_2026\0x_Zdrojove_Kody\Konzola\Konzola\Vyroba\Ciselnik\Form_Stroje.cs(31,22): warning CS0414: Pole Form_Stroje.opravneniImport má pøiøazenou hodnotu, ale nikdy se nepoužívá. [C:\Users\ratho\OneDrive\Plocha\work_2026\FASK_2026\0x_Zdrojove_Kody\Konzola\Konzola\Konzola.csproj]
  CompilerServer: server - server processed compilation - Konzola
_CopyFilesMarkedCopyLocal:
  Probíhá kopírování souboru z umístìní C:\Users\ratho\OneDrive\Plocha\work_2026\FASK_2026\0x_Zdrojove_Kody\_SdileneProjekty_\AdvancedButtonsPanel\!Build!\Debug\AdvancedButtonsPanel.dll do umístìní C:\Users\ratho\OneDrive\Plocha\work_2026\FASK_2026\0x_Zdrojove_Kody\!Build!\Konzola\Debug\AdvancedButtonsPanel.dll.
  Probíhá kopírování souboru z umístìní C:\Users\ratho\OneDrive\Plocha\work_2026\FASK_2026\0x_Zdrojove_Kody\Konzola\packages\BarcodeLib.2.4.0\lib\netstandard2.0\BarcodeStandard.dll do umístìní C:\Users\ratho\OneDrive\Plocha\work_2026\FASK_2026\0x_Zdrojove_Kody\!Build!\Konzola\Debug\BarcodeStandard.dll.
  Probíhá kopírování souboru z umístìní C:\Users\ratho\OneDrive\Plocha\work_2026\FASK_2026\0x_Zdrojove_Kody\_SdileneProjekty_\AdvanceDataGridView\AdvancedDataGridView\!Build!\Debug\AdvancedDataGridView.dll do umístìní C:\Users\ratho\OneDrive\Plocha\work_2026\FASK_2026\0x_Zdrojove_Kody\!Build!\Konzola\Debug\AdvancedDataGridView.dll.
  Probíhá kopírování souboru z umístìní C:\Users\ratho\OneDrive\Plocha\work_2026\FASK_2026\0x_Zdrojove_Kody\Konzola\Konzola\DataGridViewAutoFilter.dll do umístìní C:\Users\ratho\OneDrive\Plocha\work_2026\FASK_2026\0x_Zdrojove_Kody\!Build!\Konzola\Debug\DataGridViewAutoFilter.dll.
  Probíhá kopírování souboru z umístìní C:\Users\ratho\OneDrive\Plocha\work_2026\FASK_2026\0x_Zdrojove_Kody\Konzola\!!!Support!!!\EPPlus\EPPlus.dll do umístìní C:\Users\ratho\OneDrive\Plocha\work_2026\FASK_2026\0x_Zdrojove_Kody\!Build!\Konzola\Debug\EPPlus.dll.
  Probíhá kopírování souboru z umístìní C:\Users\ratho\OneDrive\Plocha\work_2026\FASK_2026\0x_Zdrojove_Kody\_SdileneProjekty_\Fask.BarCodeGraphics\Fask.BarCodeGraphics\!Build!\Debug\Fask.BarCodeGraphics.dll do umístìní C:\Users\ratho\OneDrive\Plocha\work_2026\FASK_2026\0x_Zdrojove_Kody\!Build!\Konzola\Debug\Fask.BarCodeGraphics.dll.
  Probíhá kopírování souboru z umístìní C:\Users\ratho\OneDrive\Plocha\work_2026\FASK_2026\0x_Zdrojove_Kody\_SdileneProjekty_\Fask.BarCodeGraphics\Fask.BarCodeGraphics.ZPL_Zxing\!Build!\Debug\Fask.BarCodeGraphics.ZPL_Zxing.dll do umístìní C:\Users\ratho\OneDrive\Plocha\work_2026\FASK_2026\0x_Zdrojove_Kody\!Build!\Konzola\Debug\Fask.BarCodeGraphics.ZPL_Zxing.dll.
  Probíhá kopírování souboru z umístìní C:\Users\ratho\OneDrive\Plocha\work_2026\FASK_2026\0x_Zdrojove_Kody\Konzola\!!!Support!!!\LeitzIcon\001_bin\LeitzIconDataProvider.dll do umístìní C:\Users\ratho\OneDrive\Plocha\work_2026\FASK_2026\0x_Zdrojove_Kody\!Build!\Konzola\Debug\LeitzIconDataProvider.dll.
  Probíhá kopírování souboru z umístìní C:\Users\ratho\OneDrive\Plocha\work_2026\FASK_2026\0x_Zdrojove_Kody\Konzola\!!!Support!!!\LeitzIcon\001_bin\LeitzIconCommon.dll do umístìní C:\Users\ratho\OneDrive\Plocha\work_2026\FASK_2026\0x_Zdrojove_Kody\!Build!\Konzola\Debug\LeitzIconCommon.dll.
  Probíhá kopírování souboru z umístìní C:\Users\ratho\OneDrive\Plocha\work_2026\FASK_2026\0x_Zdrojove_Kody\Konzola\!!!Support!!!\LeitzIcon\001_bin\LeitzIconLabelStudioCore.dll do umístìní C:\Users\ratho\OneDrive\Plocha\work_2026\FASK_2026\0x_Zdrojove_Kody\!Build!\Konzola\Debug\LeitzIconLabelStudioCore.dll.
  Probíhá kopírování souboru z umístìní C:\Users\ratho\OneDrive\Plocha\work_2026\FASK_2026\0x_Zdrojove_Kody\Konzola\!!!Support!!!\LeitzIcon\001_bin\LeitzIconPrinterStatusService.dll do umístìní C:\Users\ratho\OneDrive\Plocha\work_2026\FASK_2026\0x_Zdrojove_Kody\!Build!\Konzola\Debug\LeitzIconPrinterStatusService.dll.
  Probíhá kopírování souboru z umístìní C:\Users\ratho\OneDrive\Plocha\work_2026\FASK_2026\0x_Zdrojove_Kody\Konzola\!!!Support!!!\LeitzIcon\001_bin\log4net.dll do umístìní C:\Users\ratho\OneDrive\Plocha\work_2026\FASK_2026\0x_Zdrojove_Kody\!Build!\Konzola\Debug\log4net.dll.
  Probíhá kopírování souboru z umístìní C:\Users\ratho\OneDrive\Plocha\work_2026\FASK_2026\0x_Zdrojove_Kody\Konzola\packages\MessagingToolkit.1.8.3\lib\net462\MessagingToolkit.Core.dll do umístìní C:\Users\ratho\OneDrive\Plocha\work_2026\FASK_2026\0x_Zdrojove_Kody\!Build!\Konzola\Debug\MessagingToolkit.Core.dll.
  Probíhá kopírování souboru z umístìní C:\Users\ratho\OneDrive\Plocha\work_2026\FASK_2026\0x_Zdrojove_Kody\Konzola\packages\MessagingToolkit.1.8.3\lib\net462\MessagingToolkit.Barcode.dll do umístìní C:\Users\ratho\OneDrive\Plocha\work_2026\FASK_2026\0x_Zdrojove_Kody\!Build!\Konzola\Debug\MessagingToolkit.Barcode.dll.
  Probíhá kopírování souboru z umístìní C:\Users\ratho\OneDrive\Plocha\work_2026\FASK_2026\0x_Zdrojove_Kody\Konzola\packages\MessagingToolkit.1.8.3\lib\net462\MessagingToolkit.MMS.dll do umístìní C:\Users\ratho\OneDrive\Plocha\work_2026\FASK_2026\0x_Zdrojove_Kody\!Build!\Konzola\Debug\MessagingToolkit.MMS.dll.
  Probíhá kopírování souboru z umístìní C:\Users\ratho\OneDrive\Plocha\work_2026\FASK_2026\0x_Zdrojove_Kody\Konzola\packages\MessagingToolkit.1.8.3\lib\net462\MessagingToolkit.Pdu.dll do umístìní C:\Users\ratho\OneDrive\Plocha\work_2026\FASK_2026\0x_Zdrojove_Kody\!Build!\Konzola\Debug\MessagingToolkit.Pdu.dll.
  Probíhá kopírování souboru z umístìní C:\Users\ratho\OneDrive\Plocha\work_2026\FASK_2026\0x_Zdrojove_Kody\Konzola\packages\Microsoft.Bcl.AsyncInterfaces.8.0.0\lib\net462\Microsoft.Bcl.AsyncInterfaces.dll do umístìní C:\Users\ratho\OneDrive\Plocha\work_2026\FASK_2026\0x_Zdrojove_Kody\!Build!\Konzola\Debug\Microsoft.Bcl.AsyncInterfaces.dll.
  Probíhá kopírování souboru z umístìní C:\Users\ratho\OneDrive\Plocha\work_2026\FASK_2026\0x_Zdrojove_Kody\_SdileneProjekty_\ProjektTiskClassLibrary\TestovaciProjekt\!Build!\Debug\PrintReportLibrary.dll do umístìní C:\Users\ratho\OneDrive\Plocha\work_2026\FASK_2026\0x_Zdrojove_Kody\!Build!\Konzola\Debug\PrintReportLibrary.dll.
  Probíhá kopírování souboru z umístìní C:\Users\ratho\OneDrive\Plocha\work_2026\FASK_2026\0x_Zdrojove_Kody\Konzola\packages\QRCoder.1.4.3\lib\net40\QRCoder.dll do umístìní C:\Users\ratho\OneDrive\Plocha\work_2026\FASK_2026\0x_Zdrojove_Kody\!Build!\Konzola\Debug\QRCoder.dll.
  Probíhá kopírování souboru z umístìní C:\Users\ratho\OneDrive\Plocha\work_2026\FASK_2026\0x_Zdrojove_Kody\_SdileneProjekty_\RemoteViewing\RemoteViewing\RemoteViewing\bin\Debug\RemoteViewing.dll do umístìní C:\Users\ratho\OneDrive\Plocha\work_2026\FASK_2026\0x_Zdrojove_Kody\!Build!\Konzola\Debug\RemoteViewing.dll.
  Probíhá kopírování souboru z umístìní C:\Users\ratho\OneDrive\Plocha\work_2026\FASK_2026\0x_Zdrojove_Kody\Konzola\!!!Support!!!\ProgressControls\ProgressControls.dll do umístìní C:\Users\ratho\OneDrive\Plocha\work_2026\FASK_2026\0x_Zdrojove_Kody\!Build!\Konzola\Debug\ProgressControls.dll.
  Probíhá kopírování souboru z umístìní C:\Users\ratho\OneDrive\Plocha\work_2026\FASK_2026\0x_Zdrojove_Kody\_SdileneProjekty_\RemoteViewing\RemoteViewing\RemoteViewing.Windows.Forms\bin\Debug\RemoteViewing.Windows.Forms.dll do umístìní C:\Users\ratho\OneDrive\Plocha\work_2026\FASK_2026\0x_Zdrojove_Kody\!Build!\Konzola\Debug\RemoteViewing.Windows.Forms.dll.
  Probíhá kopírování souboru z umístìní C:\Users\ratho\OneDrive\Plocha\work_2026\FASK_2026\0x_Zdrojove_Kody\Konzola\packages\System.Drawing.Common.5.0.2\lib\net461\System.Drawing.Common.dll do umístìní C:\Users\ratho\OneDrive\Plocha\work_2026\FASK_2026\0x_Zdrojove_Kody\!Build!\Konzola\Debug\System.Drawing.Common.dll.
  Probíhá kopírování souboru z umístìní C:\Users\ratho\OneDrive\Plocha\work_2026\FASK_2026\0x_Zdrojove_Kody\Konzola\packages\System.Linq.Dynamic.Core.1.3.14\lib\net46\System.Linq.Dynamic.Core.dll do umístìní C:\Users\ratho\OneDrive\Plocha\work_2026\FASK_2026\0x_Zdrojove_Kody\!Build!\Konzola\Debug\System.Linq.Dynamic.Core.dll.
  Probíhá kopírování souboru z umístìní C:\Users\ratho\OneDrive\Plocha\work_2026\FASK_2026\0x_Zdrojove_Kody\Konzola\packages\System.Buffers.4.5.1\lib\net461\System.Buffers.dll do umístìní C:\Users\ratho\OneDrive\Plocha\work_2026\FASK_2026\0x_Zdrojove_Kody\!Build!\Konzola\Debug\System.Buffers.dll.
  Probíhá kopírování souboru z umístìní C:\Users\ratho\OneDrive\Plocha\work_2026\FASK_2026\0x_Zdrojove_Kody\Konzola\packages\System.Memory.4.5.5\lib\net461\System.Memory.dll do umístìní C:\Users\ratho\OneDrive\Plocha\work_2026\FASK_2026\0x_Zdrojove_Kody\!Build!\Konzola\Debug\System.Memory.dll.
  Probíhá kopírování souboru z umístìní C:\Users\ratho\OneDrive\Plocha\work_2026\FASK_2026\0x_Zdrojove_Kody\Konzola\packages\System.Numerics.Vectors.4.5.0\lib\net46\System.Numerics.Vectors.dll do umístìní C:\Users\ratho\OneDrive\Plocha\work_2026\FASK_2026\0x_Zdrojove_Kody\!Build!\Konzola\Debug\System.Numerics.Vectors.dll.
  Probíhá kopírování souboru z umístìní C:\Users\ratho\OneDrive\Plocha\work_2026\FASK_2026\0x_Zdrojove_Kody\Konzola\packages\System.Runtime.CompilerServices.Unsafe.6.0.0\lib\net461\System.Runtime.CompilerServices.Unsafe.dll do umístìní C:\Users\ratho\OneDrive\Plocha\work_2026\FASK_2026\0x_Zdrojove_Kody\!Build!\Konzola\Debug\System.Runtime.CompilerServices.Unsafe.dll.
  Probíhá kopírování souboru z umístìní C:\Users\ratho\OneDrive\Plocha\work_2026\FASK_2026\0x_Zdrojove_Kody\Konzola\packages\System.Text.Encodings.Web.8.0.0\lib\net462\System.Text.Encodings.Web.dll do umístìní C:\Users\ratho\OneDrive\Plocha\work_2026\FASK_2026\0x_Zdrojove_Kody\!Build!\Konzola\Debug\System.Text.Encodings.Web.dll.
  Probíhá kopírování souboru z umístìní C:\Users\ratho\OneDrive\Plocha\work_2026\FASK_2026\0x_Zdrojove_Kody\Konzola\packages\System.Text.Json.8.0.4\lib\net462\System.Text.Json.dll do umístìní C:\Users\ratho\OneDrive\Plocha\work_2026\FASK_2026\0x_Zdrojove_Kody\!Build!\Konzola\Debug\System.Text.Json.dll.
  Probíhá kopírování souboru z umístìní C:\Users\ratho\OneDrive\Plocha\work_2026\FASK_2026\0x_Zdrojove_Kody\_SdileneProjekty_\TouchscreenKeyboard\TouchscreenKeyboard\!Build!\Debug\TouchscreenKeyboard.dll do umístìní C:\Users\ratho\OneDrive\Plocha\work_2026\FASK_2026\0x_Zdrojove_Kody\!Build!\Konzola\Debug\TouchscreenKeyboard.dll.
  Probíhá kopírování souboru z umístìní C:\Users\ratho\OneDrive\Plocha\work_2026\FASK_2026\0x_Zdrojove_Kody\Konzola\packages\ZXing.Net.0.16.9\lib\net47\zxing.dll do umístìní C:\Users\ratho\OneDrive\Plocha\work_2026\FASK_2026\0x_Zdrojove_Kody\!Build!\Konzola\Debug\zxing.dll.
  Probíhá kopírování souboru z umístìní C:\Users\ratho\OneDrive\Plocha\work_2026\FASK_2026\0x_Zdrojove_Kody\Konzola\packages\System.ValueTuple.4.5.0\lib\net47\System.ValueTuple.dll do umístìní C:\Users\ratho\OneDrive\Plocha\work_2026\FASK_2026\0x_Zdrojove_Kody\!Build!\Konzola\Debug\System.ValueTuple.dll.
  Probíhá kopírování souboru z umístìní C:\Users\ratho\OneDrive\Plocha\work_2026\FASK_2026\0x_Zdrojove_Kody\Konzola\packages\ZXing.Net.0.16.9\lib\net47\zxing.presentation.dll do umístìní C:\Users\ratho\OneDrive\Plocha\work_2026\FASK_2026\0x_Zdrojove_Kody\!Build!\Konzola\Debug\zxing.presentation.dll.
  Probíhá kopírování souboru z umístìní C:\Users\ratho\OneDrive\Plocha\work_2026\FASK_2026\0x_Zdrojove_Kody\_SdileneProjekty_\AdvanceDataGridView\AdvancedDataGridView\!Build!\Debug\AdvancedDataGridView.pdb do umístìní C:\Users\ratho\OneDrive\Plocha\work_2026\FASK_2026\0x_Zdrojove_Kody\!Build!\Konzola\Debug\AdvancedDataGridView.pdb.
  Probíhá kopírování souboru z umístìní C:\Users\ratho\OneDrive\Plocha\work_2026\FASK_2026\0x_Zdrojove_Kody\_SdileneProjekty_\AdvanceDataGridView\AdvancedDataGridView\!Build!\Debug\AdvancedDataGridView.dll.config do umístìní C:\Users\ratho\OneDrive\Plocha\work_2026\FASK_2026\0x_Zdrojove_Kody\!Build!\Konzola\Debug\AdvancedDataGridView.dll.config.
  Probíhá kopírování souboru z umístìní C:\Users\ratho\OneDrive\Plocha\work_2026\FASK_2026\0x_Zdrojove_Kody\_SdileneProjekty_\AdvancedButtonsPanel\!Build!\Debug\AdvancedButtonsPanel.pdb do umístìní C:\Users\ratho\OneDrive\Plocha\work_2026\FASK_2026\0x_Zdrojove_Kody\!Build!\Konzola\Debug\AdvancedButtonsPanel.pdb.
  Probíhá kopírování souboru z umístìní C:\Users\ratho\OneDrive\Plocha\work_2026\FASK_2026\0x_Zdrojove_Kody\_SdileneProjekty_\Fask.BarCodeGraphics\Fask.BarCodeGraphics\!Build!\Debug\Fask.BarCodeGraphics.pdb do umístìní C:\Users\ratho\OneDrive\Plocha\work_2026\FASK_2026\0x_Zdrojove_Kody\!Build!\Konzola\Debug\Fask.BarCodeGraphics.pdb.
  Probíhá kopírování souboru z umístìní C:\Users\ratho\OneDrive\Plocha\work_2026\FASK_2026\0x_Zdrojove_Kody\_SdileneProjekty_\Fask.BarCodeGraphics\Fask.BarCodeGraphics.ZPL_Zxing\!Build!\Debug\Fask.BarCodeGraphics.ZPL_Zxing.pdb do umístìní C:\Users\ratho\OneDrive\Plocha\work_2026\FASK_2026\0x_Zdrojove_Kody\!Build!\Konzola\Debug\Fask.BarCodeGraphics.ZPL_Zxing.pdb.
  Probíhá kopírování souboru z umístìní C:\Users\ratho\OneDrive\Plocha\work_2026\FASK_2026\0x_Zdrojove_Kody\_SdileneProjekty_\RemoteViewing\RemoteViewing\RemoteViewing.Windows.Forms\bin\Debug\RemoteViewing.Windows.Forms.pdb do umístìní C:\Users\ratho\OneDrive\Plocha\work_2026\FASK_2026\0x_Zdrojove_Kody\!Build!\Konzola\Debug\RemoteViewing.Windows.Forms.pdb.
  Probíhá kopírování souboru z umístìní C:\Users\ratho\OneDrive\Plocha\work_2026\FASK_2026\0x_Zdrojove_Kody\_SdileneProjekty_\ProjektTiskClassLibrary\TestovaciProjekt\!Build!\Debug\PrintReportLibrary.pdb do umístìní C:\Users\ratho\OneDrive\Plocha\work_2026\FASK_2026\0x_Zdrojove_Kody\!Build!\Konzola\Debug\PrintReportLibrary.pdb.
  Probíhá kopírování souboru z umístìní C:\Users\ratho\OneDrive\Plocha\work_2026\FASK_2026\0x_Zdrojove_Kody\_SdileneProjekty_\ProjektTiskClassLibrary\TestovaciProjekt\!Build!\Debug\PrintReportLibrary.dll.config do umístìní C:\Users\ratho\OneDrive\Plocha\work_2026\FASK_2026\0x_Zdrojove_Kody\!Build!\Konzola\Debug\PrintReportLibrary.dll.config.
  Probíhá kopírování souboru z umístìní C:\Users\ratho\OneDrive\Plocha\work_2026\FASK_2026\0x_Zdrojove_Kody\_SdileneProjekty_\RemoteViewing\RemoteViewing\RemoteViewing\bin\Debug\RemoteViewing.pdb do umístìní C:\Users\ratho\OneDrive\Plocha\work_2026\FASK_2026\0x_Zdrojove_Kody\!Build!\Konzola\Debug\RemoteViewing.pdb.
  Probíhá kopírování souboru z umístìní C:\Users\ratho\OneDrive\Plocha\work_2026\FASK_2026\0x_Zdrojove_Kody\_SdileneProjekty_\TouchscreenKeyboard\TouchscreenKeyboard\!Build!\Debug\TouchscreenKeyboard.pdb do umístìní C:\Users\ratho\OneDrive\Plocha\work_2026\FASK_2026\0x_Zdrojove_Kody\!Build!\Konzola\Debug\TouchscreenKeyboard.pdb.
  Probíhá kopírování souboru z umístìní C:\Users\ratho\OneDrive\Plocha\work_2026\FASK_2026\0x_Zdrojove_Kody\Konzola\packages\MessagingToolkit.1.8.3\lib\net462\MessagingToolkit.Core.xml do umístìní C:\Users\ratho\OneDrive\Plocha\work_2026\FASK_2026\0x_Zdrojove_Kody\!Build!\Konzola\Debug\MessagingToolkit.Core.xml.
  Probíhá kopírování souboru z umístìní C:\Users\ratho\OneDrive\Plocha\work_2026\FASK_2026\0x_Zdrojove_Kody\Konzola\packages\System.Linq.Dynamic.Core.1.3.14\lib\net46\System.Linq.Dynamic.Core.pdb do umístìní C:\Users\ratho\OneDrive\Plocha\work_2026\FASK_2026\0x_Zdrojove_Kody\!Build!\Konzola\Debug\System.Linq.Dynamic.Core.pdb.
  Probíhá kopírování souboru z umístìní C:\Users\ratho\OneDrive\Plocha\work_2026\FASK_2026\0x_Zdrojove_Kody\Konzola\packages\System.Linq.Dynamic.Core.1.3.14\lib\net46\System.Linq.Dynamic.Core.xml do umístìní C:\Users\ratho\OneDrive\Plocha\work_2026\FASK_2026\0x_Zdrojove_Kody\!Build!\Konzola\Debug\System.Linq.Dynamic.Core.xml.
  Probíhá kopírování souboru z umístìní C:\Users\ratho\OneDrive\Plocha\work_2026\FASK_2026\0x_Zdrojove_Kody\Konzola\packages\System.Buffers.4.5.1\lib\net461\System.Buffers.xml do umístìní C:\Users\ratho\OneDrive\Plocha\work_2026\FASK_2026\0x_Zdrojove_Kody\!Build!\Konzola\Debug\System.Buffers.xml.
  Probíhá kopírování souboru z umístìní C:\Users\ratho\OneDrive\Plocha\work_2026\FASK_2026\0x_Zdrojove_Kody\Konzola\packages\Microsoft.Bcl.AsyncInterfaces.8.0.0\lib\net462\Microsoft.Bcl.AsyncInterfaces.xml do umístìní C:\Users\ratho\OneDrive\Plocha\work_2026\FASK_2026\0x_Zdrojove_Kody\!Build!\Konzola\Debug\Microsoft.Bcl.AsyncInterfaces.xml.
  Probíhá kopírování souboru z umístìní C:\Users\ratho\OneDrive\Plocha\work_2026\FASK_2026\0x_Zdrojove_Kody\Konzola\packages\System.Memory.4.5.5\lib\net461\System.Memory.xml do umístìní C:\Users\ratho\OneDrive\Plocha\work_2026\FASK_2026\0x_Zdrojove_Kody\!Build!\Konzola\Debug\System.Memory.xml.
  Probíhá kopírování souboru z umístìní C:\Users\ratho\OneDrive\Plocha\work_2026\FASK_2026\0x_Zdrojove_Kody\Konzola\packages\System.Text.Encodings.Web.8.0.0\lib\net462\System.Text.Encodings.Web.xml do umístìní C:\Users\ratho\OneDrive\Plocha\work_2026\FASK_2026\0x_Zdrojove_Kody\!Build!\Konzola\Debug\System.Text.Encodings.Web.xml.
  Probíhá kopírování souboru z umístìní C:\Users\ratho\OneDrive\Plocha\work_2026\FASK_2026\0x_Zdrojove_Kody\Konzola\packages\System.Text.Json.8.0.4\lib\net462\System.Text.Json.xml do umístìní C:\Users\ratho\OneDrive\Plocha\work_2026\FASK_2026\0x_Zdrojove_Kody\!Build!\Konzola\Debug\System.Text.Json.xml.
  Probíhá kopírování souboru z umístìní C:\Users\ratho\OneDrive\Plocha\work_2026\FASK_2026\0x_Zdrojove_Kody\Konzola\packages\System.Numerics.Vectors.4.5.0\lib\net46\System.Numerics.Vectors.xml do umístìní C:\Users\ratho\OneDrive\Plocha\work_2026\FASK_2026\0x_Zdrojove_Kody\!Build!\Konzola\Debug\System.Numerics.Vectors.xml.
  Probíhá kopírování souboru z umístìní C:\Users\ratho\OneDrive\Plocha\work_2026\FASK_2026\0x_Zdrojove_Kody\Konzola\packages\System.ValueTuple.4.5.0\lib\net47\System.ValueTuple.xml do umístìní C:\Users\ratho\OneDrive\Plocha\work_2026\FASK_2026\0x_Zdrojove_Kody\!Build!\Konzola\Debug\System.ValueTuple.xml.
  Probíhá kopírování souboru z umístìní C:\Users\ratho\OneDrive\Plocha\work_2026\FASK_2026\0x_Zdrojove_Kody\Konzola\packages\ZXing.Net.0.16.9\lib\net47\zxing.xml do umístìní C:\Users\ratho\OneDrive\Plocha\work_2026\FASK_2026\0x_Zdrojove_Kody\!Build!\Konzola\Debug\zxing.xml.
  Probíhá kopírování souboru z umístìní C:\Users\ratho\OneDrive\Plocha\work_2026\FASK_2026\0x_Zdrojove_Kody\Konzola\packages\System.Runtime.CompilerServices.Unsafe.6.0.0\lib\net461\System.Runtime.CompilerServices.Unsafe.xml do umístìní C:\Users\ratho\OneDrive\Plocha\work_2026\FASK_2026\0x_Zdrojove_Kody\!Build!\Konzola\Debug\System.Runtime.CompilerServices.Unsafe.xml.
  Probíhá kopírování souboru z umístìní C:\Users\ratho\OneDrive\Plocha\work_2026\FASK_2026\0x_Zdrojove_Kody\Konzola\packages\ZXing.Net.0.16.9\lib\net47\zxing.presentation.xml do umístìní C:\Users\ratho\OneDrive\Plocha\work_2026\FASK_2026\0x_Zdrojove_Kody\!Build!\Konzola\Debug\zxing.presentation.xml.
  Probíhá vytváøení souboru C:\Users\ratho\OneDrive\Plocha\work_2026\FASK_2026\0x_Zdrojove_Kody\Konzola\Konzola\obj\x86\Debug\Konzola.csproj.Up2Date v dùsledku zadání AlwaysCreate.
  Probíhá aktualizace èasového razítka pro C:\Users\ratho\OneDrive\Plocha\work_2026\FASK_2026\0x_Zdrojove_Kody\Konzola\Konzola\obj\x86\Debug\Konzola.csproj.Up2Date.
_CopyOutOfDateSourceItemsToOutputDirectory:
Probíhá èásteèné vytváøení cíle _CopyOutOfDateSourceItemsToOutputDirectory, protože nìkteré výstupní soubory nejsou aktuální vzhledem k jejich vstupním souborùm.
  Probíhá vytváøení adresáøe ..\..\!Build!\Konzola\Debug\Napoveda.
  Probíhá vytváøení adresáøe ..\..\!Build!\Konzola\Debug\Napoveda.
  Probíhá kopírování souboru z umístìní C:\Users\ratho\OneDrive\Plocha\work_2026\FASK_2026\0x_Zdrojove_Kody\Konzola\!!!Support!!!\LeitzIcon\001_bin\PrintHelper.dll do umístìní C:\Users\ratho\OneDrive\Plocha\work_2026\FASK_2026\0x_Zdrojove_Kody\!Build!\Konzola\Debug\PrintHelper.dll.
  Probíhá kopírování souboru z umístìní C:\Users\ratho\OneDrive\Plocha\work_2026\FASK_2026\0x_Zdrojove_Kody\Konzola\Konzola\DS_Information.xml do umístìní C:\Users\ratho\OneDrive\Plocha\work_2026\FASK_2026\0x_Zdrojove_Kody\!Build!\Konzola\Debug\DS_Information.xml.
  Probíhá kopírování souboru z umístìní C:\Users\ratho\OneDrive\Plocha\work_2026\FASK_2026\0x_Zdrojove_Kody\Konzola\!!!Support!!!\LeitzIcon\001_bin\LeitzIconPrinterStatusHost.exe do umístìní C:\Users\ratho\OneDrive\Plocha\work_2026\FASK_2026\0x_Zdrojove_Kody\!Build!\Konzola\Debug\LeitzIconPrinterStatusHost.exe.
  Probíhá vytváøení adresáøe ..\..\!Build!\Konzola\Debug\Servis\Print\Templates.
  Probíhá kopírování souboru z umístìní C:\Users\ratho\OneDrive\Plocha\work_2026\FASK_2026\0x_Zdrojove_Kody\Konzola\Konzola\Napoveda\FormTypyDokladuEdit.xml do umístìní C:\Users\ratho\OneDrive\Plocha\work_2026\FASK_2026\0x_Zdrojove_Kody\!Build!\Konzola\Debug\Napoveda\FormTypyDokladuEdit.xml.
  Probíhá kopírování souboru z umístìní C:\Users\ratho\OneDrive\Plocha\work_2026\FASK_2026\0x_Zdrojove_Kody\Konzola\Konzola\Napoveda\FormRADYEdit.xml do umístìní C:\Users\ratho\OneDrive\Plocha\work_2026\FASK_2026\0x_Zdrojove_Kody\!Build!\Konzola\Debug\Napoveda\FormRADYEdit.xml.
  Probíhá vytváøení adresáøe ..\..\!Build!\Konzola\Debug\Servis\Print\Templates.
  Probíhá vytváøení adresáøe ..\..\!Build!\Konzola\Debug\Servis\Print\Templates.
  Probíhá vytváøení adresáøe ..\..\!Build!\Konzola\Debug\Servis\Print\Templates.
  Probíhá vytváøení adresáøe ..\..\!Build!\Konzola\Debug\Servis\Print\Templates.
  Probíhá kopírování souboru z umístìní C:\Users\ratho\OneDrive\Plocha\work_2026\FASK_2026\0x_Zdrojove_Kody\Konzola\Konzola\Servis\Print\Templates\Etiketa_Lokace.txt do umístìní C:\Users\ratho\OneDrive\Plocha\work_2026\FASK_2026\0x_Zdrojove_Kody\!Build!\Konzola\Debug\Servis\Print\Templates\Etiketa_Lokace.txt.
  Probíhá kopírování souboru z umístìní C:\Users\ratho\OneDrive\Plocha\work_2026\FASK_2026\0x_Zdrojove_Kody\Konzola\Konzola\Servis\Print\Templates\Etiketa_ZdrojStav.txt do umístìní C:\Users\ratho\OneDrive\Plocha\work_2026\FASK_2026\0x_Zdrojove_Kody\!Build!\Konzola\Debug\Servis\Print\Templates\Etiketa_ZdrojStav.txt.
  Probíhá kopírování souboru z umístìní C:\Users\ratho\OneDrive\Plocha\work_2026\FASK_2026\0x_Zdrojove_Kody\Konzola\Konzola\Servis\Print\Templates\Etiketa_Okruh.txt do umístìní C:\Users\ratho\OneDrive\Plocha\work_2026\FASK_2026\0x_Zdrojove_Kody\!Build!\Konzola\Debug\Servis\Print\Templates\Etiketa_Okruh.txt.
  Probíhá kopírování souboru z umístìní C:\Users\ratho\OneDrive\Plocha\work_2026\FASK_2026\0x_Zdrojove_Kody\Konzola\Konzola\Servis\Print\Templates\Etiketa_Zdroj.txt do umístìní C:\Users\ratho\OneDrive\Plocha\work_2026\FASK_2026\0x_Zdrojove_Kody\!Build!\Konzola\Debug\Servis\Print\Templates\Etiketa_Zdroj.txt.
  Probíhá kopírování souboru z umístìní C:\Users\ratho\OneDrive\Plocha\work_2026\FASK_2026\0x_Zdrojove_Kody\Konzola\Konzola\Servis\Print\Templates\Etiketa_Odberatel.txt do umístìní C:\Users\ratho\OneDrive\Plocha\work_2026\FASK_2026\0x_Zdrojove_Kody\!Build!\Konzola\Debug\Servis\Print\Templates\Etiketa_Odberatel.txt.
  Probíhá kopírování souboru z umístìní C:\Users\ratho\OneDrive\Plocha\work_2026\FASK_2026\0x_Zdrojove_Kody\Konzola\Konzola\Servis\Print\Templates\Etiketa_Uzivatel.txt do umístìní C:\Users\ratho\OneDrive\Plocha\work_2026\FASK_2026\0x_Zdrojove_Kody\!Build!\Konzola\Debug\Servis\Print\Templates\Etiketa_Uzivatel.txt.
  Probíhá kopírování souboru z umístìní C:\Users\ratho\OneDrive\Plocha\work_2026\FASK_2026\0x_Zdrojove_Kody\Konzola\Konzola\Servis\Print\Templates\LOGO.png do umístìní C:\Users\ratho\OneDrive\Plocha\work_2026\FASK_2026\0x_Zdrojove_Kody\!Build!\Konzola\Debug\Servis\Print\Templates\LOGO.png.
  Probíhá kopírování souboru z umístìní C:\Users\ratho\OneDrive\Plocha\work_2026\FASK_2026\0x_Zdrojove_Kody\Konzola\Konzola\Servis\Print\Templates\Report_ZdrojStav.rdlc do umístìní C:\Users\ratho\OneDrive\Plocha\work_2026\FASK_2026\0x_Zdrojove_Kody\!Build!\Konzola\Debug\Servis\Print\Templates\Report_ZdrojStav.rdlc.
  Probíhá kopírování souboru z umístìní C:\Users\ratho\OneDrive\Plocha\work_2026\FASK_2026\0x_Zdrojove_Kody\Konzola\Konzola\Servis\Print\Templates\Report_Zdroj.rdlc do umístìní C:\Users\ratho\OneDrive\Plocha\work_2026\FASK_2026\0x_Zdrojove_Kody\!Build!\Konzola\Debug\Servis\Print\Templates\Report_Zdroj.rdlc.
  Probíhá kopírování souboru z umístìní C:\Users\ratho\OneDrive\Plocha\work_2026\FASK_2026\0x_Zdrojove_Kody\Konzola\Konzola\Servis\Print\Templates\Report_TEST.rdlc do umístìní C:\Users\ratho\OneDrive\Plocha\work_2026\FASK_2026\0x_Zdrojove_Kody\!Build!\Konzola\Debug\Servis\Print\Templates\Report_TEST.rdlc.
  Probíhá kopírování souboru z umístìní C:\Users\ratho\OneDrive\Plocha\work_2026\FASK_2026\0x_Zdrojove_Kody\Konzola\Konzola\Servis\Print\Templates\Report_TEST_FASK.rdlc do umístìní C:\Users\ratho\OneDrive\Plocha\work_2026\FASK_2026\0x_Zdrojove_Kody\!Build!\Konzola\Debug\Servis\Print\Templates\Report_TEST_FASK.rdlc.
  Probíhá kopírování souboru z umístìní C:\Users\ratho\OneDrive\Plocha\work_2026\FASK_2026\0x_Zdrojove_Kody\Konzola\Konzola\Servis\Print\Templates\Report_VyrobnyPrikaz.rdlc do umístìní C:\Users\ratho\OneDrive\Plocha\work_2026\FASK_2026\0x_Zdrojove_Kody\!Build!\Konzola\Debug\Servis\Print\Templates\Report_VyrobnyPrikaz.rdlc.
  Probíhá kopírování souboru z umístìní C:\Users\ratho\OneDrive\Plocha\work_2026\FASK_2026\0x_Zdrojove_Kody\Konzola\Konzola\Servis\Print\Templates\Vydej_PrikazVychystani_I_Tec.rdlc do umístìní C:\Users\ratho\OneDrive\Plocha\work_2026\FASK_2026\0x_Zdrojove_Kody\!Build!\Konzola\Debug\Servis\Print\Templates\Vydej_PrikazVychystani_I_Tec.rdlc.
  Probíhá kopírování souboru z umístìní C:\Users\ratho\OneDrive\Plocha\work_2026\FASK_2026\0x_Zdrojove_Kody\Konzola\Konzola\Servis\Print\Templates\Report_VyrobnyPrikaz_BIOMAG.rdlc do umístìní C:\Users\ratho\OneDrive\Plocha\work_2026\FASK_2026\0x_Zdrojove_Kody\!Build!\Konzola\Debug\Servis\Print\Templates\Report_VyrobnyPrikaz_BIOMAG.rdlc.
  Probíhá kopírování souboru z umístìní C:\Users\ratho\OneDrive\Plocha\work_2026\FASK_2026\0x_Zdrojove_Kody\Konzola\Konzola\Servis\Print\Templates\Report_VyrobnyPrikaz_AGRO.rdlc do umístìní C:\Users\ratho\OneDrive\Plocha\work_2026\FASK_2026\0x_Zdrojove_Kody\!Build!\Konzola\Debug\Servis\Print\Templates\Report_VyrobnyPrikaz_AGRO.rdlc.
  Probíhá kopírování souboru z umístìní C:\Users\ratho\OneDrive\Plocha\work_2026\FASK_2026\0x_Zdrojove_Kody\Konzola\Konzola\read-me.txt do umístìní C:\Users\ratho\OneDrive\Plocha\work_2026\FASK_2026\0x_Zdrojove_Kody\!Build!\Konzola\Debug\read-me.txt.
  Probíhá kopírování souboru z umístìní C:\Users\ratho\OneDrive\Plocha\work_2026\FASK_2026\0x_Zdrojove_Kody\Konzola\Konzola\Konfigurace\Scanner.xml do umístìní C:\Users\ratho\OneDrive\Plocha\work_2026\FASK_2026\0x_Zdrojove_Kody\!Build!\Konzola\Debug\Konfigurace\Scanner.xml.
  Probíhá kopírování souboru z umístìní C:\Users\ratho\OneDrive\Plocha\work_2026\FASK_2026\0x_Zdrojove_Kody\Konzola\Konzola\Servis\Print\Templates\Report_PlanovaniVyroby.rdlc do umístìní C:\Users\ratho\OneDrive\Plocha\work_2026\FASK_2026\0x_Zdrojove_Kody\!Build!\Konzola\Debug\Servis\Print\Templates\Report_PlanovaniVyroby.rdlc.
  Probíhá kopírování souboru z umístìní C:\Users\ratho\OneDrive\Plocha\work_2026\FASK_2026\0x_Zdrojove_Kody\Konzola\Konzola\Servis\Print\Templates\Etiketa_LokMech_Stav.zpl do umístìní C:\Users\ratho\OneDrive\Plocha\work_2026\FASK_2026\0x_Zdrojove_Kody\!Build!\Konzola\Debug\Servis\Print\Templates\Etiketa_LokMech_Stav.zpl.
  Probíhá kopírování souboru z umístìní C:\Users\ratho\OneDrive\Plocha\work_2026\FASK_2026\0x_Zdrojove_Kody\Konzola\Konzola\Servis\Print\Templates\Etiketa_Prodej.zpl do umístìní C:\Users\ratho\OneDrive\Plocha\work_2026\FASK_2026\0x_Zdrojove_Kody\!Build!\Konzola\Debug\Servis\Print\Templates\Etiketa_Prodej.zpl.
  Probíhá kopírování souboru z umístìní C:\Users\ratho\OneDrive\Plocha\work_2026\FASK_2026\0x_Zdrojove_Kody\Konzola\Konzola\Servis\Print\Templates\Etiketa_Zdroj.LeitzLbl do umístìní C:\Users\ratho\OneDrive\Plocha\work_2026\FASK_2026\0x_Zdrojove_Kody\!Build!\Konzola\Debug\Servis\Print\Templates\Etiketa_Zdroj.LeitzLbl.
  Probíhá kopírování souboru z umístìní C:\Users\ratho\OneDrive\Plocha\work_2026\FASK_2026\0x_Zdrojove_Kody\Konzola\Konzola\Servis\Print\Templates\Etiketa_Uzivatel.LeitzLbl do umístìní C:\Users\ratho\OneDrive\Plocha\work_2026\FASK_2026\0x_Zdrojove_Kody\!Build!\Konzola\Debug\Servis\Print\Templates\Etiketa_Uzivatel.LeitzLbl.
  Probíhá kopírování souboru z umístìní C:\Users\ratho\OneDrive\Plocha\work_2026\FASK_2026\0x_Zdrojove_Kody\Konzola\Konzola\Servis\Print\Templates\Etiketa_Okruh.LeitzLbl do umístìní C:\Users\ratho\OneDrive\Plocha\work_2026\FASK_2026\0x_Zdrojove_Kody\!Build!\Konzola\Debug\Servis\Print\Templates\Etiketa_Okruh.LeitzLbl.
  Probíhá kopírování souboru z umístìní C:\Users\ratho\OneDrive\Plocha\work_2026\FASK_2026\0x_Zdrojove_Kody\Konzola\Konzola\Servis\Print\Templates\Etiketa_Odberatel.LeitzLbl do umístìní C:\Users\ratho\OneDrive\Plocha\work_2026\FASK_2026\0x_Zdrojove_Kody\!Build!\Konzola\Debug\Servis\Print\Templates\Etiketa_Odberatel.LeitzLbl.
  Probíhá kopírování souboru z umístìní C:\Users\ratho\OneDrive\Plocha\work_2026\FASK_2026\0x_Zdrojove_Kody\Konzola\Konzola\Servis\Print\Templates\Etiketa_ZdrojStav.LeitzLbl do umístìní C:\Users\ratho\OneDrive\Plocha\work_2026\FASK_2026\0x_Zdrojove_Kody\!Build!\Konzola\Debug\Servis\Print\Templates\Etiketa_ZdrojStav.LeitzLbl.
  Probíhá kopírování souboru z umístìní C:\Users\ratho\OneDrive\Plocha\work_2026\FASK_2026\0x_Zdrojove_Kody\Konzola\Konzola\Servis\Print\Templates\Report_InventuraCompare.rdlc do umístìní C:\Users\ratho\OneDrive\Plocha\work_2026\FASK_2026\0x_Zdrojove_Kody\!Build!\Konzola\Debug\Servis\Print\Templates\Report_InventuraCompare.rdlc.
_CopyAppConfigFile:
  Probíhá kopírování souboru z umístìní C:\Users\ratho\OneDrive\Plocha\work_2026\FASK_2026\0x_Zdrojove_Kody\Konzola\Konzola\app.config do umístìní C:\Users\ratho\OneDrive\Plocha\work_2026\FASK_2026\0x_Zdrojove_Kody\!Build!\Konzola\Debug\Konzola.exe.config.
CopyFilesToOutputDirectory:
  Probíhá kopírování souboru z umístìní C:\Users\ratho\OneDrive\Plocha\work_2026\FASK_2026\0x_Zdrojove_Kody\Konzola\Konzola\obj\x86\Debug\Konzola.exe do umístìní C:\Users\ratho\OneDrive\Plocha\work_2026\FASK_2026\0x_Zdrojove_Kody\!Build!\Konzola\Debug\Konzola.exe.
  Konzola -> C:\Users\ratho\OneDrive\Plocha\work_2026\FASK_2026\0x_Zdrojove_Kody\!Build!\Konzola\Debug\Konzola.exe
  Probíhá kopírování souboru z umístìní C:\Users\ratho\OneDrive\Plocha\work_2026\FASK_2026\0x_Zdrojove_Kody\Konzola\Konzola\obj\x86\Debug\Konzola.pdb do umístìní C:\Users\ratho\OneDrive\Plocha\work_2026\FASK_2026\0x_Zdrojove_Kody\!Build!\Konzola\Debug\Konzola.pdb.
Sestavení projektu C:\Users\ratho\OneDrive\Plocha\work_2026\FASK_2026\0x_Zdrojove_Kody\Konzola\Konzola\Konzola.csproj (s výchozími cíli) bylo dokonèeno.
Probíhá sestavení projektu C:\Users\ratho\OneDrive\Plocha\work_2026\FASK_2026\0x_Zdrojove_Kody\Konzola\Konzola.sln (1) – C:\Users\ratho\OneDrive\Plocha\work_2026\FASK_2026\0x_Zdrojove_Kody\Konzola\RFID_DLR-DK001\RFID_DLR_DK001_Provider.csproj (27) v uzlu 1 (výchozí cíle).
C:\Program Files\Microsoft Visual Studio\18\Community\MSBuild\Current\Bin\Microsoft.Common.CurrentVersion.targets(2453,5): warning MSB3270: Došlo k neshodì mezi architekturou procesoru MSIL v sestavovaném projektu a architekturou procesoru x86 pro odkaz C:\Users\ratho\OneDrive\Plocha\work_2026\FASK_2026\0x_Zdrojove_Kody\!Build!\Konzola\Debug\Konzola.exe. Tato neshoda mùže zpùsobit bìhové chyby. Zvažte zmìnu cílové architektury procesoru ve vašem projektu prostøednictvím nástroje Správce konfigurace tak, aby architektura procesoru projektu odpovídala architekturám procesoru odkazù. Mùžete také použít závislost na odkazech, jejichž architektura procesoru odpovídá cílové architektuøe procesoru ve vašem projektu. [C:\Users\ratho\OneDrive\Plocha\work_2026\FASK_2026\0x_Zdrojove_Kody\Konzola\RFID_DLR-DK001\RFID_DLR_DK001_Provider.csproj]
CoreCompile:
  Setting DOTNET_TieredCompilation to '0'
  C:\Program Files\Microsoft Visual Studio\18\Community\MSBuild\Current\Bin\Roslyn\csc.exe /noconfig /nowarn:1701,1702 /fullpaths /nostdlib+ /errorreport:prompt /warn:4 /define:DEBUG;TRACE /highentropyva+ /reference:C:\Users\ratho\OneDrive\Plocha\work_2026\FASK_2026\0x_Zdrojove_Kody\Konzola\packages\Dapper.2.1.35\lib\net461\Dapper.dll /reference:"C:\Users\ratho\OneDrive\Plocha\work_2026\FASK_2026\0x_Zdrojove_Kody\Konzola\!!!Support!!!\DLR-DK001 SKD\DLRFIDLibrary.dll" /reference:"C:\Users\ratho\OneDrive\Plocha\work_2026\FASK_2026\0x_Zdrojove_Kody\_SdileneProjekty_\Fask.Logging\!Build!\Debug\Fask.Logging.dll" /reference:"C:\Users\ratho\OneDrive\Plocha\work_2026\FASK_2026\0x_Zdrojove_Kody\!Build!\Konzola\Debug\IRFIDProvider.dll" /reference:"C:\Users\ratho\OneDrive\Plocha\work_2026\FASK_2026\0x_Zdrojove_Kody\!Build!\Konzola\Debug\Konzola.exe" /reference:"C:\Program Files (x86)\Reference Assemblies\Microsoft\Framework\.NETFramework\v4.7\mscorlib.dll" /reference:"C:\Program Files (x86)\Reference Assemblies\Microsoft\Framework\.NETFramework\v4.7\System.Core.dll" /reference:"C:\Program Files (x86)\Reference Assemblies\Microsoft\Framework\.NETFramework\v4.7\System.Data.DataSetExtensions.dll" /reference:"C:\Program Files (x86)\Reference Assemblies\Microsoft\Framework\.NETFramework\v4.7\System.Data.dll" /reference:"C:\Program Files (x86)\Reference Assemblies\Microsoft\Framework\.NETFramework\v4.7\System.dll" /reference:"C:\Program Files (x86)\Reference Assemblies\Microsoft\Framework\.NETFramework\v4.7\System.Xml.dll" /reference:"C:\Program Files (x86)\Reference Assemblies\Microsoft\Framework\.NETFramework\v4.7\System.Xml.Linq.dll" /debug+ /debug:full /filealign:512 /optimize- /out:obj\Debug\RFID_DLR_DK001_Provider.dll /subsystemversion:6.00 /target:library /utf8output /langversion:7.3 RFID_DLR_DK001_Provider.cs Properties\AssemblyInfo.cs "obj\Debug\.NETFramework,Version=v4.7.AssemblyAttributes.cs"
  Compilation request RFID_DLR_DK001_Provider, PathToTool=C:\Program Files\Microsoft Visual Studio\18\Community\MSBuild\Current\Bin\Roslyn\csc.exe
  CommandLine = ' /noconfig'
  BuildResponseFile = '/nowarn:1701,1702 /fullpaths /nostdlib+ /errorreport:prompt /warn:4 /define:DEBUG;TRACE /highentropyva+ /reference:C:\Users\ratho\OneDrive\Plocha\work_2026\FASK_2026\0x_Zdrojove_Kody\Konzola\packages\Dapper.2.1.35\lib\net461\Dapper.dll /reference:"C:\Users\ratho\OneDrive\Plocha\work_2026\FASK_2026\0x_Zdrojove_Kody\Konzola\!!!Support!!!\DLR-DK001 SKD\DLRFIDLibrary.dll" /reference:"C:\Users\ratho\OneDrive\Plocha\work_2026\FASK_2026\0x_Zdrojove_Kody\_SdileneProjekty_\Fask.Logging\!Build!\Debug\Fask.Logging.dll" /reference:"C:\Users\ratho\OneDrive\Plocha\work_2026\FASK_2026\0x_Zdrojove_Kody\!Build!\Konzola\Debug\IRFIDProvider.dll" /reference:"C:\Users\ratho\OneDrive\Plocha\work_2026\FASK_2026\0x_Zdrojove_Kody\!Build!\Konzola\Debug\Konzola.exe" /reference:"C:\Program Files (x86)\Reference Assemblies\Microsoft\Framework\.NETFramework\v4.7\mscorlib.dll" /reference:"C:\Program Files (x86)\Reference Assemblies\Microsoft\Framework\.NETFramework\v4.7\System.Core.dll" /reference:"C:\Program Files (x86)\Reference Assemblies\Microsoft\Framework\.NETFramework\v4.7\System.Data.DataSetExtensions.dll" /reference:"C:\Program Files (x86)\Reference Assemblies\Microsoft\Framework\.NETFramework\v4.7\System.Data.dll" /reference:"C:\Program Files (x86)\Reference Assemblies\Microsoft\Framework\.NETFramework\v4.7\System.dll" /reference:"C:\Program Files (x86)\Reference Assemblies\Microsoft\Framework\.NETFramework\v4.7\System.Xml.dll" /reference:"C:\Program Files (x86)\Reference Assemblies\Microsoft\Framework\.NETFramework\v4.7\System.Xml.Linq.dll" /debug+ /debug:full /filealign:512 /optimize- /out:obj\Debug\RFID_DLR_DK001_Provider.dll /subsystemversion:6.00 /target:library /utf8output /langversion:7.3 RFID_DLR_DK001_Provider.cs Properties\AssemblyInfo.cs "obj\Debug\.NETFramework,Version=v4.7.AssemblyAttributes.cs"'
  Attempt to open named pipe '9u7Mq5B0RaDaiN3atZFkuOIPV_m2MrBWEDBJPGpczys'
  Attempt to connect named pipe '9u7Mq5B0RaDaiN3atZFkuOIPV_m2MrBWEDBJPGpczys'
  Named pipe '9u7Mq5B0RaDaiN3atZFkuOIPV_m2MrBWEDBJPGpczys' connected
  Begin writing request for RFID_DLR_DK001_Provider
  End writing request for RFID_DLR_DK001_Provider
  Begin reading response for RFID_DLR_DK001_Provider
  End reading response for RFID_DLR_DK001_Provider
  CompilerServer: server - server processed compilation - RFID_DLR_DK001_Provider
_CopyFilesMarkedCopyLocal:
  Probíhá kopírování souboru z umístìní C:\Users\ratho\OneDrive\Plocha\work_2026\FASK_2026\0x_Zdrojove_Kody\Konzola\!!!Support!!!\DLR-DK001 SKD\DLRFIDLibrary.dll do umístìní C:\Users\ratho\OneDrive\Plocha\work_2026\FASK_2026\0x_Zdrojove_Kody\!Build!\Konzola\Debug\DLRFIDLibrary.dll.
  Probíhá vytváøení souboru C:\Users\ratho\OneDrive\Plocha\work_2026\FASK_2026\0x_Zdrojove_Kody\Konzola\RFID_DLR-DK001\obj\Debug\RFID_DLR.5272B75E.Up2Date v dùsledku zadání AlwaysCreate.
  Probíhá aktualizace èasového razítka pro C:\Users\ratho\OneDrive\Plocha\work_2026\FASK_2026\0x_Zdrojove_Kody\Konzola\RFID_DLR-DK001\obj\Debug\RFID_DLR.5272B75E.Up2Date.
_CopyOutOfDateSourceItemsToOutputDirectory:
Cíl _CopyOutOfDateSourceItemsToOutputDirectory bude vynechán, protože všechny výstupní soubory jsou aktuální vzhledem ke vstupním souborùm.
_CopyAppConfigFile:
  Probíhá kopírování souboru z umístìní C:\Users\ratho\OneDrive\Plocha\work_2026\FASK_2026\0x_Zdrojove_Kody\Konzola\RFID_DLR-DK001\app.config do umístìní C:\Users\ratho\OneDrive\Plocha\work_2026\FASK_2026\0x_Zdrojove_Kody\!Build!\Konzola\Debug\RFID_DLR_DK001_Provider.dll.config.
CopyFilesToOutputDirectory:
  Probíhá kopírování souboru z umístìní C:\Users\ratho\OneDrive\Plocha\work_2026\FASK_2026\0x_Zdrojove_Kody\Konzola\RFID_DLR-DK001\obj\Debug\RFID_DLR_DK001_Provider.dll do umístìní C:\Users\ratho\OneDrive\Plocha\work_2026\FASK_2026\0x_Zdrojove_Kody\!Build!\Konzola\Debug\RFID_DLR_DK001_Provider.dll.
  RFID_DLR_DK001_Provider -> C:\Users\ratho\OneDrive\Plocha\work_2026\FASK_2026\0x_Zdrojove_Kody\!Build!\Konzola\Debug\RFID_DLR_DK001_Provider.dll
  Probíhá kopírování souboru z umístìní C:\Users\ratho\OneDrive\Plocha\work_2026\FASK_2026\0x_Zdrojove_Kody\Konzola\RFID_DLR-DK001\obj\Debug\RFID_DLR_DK001_Provider.pdb do umístìní C:\Users\ratho\OneDrive\Plocha\work_2026\FASK_2026\0x_Zdrojove_Kody\!Build!\Konzola\Debug\RFID_DLR_DK001_Provider.pdb.
Sestavení projektu C:\Users\ratho\OneDrive\Plocha\work_2026\FASK_2026\0x_Zdrojove_Kody\Konzola\RFID_DLR-DK001\RFID_DLR_DK001_Provider.csproj (s výchozími cíli) bylo dokonèeno.
Probíhá sestavení projektu C:\Users\ratho\OneDrive\Plocha\work_2026\FASK_2026\0x_Zdrojove_Kody\Konzola\Konzola.sln (1) – C:\Users\ratho\OneDrive\Plocha\work_2026\FASK_2026\0x_Zdrojove_Kody\Konzola\RFID_SR-5102\RFID_SR_5102_Provider.csproj (28) v uzlu 1 (výchozí cíle).
C:\Program Files\Microsoft Visual Studio\18\Community\MSBuild\Current\Bin\Microsoft.Common.CurrentVersion.targets(2453,5): warning MSB3270: Došlo k neshodì mezi architekturou procesoru MSIL v sestavovaném projektu a architekturou procesoru x86 pro odkaz C:\Users\ratho\OneDrive\Plocha\work_2026\FASK_2026\0x_Zdrojove_Kody\!Build!\Konzola\Debug\Konzola.exe. Tato neshoda mùže zpùsobit bìhové chyby. Zvažte zmìnu cílové architektury procesoru ve vašem projektu prostøednictvím nástroje Správce konfigurace tak, aby architektura procesoru projektu odpovídala architekturám procesoru odkazù. Mùžete také použít závislost na odkazech, jejichž architektura procesoru odpovídá cílové architektuøe procesoru ve vašem projektu. [C:\Users\ratho\OneDrive\Plocha\work_2026\FASK_2026\0x_Zdrojove_Kody\Konzola\RFID_SR-5102\RFID_SR_5102_Provider.csproj]
CoreCompile:
  Setting DOTNET_TieredCompilation to '0'
  C:\Program Files\Microsoft Visual Studio\18\Community\MSBuild\Current\Bin\Roslyn\csc.exe /noconfig /nowarn:1701,1702 /fullpaths /nostdlib+ /errorreport:prompt /warn:4 /define:DEBUG;TRACE /highentropyva+ /reference:C:\Users\ratho\OneDrive\Plocha\work_2026\FASK_2026\0x_Zdrojove_Kody\Konzola\packages\Dapper.2.1.35\lib\net461\Dapper.dll /reference:"C:\Users\ratho\OneDrive\Plocha\work_2026\FASK_2026\0x_Zdrojove_Kody\_SdileneProjekty_\Fask.Logging\!Build!\Debug\Fask.Logging.dll" /reference:"C:\Users\ratho\OneDrive\Plocha\work_2026\FASK_2026\0x_Zdrojove_Kody\!Build!\Konzola\Debug\IRFIDProvider.dll" /reference:"C:\Users\ratho\OneDrive\Plocha\work_2026\FASK_2026\0x_Zdrojove_Kody\!Build!\Konzola\Debug\Konzola.exe" /reference:"C:\Program Files (x86)\Reference Assemblies\Microsoft\Framework\.NETFramework\v4.7\mscorlib.dll" /reference:"C:\Program Files (x86)\Reference Assemblies\Microsoft\Framework\.NETFramework\v4.7\System.Core.dll" /reference:"C:\Program Files (x86)\Reference Assemblies\Microsoft\Framework\.NETFramework\v4.7\System.Data.DataSetExtensions.dll" /reference:"C:\Program Files (x86)\Reference Assemblies\Microsoft\Framework\.NETFramework\v4.7\System.Data.dll" /reference:"C:\Program Files (x86)\Reference Assemblies\Microsoft\Framework\.NETFramework\v4.7\System.dll" /reference:"C:\Program Files (x86)\Reference Assemblies\Microsoft\Framework\.NETFramework\v4.7\System.Drawing.dll" /reference:"C:\Program Files (x86)\Reference Assemblies\Microsoft\Framework\.NETFramework\v4.7\System.Windows.Forms.dll" /reference:"C:\Program Files (x86)\Reference Assemblies\Microsoft\Framework\.NETFramework\v4.7\System.Xml.dll" /reference:"C:\Program Files (x86)\Reference Assemblies\Microsoft\Framework\.NETFramework\v4.7\System.Xml.Linq.dll" /reference:"C:\Users\ratho\OneDrive\Plocha\work_2026\FASK_2026\0x_Zdrojove_Kody\Konzola\!!!Support!!!\SR-5102 SDK\UHFReader09CSharp.dll" /debug+ /debug:full /filealign:512 /optimize- /out:obj\Debug\RFID_SR_5102_Provider.dll /subsystemversion:6.00 /target:library /utf8output /langversion:7.3 RFID_SR_5102_Provider.cs Properties\AssemblyInfo.cs "obj\Debug\.NETFramework,Version=v4.7.AssemblyAttributes.cs"
  Compilation request RFID_SR_5102_Provider, PathToTool=C:\Program Files\Microsoft Visual Studio\18\Community\MSBuild\Current\Bin\Roslyn\csc.exe
  CommandLine = ' /noconfig'
  BuildResponseFile = '/nowarn:1701,1702 /fullpaths /nostdlib+ /errorreport:prompt /warn:4 /define:DEBUG;TRACE /highentropyva+ /reference:C:\Users\ratho\OneDrive\Plocha\work_2026\FASK_2026\0x_Zdrojove_Kody\Konzola\packages\Dapper.2.1.35\lib\net461\Dapper.dll /reference:"C:\Users\ratho\OneDrive\Plocha\work_2026\FASK_2026\0x_Zdrojove_Kody\_SdileneProjekty_\Fask.Logging\!Build!\Debug\Fask.Logging.dll" /reference:"C:\Users\ratho\OneDrive\Plocha\work_2026\FASK_2026\0x_Zdrojove_Kody\!Build!\Konzola\Debug\IRFIDProvider.dll" /reference:"C:\Users\ratho\OneDrive\Plocha\work_2026\FASK_2026\0x_Zdrojove_Kody\!Build!\Konzola\Debug\Konzola.exe" /reference:"C:\Program Files (x86)\Reference Assemblies\Microsoft\Framework\.NETFramework\v4.7\mscorlib.dll" /reference:"C:\Program Files (x86)\Reference Assemblies\Microsoft\Framework\.NETFramework\v4.7\System.Core.dll" /reference:"C:\Program Files (x86)\Reference Assemblies\Microsoft\Framework\.NETFramework\v4.7\System.Data.DataSetExtensions.dll" /reference:"C:\Program Files (x86)\Reference Assemblies\Microsoft\Framework\.NETFramework\v4.7\System.Data.dll" /reference:"C:\Program Files (x86)\Reference Assemblies\Microsoft\Framework\.NETFramework\v4.7\System.dll" /reference:"C:\Program Files (x86)\Reference Assemblies\Microsoft\Framework\.NETFramework\v4.7\System.Drawing.dll" /reference:"C:\Program Files (x86)\Reference Assemblies\Microsoft\Framework\.NETFramework\v4.7\System.Windows.Forms.dll" /reference:"C:\Program Files (x86)\Reference Assemblies\Microsoft\Framework\.NETFramework\v4.7\System.Xml.dll" /reference:"C:\Program Files (x86)\Reference Assemblies\Microsoft\Framework\.NETFramework\v4.7\System.Xml.Linq.dll" /reference:"C:\Users\ratho\OneDrive\Plocha\work_2026\FASK_2026\0x_Zdrojove_Kody\Konzola\!!!Support!!!\SR-5102 SDK\UHFReader09CSharp.dll" /debug+ /debug:full /filealign:512 /optimize- /out:obj\Debug\RFID_SR_5102_Provider.dll /subsystemversion:6.00 /target:library /utf8output /langversion:7.3 RFID_SR_5102_Provider.cs Properties\AssemblyInfo.cs "obj\Debug\.NETFramework,Version=v4.7.AssemblyAttributes.cs"'
  Attempt to open named pipe '9u7Mq5B0RaDaiN3atZFkuOIPV_m2MrBWEDBJPGpczys'
  Attempt to connect named pipe '9u7Mq5B0RaDaiN3atZFkuOIPV_m2MrBWEDBJPGpczys'
  Named pipe '9u7Mq5B0RaDaiN3atZFkuOIPV_m2MrBWEDBJPGpczys' connected
  Begin writing request for RFID_SR_5102_Provider
  End writing request for RFID_SR_5102_Provider
  Begin reading response for RFID_SR_5102_Provider
  End reading response for RFID_SR_5102_Provider
C:\Users\ratho\OneDrive\Plocha\work_2026\FASK_2026\0x_Zdrojove_Kody\Konzola\RFID_SR-5102\RFID_SR_5102_Provider.cs(115,45): warning CS0162: Byl zjištìn nedosažitelný kód. [C:\Users\ratho\OneDrive\Plocha\work_2026\FASK_2026\0x_Zdrojove_Kody\Konzola\RFID_SR-5102\RFID_SR_5102_Provider.csproj]
  CompilerServer: server - server processed compilation - RFID_SR_5102_Provider
_CopyFilesMarkedCopyLocal:
  Probíhá kopírování souboru z umístìní C:\Users\ratho\OneDrive\Plocha\work_2026\FASK_2026\0x_Zdrojove_Kody\Konzola\!!!Support!!!\SR-5102 SDK\UHFReader09CSharp.dll do umístìní C:\Users\ratho\OneDrive\Plocha\work_2026\FASK_2026\0x_Zdrojove_Kody\!Build!\Konzola\Debug\UHFReader09CSharp.dll.
  Probíhá vytváøení souboru C:\Users\ratho\OneDrive\Plocha\work_2026\FASK_2026\0x_Zdrojove_Kody\Konzola\RFID_SR-5102\obj\Debug\RFID_SR_.6B86BB0F.Up2Date v dùsledku zadání AlwaysCreate.
  Probíhá aktualizace èasového razítka pro C:\Users\ratho\OneDrive\Plocha\work_2026\FASK_2026\0x_Zdrojove_Kody\Konzola\RFID_SR-5102\obj\Debug\RFID_SR_.6B86BB0F.Up2Date.
_CopyOutOfDateSourceItemsToOutputDirectory:
Probíhá èásteèné vytváøení cíle _CopyOutOfDateSourceItemsToOutputDirectory, protože nìkteré výstupní soubory nejsou aktuální vzhledem k jejich vstupním souborùm.
  Probíhá kopírování souboru z umístìní C:\Users\ratho\OneDrive\Plocha\work_2026\FASK_2026\0x_Zdrojove_Kody\Konzola\!!!Support!!!\SR-5102 SDK\Basic.dll do umístìní C:\Users\ratho\OneDrive\Plocha\work_2026\FASK_2026\0x_Zdrojove_Kody\!Build!\Konzola\Debug\Basic.dll.
_CopyAppConfigFile:
  Probíhá kopírování souboru z umístìní C:\Users\ratho\OneDrive\Plocha\work_2026\FASK_2026\0x_Zdrojove_Kody\Konzola\RFID_SR-5102\app.config do umístìní C:\Users\ratho\OneDrive\Plocha\work_2026\FASK_2026\0x_Zdrojove_Kody\!Build!\Konzola\Debug\RFID_SR_5102_Provider.dll.config.
CopyFilesToOutputDirectory:
  Probíhá kopírování souboru z umístìní C:\Users\ratho\OneDrive\Plocha\work_2026\FASK_2026\0x_Zdrojove_Kody\Konzola\RFID_SR-5102\obj\Debug\RFID_SR_5102_Provider.dll do umístìní C:\Users\ratho\OneDrive\Plocha\work_2026\FASK_2026\0x_Zdrojove_Kody\!Build!\Konzola\Debug\RFID_SR_5102_Provider.dll.
  RFID_SR_5102_Provider -> C:\Users\ratho\OneDrive\Plocha\work_2026\FASK_2026\0x_Zdrojove_Kody\!Build!\Konzola\Debug\RFID_SR_5102_Provider.dll
  Probíhá kopírování souboru z umístìní C:\Users\ratho\OneDrive\Plocha\work_2026\FASK_2026\0x_Zdrojove_Kody\Konzola\RFID_SR-5102\obj\Debug\RFID_SR_5102_Provider.pdb do umístìní C:\Users\ratho\OneDrive\Plocha\work_2026\FASK_2026\0x_Zdrojove_Kody\!Build!\Konzola\Debug\RFID_SR_5102_Provider.pdb.
Sestavení projektu C:\Users\ratho\OneDrive\Plocha\work_2026\FASK_2026\0x_Zdrojove_Kody\Konzola\RFID_SR-5102\RFID_SR_5102_Provider.csproj (s výchozími cíli) bylo dokonèeno.
Sestavení projektu C:\Users\ratho\OneDrive\Plocha\work_2026\FASK_2026\0x_Zdrojove_Kody\Konzola\Konzola.sln (poèet cílù: Build) bylo dokonèeno.

Vytváøení sestavení bylo úspìšnì dokonèeno.

C:\Users\ratho\OneDrive\Plocha\work_2026\FASK_2026\0x_Zdrojove_Kody\Konzola\Konzola.sln (Build cíl) (1) ->
"C:\Users\ratho\OneDrive\Plocha\work_2026\FASK_2026\0x_Zdrojove_Kody\Konzola\Konzola\Konzola.csproj" (výchozí cíl) (2) ->
"C:\Users\ratho\OneDrive\Plocha\work_2026\FASK_2026\0x_Zdrojove_Kody\_SdileneProjekty_\FASK.Logins\FASK.Logins.csproj" (výchozí cíl) (9:2) ->
(cíl CoreCompile) -> 
  C:\Users\ratho\OneDrive\Plocha\work_2026\FASK_2026\0x_Zdrojove_Kody\_SdileneProjekty_\FASK.Logins\Uzivatel.cs(222,29): warning CS0168: Promìnná ex je deklarovaná, ale nikdy se nepoužívá. [C:\Users\ratho\OneDrive\Plocha\work_2026\FASK_2026\0x_Zdrojove_Kody\_SdileneProjekty_\FASK.Logins\FASK.Logins.csproj]


C:\Users\ratho\OneDrive\Plocha\work_2026\FASK_2026\0x_Zdrojove_Kody\Konzola\Konzola.sln (Build cíl) (1) ->
"C:\Users\ratho\OneDrive\Plocha\work_2026\FASK_2026\0x_Zdrojove_Kody\Konzola\Konzola\Konzola.csproj" (výchozí cíl) (2) ->
"C:\Users\ratho\OneDrive\Plocha\work_2026\FASK_2026\0x_Zdrojove_Kody\_SdileneProjekty_\RemoteViewing\RemoteViewing\RemoteViewing.Windows.Forms\RemoteViewing.Windows.Forms.csproj" (výchozí cíl) (14:2) ->
"C:\Users\ratho\OneDrive\Plocha\work_2026\FASK_2026\0x_Zdrojove_Kody\_SdileneProjekty_\RemoteViewing\RemoteViewing\RemoteViewing\RemoteViewing.csproj" (výchozí cíl) (15:3) ->
  C:\Users\ratho\OneDrive\Plocha\work_2026\FASK_2026\0x_Zdrojove_Kody\_SdileneProjekty_\RemoteViewing\RemoteViewing\RemoteViewing\Vnc\VncPixelFormat.cs(193,23): warning CS3021: VncPixelFormat.RedMax nepotøebuje atribut CLSCompliant, protože sestavení nemá atribut CLSCompliant. [C:\Users\ratho\OneDrive\Plocha\work_2026\FASK_2026\0x_Zdrojove_Kody\_SdileneProjekty_\RemoteViewing\RemoteViewing\RemoteViewing\RemoteViewing.csproj]
  C:\Users\ratho\OneDrive\Plocha\work_2026\FASK_2026\0x_Zdrojove_Kody\_SdileneProjekty_\RemoteViewing\RemoteViewing\RemoteViewing\Vnc\VncPixelFormat.cs(205,23): warning CS3021: VncPixelFormat.BlueMax nepotøebuje atribut CLSCompliant, protože sestavení nemá atribut CLSCompliant. [C:\Users\ratho\OneDrive\Plocha\work_2026\FASK_2026\0x_Zdrojove_Kody\_SdileneProjekty_\RemoteViewing\RemoteViewing\RemoteViewing\RemoteViewing.csproj]
  C:\Users\ratho\OneDrive\Plocha\work_2026\FASK_2026\0x_Zdrojove_Kody\_SdileneProjekty_\RemoteViewing\RemoteViewing\RemoteViewing\Vnc\KeySym.cs(54,17): warning CS3021: KeySym nepotøebuje atribut CLSCompliant, protože sestavení nemá atribut CLSCompliant. [C:\Users\ratho\OneDrive\Plocha\work_2026\FASK_2026\0x_Zdrojove_Kody\_SdileneProjekty_\RemoteViewing\RemoteViewing\RemoteViewing\RemoteViewing.csproj]
  C:\Users\ratho\OneDrive\Plocha\work_2026\FASK_2026\0x_Zdrojove_Kody\_SdileneProjekty_\RemoteViewing\RemoteViewing\RemoteViewing\Vnc\VncPixelFormat.cs(217,23): warning CS3021: VncPixelFormat.GreenMax nepotøebuje atribut CLSCompliant, protože sestavení nemá atribut CLSCompliant. [C:\Users\ratho\OneDrive\Plocha\work_2026\FASK_2026\0x_Zdrojove_Kody\_SdileneProjekty_\RemoteViewing\RemoteViewing\RemoteViewing\RemoteViewing.csproj]
  C:\Users\ratho\OneDrive\Plocha\work_2026\FASK_2026\0x_Zdrojove_Kody\_SdileneProjekty_\RemoteViewing\RemoteViewing\RemoteViewing\Vnc\VncClient.cs(325,21): warning CS3021: VncClient.SendKeyEvent(KeySym, bool) nepotøebuje atribut CLSCompliant, protože sestavení nemá atribut CLSCompliant. [C:\Users\ratho\OneDrive\Plocha\work_2026\FASK_2026\0x_Zdrojove_Kody\_SdileneProjekty_\RemoteViewing\RemoteViewing\RemoteViewing\RemoteViewing.csproj]


C:\Users\ratho\OneDrive\Plocha\work_2026\FASK_2026\0x_Zdrojove_Kody\Konzola\Konzola.sln (Build cíl) (1) ->
"C:\Users\ratho\OneDrive\Plocha\work_2026\FASK_2026\0x_Zdrojove_Kody\Konzola\Konzola\Konzola.csproj" (výchozí cíl) (2) ->
"C:\Users\ratho\OneDrive\Plocha\work_2026\FASK_2026\0x_Zdrojove_Kody\_SdileneProjekty_\RemoteViewing\RemoteViewing\RemoteViewing.Windows.Forms\RemoteViewing.Windows.Forms.csproj" (výchozí cíl) (14:2) ->
(cíl CreateManifestResourceNames) -> 
  C:\Program Files\Microsoft Visual Studio\18\Community\MSBuild\Current\Bin\Microsoft.CSharp.CurrentVersion.targets(100,9): warning MSB3042: V direktivì podmínìné kompilace v souboru VncControl.cs byla nalezena definice oboru názvù nebo tøídy.  To by mohlo vést k nesprávné volbì názvu prostøedku manifestu pro prostøedek VncControl.resx. [C:\Users\ratho\OneDrive\Plocha\work_2026\FASK_2026\0x_Zdrojove_Kody\_SdileneProjekty_\RemoteViewing\RemoteViewing\RemoteViewing.Windows.Forms\RemoteViewing.Windows.Forms.csproj]


C:\Users\ratho\OneDrive\Plocha\work_2026\FASK_2026\0x_Zdrojove_Kody\Konzola\Konzola.sln (Build cíl) (1) ->
"C:\Users\ratho\OneDrive\Plocha\work_2026\FASK_2026\0x_Zdrojove_Kody\Konzola\Konzola\Konzola.csproj" (výchozí cíl) (2) ->
"C:\Users\ratho\OneDrive\Plocha\work_2026\FASK_2026\0x_Zdrojove_Kody\Konzola\Fask.Console.Modules\Fask.ModulePohodaXML\Fask.ModulePohodaXML.csproj" (výchozí cíl) (20:2) ->
(cíl CoreCompile) -> 
  C:\Users\ratho\OneDrive\Plocha\work_2026\FASK_2026\0x_Zdrojove_Kody\Konzola\Fask.Console.Modules\Fask.ModulePohodaXML\Provider\ProviderHlavni.cs(7,7): warning CS0105: Direktiva using pro Fask.Interfaces.DataSets se objevila už døív v tomto oboru názvù. [C:\Users\ratho\OneDrive\Plocha\work_2026\FASK_2026\0x_Zdrojove_Kody\Konzola\Fask.Console.Modules\Fask.ModulePohodaXML\Fask.ModulePohodaXML.csproj]
  C:\Users\ratho\OneDrive\Plocha\work_2026\FASK_2026\0x_Zdrojove_Kody\Konzola\Fask.Console.Modules\Fask.ModulePohodaXML\Provider\Ciselniky\ProviderCiselniky_Zbozi.cs(706,17): warning CS0162: Byl zjištìn nedosažitelný kód. [C:\Users\ratho\OneDrive\Plocha\work_2026\FASK_2026\0x_Zdrojove_Kody\Konzola\Fask.Console.Modules\Fask.ModulePohodaXML\Fask.ModulePohodaXML.csproj]
  C:\Users\ratho\OneDrive\Plocha\work_2026\FASK_2026\0x_Zdrojove_Kody\Konzola\Fask.Console.Modules\Fask.ModulePohodaXML\Provider\Vyroba\ProviderPV.cs(2019,13): warning CS0162: Byl zjištìn nedosažitelný kód. [C:\Users\ratho\OneDrive\Plocha\work_2026\FASK_2026\0x_Zdrojove_Kody\Konzola\Fask.Console.Modules\Fask.ModulePohodaXML\Fask.ModulePohodaXML.csproj]
  C:\Users\ratho\OneDrive\Plocha\work_2026\FASK_2026\0x_Zdrojove_Kody\Konzola\Fask.Console.Modules\Fask.ModulePohodaXML\Provider\Ciselniky\ProviderCiselniky_SkladLokace_Mapa.cs(663,13): warning CS0162: Byl zjištìn nedosažitelný kód. [C:\Users\ratho\OneDrive\Plocha\work_2026\FASK_2026\0x_Zdrojove_Kody\Konzola\Fask.Console.Modules\Fask.ModulePohodaXML\Fask.ModulePohodaXML.csproj]


C:\Users\ratho\OneDrive\Plocha\work_2026\FASK_2026\0x_Zdrojove_Kody\Konzola\Konzola.sln (Build cíl) (1) ->
"C:\Users\ratho\OneDrive\Plocha\work_2026\FASK_2026\0x_Zdrojove_Kody\Konzola\Konzola\Konzola.csproj" (výchozí cíl) (2) ->
"C:\Users\ratho\OneDrive\Plocha\work_2026\FASK_2026\0x_Zdrojove_Kody\Konzola\Fask.Console.Modules\Fask.ModuleSql\Fask.ModuleSql.csproj" (výchozí cíl) (21:2) ->
  C:\Users\ratho\OneDrive\Plocha\work_2026\FASK_2026\0x_Zdrojove_Kody\Konzola\Fask.Console.Modules\Fask.ModuleSql\Provider\ProviderHlavni.cs(7,7): warning CS0105: Direktiva using pro Fask.Interfaces.DataSets se objevila už døív v tomto oboru názvù. [C:\Users\ratho\OneDrive\Plocha\work_2026\FASK_2026\0x_Zdrojove_Kody\Konzola\Fask.Console.Modules\Fask.ModuleSql\Fask.ModuleSql.csproj]
  C:\Users\ratho\OneDrive\Plocha\work_2026\FASK_2026\0x_Zdrojove_Kody\Konzola\Fask.Console.Modules\Fask.ModuleSql\Provider\Vyroba\ProviderPV.cs(94,13): warning CS0162: Byl zjištìn nedosažitelný kód. [C:\Users\ratho\OneDrive\Plocha\work_2026\FASK_2026\0x_Zdrojove_Kody\Konzola\Fask.Console.Modules\Fask.ModuleSql\Fask.ModuleSql.csproj]


C:\Users\ratho\OneDrive\Plocha\work_2026\FASK_2026\0x_Zdrojove_Kody\Konzola\Konzola.sln (Build cíl) (1) ->
"C:\Users\ratho\OneDrive\Plocha\work_2026\FASK_2026\0x_Zdrojove_Kody\Konzola\Konzola\Konzola.csproj" (výchozí cíl) (2) ->
(cíl ResolveAssemblyReferences) -> 
  C:\Program Files\Microsoft Visual Studio\18\Community\MSBuild\Current\Bin\Microsoft.Common.CurrentVersion.targets(2453,5): warning MSB3276: Byly zjištìny konflikty mezi rùznými verzemi stejného závislého sestavení. V souboru projektu nastavte vlastnost AutoGenerateBindingRedirects na hodnotu True. Další informace najdete na webu http://go.microsoft.com/fwlink/?LinkId=294190. [C:\Users\ratho\OneDrive\Plocha\work_2026\FASK_2026\0x_Zdrojove_Kody\Konzola\Konzola\Konzola.csproj]


C:\Users\ratho\OneDrive\Plocha\work_2026\FASK_2026\0x_Zdrojove_Kody\Konzola\Konzola.sln (Build cíl) (1) ->
"C:\Users\ratho\OneDrive\Plocha\work_2026\FASK_2026\0x_Zdrojove_Kody\Konzola\Konzola\Konzola.csproj" (výchozí cíl) (2) ->
(cíl CoreCompile) -> 
  C:\Users\ratho\OneDrive\Plocha\work_2026\FASK_2026\0x_Zdrojove_Kody\Konzola\Konzola\Extensions\DataGridView_Exporty.cs(12,7): warning CS0105: Direktiva using pro System se objevila už døív v tomto oboru názvù. [C:\Users\ratho\OneDrive\Plocha\work_2026\FASK_2026\0x_Zdrojove_Kody\Konzola\Konzola\Konzola.csproj]
  C:\Users\ratho\OneDrive\Plocha\work_2026\FASK_2026\0x_Zdrojove_Kody\Konzola\Konzola\Extensions\DataGridView_Exporty.cs(13,7): warning CS0105: Direktiva using pro System.Collections.Generic se objevila už døív v tomto oboru názvù. [C:\Users\ratho\OneDrive\Plocha\work_2026\FASK_2026\0x_Zdrojove_Kody\Konzola\Konzola\Konzola.csproj]
  C:\Users\ratho\OneDrive\Plocha\work_2026\FASK_2026\0x_Zdrojove_Kody\Konzola\Konzola\Extensions\DataGridView_Exporty.cs(14,7): warning CS0105: Direktiva using pro System.Data se objevila už døív v tomto oboru názvù. [C:\Users\ratho\OneDrive\Plocha\work_2026\FASK_2026\0x_Zdrojove_Kody\Konzola\Konzola\Konzola.csproj]
  C:\Users\ratho\OneDrive\Plocha\work_2026\FASK_2026\0x_Zdrojove_Kody\Konzola\Konzola\Extensions\DataGridView_Exporty.cs(16,7): warning CS0105: Direktiva using pro System.Globalization se objevila už døív v tomto oboru názvù. [C:\Users\ratho\OneDrive\Plocha\work_2026\FASK_2026\0x_Zdrojove_Kody\Konzola\Konzola\Konzola.csproj]
  C:\Users\ratho\OneDrive\Plocha\work_2026\FASK_2026\0x_Zdrojove_Kody\Konzola\Konzola\Extensions\DataGridView_Exporty.cs(17,7): warning CS0105: Direktiva using pro System.IO se objevila už døív v tomto oboru názvù. [C:\Users\ratho\OneDrive\Plocha\work_2026\FASK_2026\0x_Zdrojove_Kody\Konzola\Konzola\Konzola.csproj]
  C:\Users\ratho\OneDrive\Plocha\work_2026\FASK_2026\0x_Zdrojove_Kody\Konzola\Konzola\ImportniMustky\FormImport_SKzNC_Edit.cs(241,25): warning CS0168: Promìnná test je deklarovaná, ale nikdy se nepoužívá. [C:\Users\ratho\OneDrive\Plocha\work_2026\FASK_2026\0x_Zdrojove_Kody\Konzola\Konzola\Konzola.csproj]
  C:\Users\ratho\OneDrive\Plocha\work_2026\FASK_2026\0x_Zdrojove_Kody\Konzola\Konzola\Extensions\DataGridView_Exporty.cs(640,26): warning CS0219: Promìnná kontrola má pøiøazenou hodnotu, ale nikdy se nepoužívá. [C:\Users\ratho\OneDrive\Plocha\work_2026\FASK_2026\0x_Zdrojove_Kody\Konzola\Konzola\Konzola.csproj]
  C:\Users\ratho\OneDrive\Plocha\work_2026\FASK_2026\0x_Zdrojove_Kody\Konzola\Konzola\Extensions\DataGridView_Exporty.cs(541,21): warning CS0219: Promìnná iterace má pøiøazenou hodnotu, ale nikdy se nepoužívá. [C:\Users\ratho\OneDrive\Plocha\work_2026\FASK_2026\0x_Zdrojove_Kody\Konzola\Konzola\Konzola.csproj]
  C:\Users\ratho\OneDrive\Plocha\work_2026\FASK_2026\0x_Zdrojove_Kody\Konzola\Konzola\Extensions\DataGridView_Exporty.cs(542,26): warning CS0219: Promìnná headers má pøiøazenou hodnotu, ale nikdy se nepoužívá. [C:\Users\ratho\OneDrive\Plocha\work_2026\FASK_2026\0x_Zdrojove_Kody\Konzola\Konzola\Konzola.csproj]
  C:\Users\ratho\OneDrive\Plocha\work_2026\FASK_2026\0x_Zdrojove_Kody\Konzola\Konzola\Extensions\DataGridView_Exporty.cs(680,20): warning CS0219: Promìnná nychystanoNaZapis má pøiøazenou hodnotu, ale nikdy se nepoužívá. [C:\Users\ratho\OneDrive\Plocha\work_2026\FASK_2026\0x_Zdrojove_Kody\Konzola\Konzola\Konzola.csproj]
  C:\Users\ratho\OneDrive\Plocha\work_2026\FASK_2026\0x_Zdrojove_Kody\Konzola\Konzola\Ciselniky\FormStrediskaList.cs(1390,50): warning CS0168: Promìnná ex je deklarovaná, ale nikdy se nepoužívá. [C:\Users\ratho\OneDrive\Plocha\work_2026\FASK_2026\0x_Zdrojove_Kody\Konzola\Konzola\Konzola.csproj]
  C:\Users\ratho\OneDrive\Plocha\work_2026\FASK_2026\0x_Zdrojove_Kody\Konzola\Konzola\ImportniMustky\Extensions\DataSet_Import.cs(110,34): warning CS0168: Promìnná ex je deklarovaná, ale nikdy se nepoužívá. [C:\Users\ratho\OneDrive\Plocha\work_2026\FASK_2026\0x_Zdrojove_Kody\Konzola\Konzola\Konzola.csproj]
  C:\Users\ratho\OneDrive\Plocha\work_2026\FASK_2026\0x_Zdrojove_Kody\Konzola\Konzola\ImportniMustky\Extensions\DataSet_Import.cs(141,38): warning CS0168: Promìnná ex je deklarovaná, ale nikdy se nepoužívá. [C:\Users\ratho\OneDrive\Plocha\work_2026\FASK_2026\0x_Zdrojove_Kody\Konzola\Konzola\Konzola.csproj]
  C:\Users\ratho\OneDrive\Plocha\work_2026\FASK_2026\0x_Zdrojove_Kody\Konzola\Konzola\Ciselniky\FormStrediskaList.cs(1621,46): warning CS0168: Promìnná ex je deklarovaná, ale nikdy se nepoužívá. [C:\Users\ratho\OneDrive\Plocha\work_2026\FASK_2026\0x_Zdrojove_Kody\Konzola\Konzola\Konzola.csproj]
  C:\Users\ratho\OneDrive\Plocha\work_2026\FASK_2026\0x_Zdrojove_Kody\Konzola\Konzola\Ciselniky\FormStrediskaList.cs(1908,50): warning CS0168: Promìnná ex je deklarovaná, ale nikdy se nepoužívá. [C:\Users\ratho\OneDrive\Plocha\work_2026\FASK_2026\0x_Zdrojove_Kody\Konzola\Konzola\Konzola.csproj]
  C:\Users\ratho\OneDrive\Plocha\work_2026\FASK_2026\0x_Zdrojove_Kody\Konzola\Konzola\Ciselniky\FormStrediskaList.cs(2023,46): warning CS0168: Promìnná ex je deklarovaná, ale nikdy se nepoužívá. [C:\Users\ratho\OneDrive\Plocha\work_2026\FASK_2026\0x_Zdrojove_Kody\Konzola\Konzola\Konzola.csproj]
  C:\Users\ratho\OneDrive\Plocha\work_2026\FASK_2026\0x_Zdrojove_Kody\Konzola\Konzola\Forms\Spolecne\FormVyrabenePolozky.cs(890,24): warning CS0618: FormProductionEdit je zastaralá: Stara funkcionalita, nove se pouziva 'FormProductionEdit2', kde je mozno editovat vice dat. [C:\Users\ratho\OneDrive\Plocha\work_2026\FASK_2026\0x_Zdrojove_Kody\Konzola\Konzola\Konzola.csproj]
  C:\Users\ratho\OneDrive\Plocha\work_2026\FASK_2026\0x_Zdrojove_Kody\Konzola\Konzola\Forms\Spolecne\FormVyrabenePolozky.cs(890,57): warning CS0618: FormProductionEdit je zastaralá: Stara funkcionalita, nove se pouziva 'FormProductionEdit2', kde je mozno editovat vice dat. [C:\Users\ratho\OneDrive\Plocha\work_2026\FASK_2026\0x_Zdrojove_Kody\Konzola\Konzola\Konzola.csproj]
  C:\Users\ratho\OneDrive\Plocha\work_2026\FASK_2026\0x_Zdrojove_Kody\Konzola\Konzola\Ciselniky\FormLokaceMapaList.cs(1762,50): warning CS0168: Promìnná ex je deklarovaná, ale nikdy se nepoužívá. [C:\Users\ratho\OneDrive\Plocha\work_2026\FASK_2026\0x_Zdrojove_Kody\Konzola\Konzola\Konzola.csproj]
  C:\Users\ratho\OneDrive\Plocha\work_2026\FASK_2026\0x_Zdrojove_Kody\Konzola\Konzola\Ciselniky\FormLokaceMapaList.cs(1995,46): warning CS0168: Promìnná ex je deklarovaná, ale nikdy se nepoužívá. [C:\Users\ratho\OneDrive\Plocha\work_2026\FASK_2026\0x_Zdrojove_Kody\Konzola\Konzola\Konzola.csproj]
  C:\Users\ratho\OneDrive\Plocha\work_2026\FASK_2026\0x_Zdrojove_Kody\Konzola\Konzola\Inventura\FormInventuraPredlohaList.cs(1323,50): warning CS0168: Promìnná ex je deklarovaná, ale nikdy se nepoužívá. [C:\Users\ratho\OneDrive\Plocha\work_2026\FASK_2026\0x_Zdrojove_Kody\Konzola\Konzola\Konzola.csproj]
  C:\Users\ratho\OneDrive\Plocha\work_2026\FASK_2026\0x_Zdrojove_Kody\Konzola\Konzola\Ciselniky\FormLokaceMapaList.cs(2248,50): warning CS0168: Promìnná ex je deklarovaná, ale nikdy se nepoužívá. [C:\Users\ratho\OneDrive\Plocha\work_2026\FASK_2026\0x_Zdrojove_Kody\Konzola\Konzola\Konzola.csproj]
  C:\Users\ratho\OneDrive\Plocha\work_2026\FASK_2026\0x_Zdrojove_Kody\Konzola\Konzola\Ciselniky\FormOdberateleList.cs(1441,50): warning CS0168: Promìnná ex je deklarovaná, ale nikdy se nepoužívá. [C:\Users\ratho\OneDrive\Plocha\work_2026\FASK_2026\0x_Zdrojove_Kody\Konzola\Konzola\Konzola.csproj]
  C:\Users\ratho\OneDrive\Plocha\work_2026\FASK_2026\0x_Zdrojove_Kody\Konzola\Konzola\Ciselniky\FormOdberateleList.cs(1673,46): warning CS0168: Promìnná ex je deklarovaná, ale nikdy se nepoužívá. [C:\Users\ratho\OneDrive\Plocha\work_2026\FASK_2026\0x_Zdrojove_Kody\Konzola\Konzola\Konzola.csproj]
  C:\Users\ratho\OneDrive\Plocha\work_2026\FASK_2026\0x_Zdrojove_Kody\Konzola\Konzola\Ciselniky\FormLokaceMapaList.cs(2363,46): warning CS0168: Promìnná ex je deklarovaná, ale nikdy se nepoužívá. [C:\Users\ratho\OneDrive\Plocha\work_2026\FASK_2026\0x_Zdrojove_Kody\Konzola\Konzola\Konzola.csproj]
  C:\Users\ratho\OneDrive\Plocha\work_2026\FASK_2026\0x_Zdrojove_Kody\Konzola\Konzola\Forms\Spolecne\FormVyrabenePolozky.cs(1371,26): warning CS0168: Promìnná dtStop je deklarovaná, ale nikdy se nepoužívá. [C:\Users\ratho\OneDrive\Plocha\work_2026\FASK_2026\0x_Zdrojove_Kody\Konzola\Konzola\Konzola.csproj]
  C:\Users\ratho\OneDrive\Plocha\work_2026\FASK_2026\0x_Zdrojove_Kody\Konzola\Konzola\Forms\Spolecne\FormVyrabenePolozky.cs(1372,25): warning CS0168: Promìnná dMnozstvi je deklarovaná, ale nikdy se nepoužívá. [C:\Users\ratho\OneDrive\Plocha\work_2026\FASK_2026\0x_Zdrojove_Kody\Konzola\Konzola\Konzola.csproj]
  C:\Users\ratho\OneDrive\Plocha\work_2026\FASK_2026\0x_Zdrojove_Kody\Konzola\Konzola\Ciselniky\FormOdberateleList.cs(1963,50): warning CS0168: Promìnná ex je deklarovaná, ale nikdy se nepoužívá. [C:\Users\ratho\OneDrive\Plocha\work_2026\FASK_2026\0x_Zdrojove_Kody\Konzola\Konzola\Konzola.csproj]
  C:\Users\ratho\OneDrive\Plocha\work_2026\FASK_2026\0x_Zdrojove_Kody\Konzola\Konzola\Ciselniky\FormOdberateleList.cs(2078,46): warning CS0168: Promìnná ex je deklarovaná, ale nikdy se nepoužívá. [C:\Users\ratho\OneDrive\Plocha\work_2026\FASK_2026\0x_Zdrojove_Kody\Konzola\Konzola\Konzola.csproj]
  C:\Users\ratho\OneDrive\Plocha\work_2026\FASK_2026\0x_Zdrojove_Kody\Konzola\Konzola\Inventura\FormInventuraPredlohaList.cs(1556,46): warning CS0168: Promìnná ex je deklarovaná, ale nikdy se nepoužívá. [C:\Users\ratho\OneDrive\Plocha\work_2026\FASK_2026\0x_Zdrojove_Kody\Konzola\Konzola\Konzola.csproj]
  C:\Users\ratho\OneDrive\Plocha\work_2026\FASK_2026\0x_Zdrojove_Kody\Konzola\Konzola\Ciselniky\FormLokace.cs(1775,50): warning CS0168: Promìnná ex je deklarovaná, ale nikdy se nepoužívá. [C:\Users\ratho\OneDrive\Plocha\work_2026\FASK_2026\0x_Zdrojove_Kody\Konzola\Konzola\Konzola.csproj]
  C:\Users\ratho\OneDrive\Plocha\work_2026\FASK_2026\0x_Zdrojove_Kody\Konzola\Konzola\Ciselniky\FormLokace.cs(2008,46): warning CS0168: Promìnná ex je deklarovaná, ale nikdy se nepoužívá. [C:\Users\ratho\OneDrive\Plocha\work_2026\FASK_2026\0x_Zdrojove_Kody\Konzola\Konzola\Konzola.csproj]
  C:\Users\ratho\OneDrive\Plocha\work_2026\FASK_2026\0x_Zdrojove_Kody\Konzola\Konzola\Inventura\FormInventura_Porovnani.cs(1425,50): warning CS0168: Promìnná ex je deklarovaná, ale nikdy se nepoužívá. [C:\Users\ratho\OneDrive\Plocha\work_2026\FASK_2026\0x_Zdrojove_Kody\Konzola\Konzola\Konzola.csproj]
  C:\Users\ratho\OneDrive\Plocha\work_2026\FASK_2026\0x_Zdrojove_Kody\Konzola\Konzola\Inventura\FormInventuraPredlohaList.cs(1808,50): warning CS0168: Promìnná ex je deklarovaná, ale nikdy se nepoužívá. [C:\Users\ratho\OneDrive\Plocha\work_2026\FASK_2026\0x_Zdrojove_Kody\Konzola\Konzola\Konzola.csproj]
  C:\Users\ratho\OneDrive\Plocha\work_2026\FASK_2026\0x_Zdrojove_Kody\Konzola\Konzola\Ciselniky\FormPracovniciList.cs(278,13): warning CS1717: Pøiøazení probìhlo u stejné promìnné. Mìli jste v úmyslu jiné pøiøazení? [C:\Users\ratho\OneDrive\Plocha\work_2026\FASK_2026\0x_Zdrojove_Kody\Konzola\Konzola\Konzola.csproj]
  C:\Users\ratho\OneDrive\Plocha\work_2026\FASK_2026\0x_Zdrojove_Kody\Konzola\Konzola\Ciselniky\FormLokace.cs(2297,50): warning CS0168: Promìnná ex je deklarovaná, ale nikdy se nepoužívá. [C:\Users\ratho\OneDrive\Plocha\work_2026\FASK_2026\0x_Zdrojove_Kody\Konzola\Konzola\Konzola.csproj]
  C:\Users\ratho\OneDrive\Plocha\work_2026\FASK_2026\0x_Zdrojove_Kody\Konzola\Konzola\Inventura\FormInventuraPredlohaList.cs(1923,46): warning CS0168: Promìnná ex je deklarovaná, ale nikdy se nepoužívá. [C:\Users\ratho\OneDrive\Plocha\work_2026\FASK_2026\0x_Zdrojove_Kody\Konzola\Konzola\Konzola.csproj]
  C:\Users\ratho\OneDrive\Plocha\work_2026\FASK_2026\0x_Zdrojove_Kody\Konzola\Konzola\Planovani\Kapacitni_Planovani\FormMaterial.cs(1041,46): warning CS0168: Promìnná ex je deklarovaná, ale nikdy se nepoužívá. [C:\Users\ratho\OneDrive\Plocha\work_2026\FASK_2026\0x_Zdrojove_Kody\Konzola\Konzola\Konzola.csproj]
  C:\Users\ratho\OneDrive\Plocha\work_2026\FASK_2026\0x_Zdrojove_Kody\Konzola\Konzola\Ciselniky\FormLokace.cs(2412,46): warning CS0168: Promìnná ex je deklarovaná, ale nikdy se nepoužívá. [C:\Users\ratho\OneDrive\Plocha\work_2026\FASK_2026\0x_Zdrojove_Kody\Konzola\Konzola\Konzola.csproj]
  C:\Users\ratho\OneDrive\Plocha\work_2026\FASK_2026\0x_Zdrojove_Kody\Konzola\Konzola\Prijem\FormPrijemNasnimaneList.cs(1423,50): warning CS0168: Promìnná ex je deklarovaná, ale nikdy se nepoužívá. [C:\Users\ratho\OneDrive\Plocha\work_2026\FASK_2026\0x_Zdrojove_Kody\Konzola\Konzola\Konzola.csproj]
  C:\Users\ratho\OneDrive\Plocha\work_2026\FASK_2026\0x_Zdrojove_Kody\Konzola\Konzola\Prijem\FormDavkyPrijmuList.cs(1187,50): warning CS0168: Promìnná ex je deklarovaná, ale nikdy se nepoužívá. [C:\Users\ratho\OneDrive\Plocha\work_2026\FASK_2026\0x_Zdrojove_Kody\Konzola\Konzola\Konzola.csproj]
  C:\Users\ratho\OneDrive\Plocha\work_2026\FASK_2026\0x_Zdrojove_Kody\Konzola\Konzola\Forms\Spolecne\FormVyrabenePolozky.cs(2445,33): warning CS0219: Promìnná pocetArchZaznamu má pøiøazenou hodnotu, ale nikdy se nepoužívá. [C:\Users\ratho\OneDrive\Plocha\work_2026\FASK_2026\0x_Zdrojove_Kody\Konzola\Konzola\Konzola.csproj]
  C:\Users\ratho\OneDrive\Plocha\work_2026\FASK_2026\0x_Zdrojove_Kody\Konzola\Konzola\Planovani\Kapacitni_Planovani\FormMaterial.cs(1357,50): warning CS0168: Promìnná ex je deklarovaná, ale nikdy se nepoužívá. [C:\Users\ratho\OneDrive\Plocha\work_2026\FASK_2026\0x_Zdrojove_Kody\Konzola\Konzola\Konzola.csproj]
  C:\Users\ratho\OneDrive\Plocha\work_2026\FASK_2026\0x_Zdrojove_Kody\Konzola\Konzola\Prijem\FormPrijemNasnimaneList.cs(1659,46): warning CS0168: Promìnná ex je deklarovaná, ale nikdy se nepoužívá. [C:\Users\ratho\OneDrive\Plocha\work_2026\FASK_2026\0x_Zdrojove_Kody\Konzola\Konzola\Konzola.csproj]
  C:\Users\ratho\OneDrive\Plocha\work_2026\FASK_2026\0x_Zdrojove_Kody\Konzola\Konzola\Forms\Spolecne\FormVyrabenePolozky.cs(2576,46): warning CS0168: Promìnná ex je deklarovaná, ale nikdy se nepoužívá. [C:\Users\ratho\OneDrive\Plocha\work_2026\FASK_2026\0x_Zdrojove_Kody\Konzola\Konzola\Konzola.csproj]
  C:\Users\ratho\OneDrive\Plocha\work_2026\FASK_2026\0x_Zdrojove_Kody\Konzola\Konzola\Inventura\FormInv_PredlohaList.cs(2025,50): warning CS0168: Promìnná ex je deklarovaná, ale nikdy se nepoužívá. [C:\Users\ratho\OneDrive\Plocha\work_2026\FASK_2026\0x_Zdrojove_Kody\Konzola\Konzola\Konzola.csproj]
  C:\Users\ratho\OneDrive\Plocha\work_2026\FASK_2026\0x_Zdrojove_Kody\Konzola\Konzola\Prijem\FormPrijemNasnimaneList.cs(1911,50): warning CS0168: Promìnná ex je deklarovaná, ale nikdy se nepoužívá. [C:\Users\ratho\OneDrive\Plocha\work_2026\FASK_2026\0x_Zdrojove_Kody\Konzola\Konzola\Konzola.csproj]
  C:\Users\ratho\OneDrive\Plocha\work_2026\FASK_2026\0x_Zdrojove_Kody\Konzola\Konzola\Prijem\FormPrijemNasnimaneList.cs(2026,46): warning CS0168: Promìnná ex je deklarovaná, ale nikdy se nepoužívá. [C:\Users\ratho\OneDrive\Plocha\work_2026\FASK_2026\0x_Zdrojove_Kody\Konzola\Konzola\Konzola.csproj]
  C:\Users\ratho\OneDrive\Plocha\work_2026\FASK_2026\0x_Zdrojove_Kody\Konzola\Konzola\Planovani\Kapacitni_Planovani\FormMaterial.cs(1472,46): warning CS0168: Promìnná ex je deklarovaná, ale nikdy se nepoužívá. [C:\Users\ratho\OneDrive\Plocha\work_2026\FASK_2026\0x_Zdrojove_Kody\Konzola\Konzola\Konzola.csproj]
  C:\Users\ratho\OneDrive\Plocha\work_2026\FASK_2026\0x_Zdrojove_Kody\Konzola\Konzola\Forms\Spolecne\FormVyrabenePolozky.cs(2830,50): warning CS0168: Promìnná ex je deklarovaná, ale nikdy se nepoužívá. [C:\Users\ratho\OneDrive\Plocha\work_2026\FASK_2026\0x_Zdrojove_Kody\Konzola\Konzola\Konzola.csproj]
  C:\Users\ratho\OneDrive\Plocha\work_2026\FASK_2026\0x_Zdrojove_Kody\Konzola\Konzola\Inventura\FormInv_PredlohaList.cs(2241,46): warning CS0168: Promìnná ex je deklarovaná, ale nikdy se nepoužívá. [C:\Users\ratho\OneDrive\Plocha\work_2026\FASK_2026\0x_Zdrojove_Kody\Konzola\Konzola\Konzola.csproj]
  C:\Users\ratho\OneDrive\Plocha\work_2026\FASK_2026\0x_Zdrojove_Kody\Konzola\Konzola\Forms\Spolecne\FormVyrabenePolozky.cs(2950,50): warning CS0168: Promìnná ex je deklarovaná, ale nikdy se nepoužívá. [C:\Users\ratho\OneDrive\Plocha\work_2026\FASK_2026\0x_Zdrojove_Kody\Konzola\Konzola\Konzola.csproj]
  C:\Users\ratho\OneDrive\Plocha\work_2026\FASK_2026\0x_Zdrojove_Kody\Konzola\Konzola\Inventura\FormInv_PredlohaList.cs(2655,50): warning CS0168: Promìnná ex je deklarovaná, ale nikdy se nepoužívá. [C:\Users\ratho\OneDrive\Plocha\work_2026\FASK_2026\0x_Zdrojove_Kody\Konzola\Konzola\Konzola.csproj]
  C:\Users\ratho\OneDrive\Plocha\work_2026\FASK_2026\0x_Zdrojove_Kody\Konzola\Konzola\Ciselniky\FormPracovniciList.cs(1487,46): warning CS0168: Promìnná ex je deklarovaná, ale nikdy se nepoužívá. [C:\Users\ratho\OneDrive\Plocha\work_2026\FASK_2026\0x_Zdrojove_Kody\Konzola\Konzola\Konzola.csproj]
  C:\Users\ratho\OneDrive\Plocha\work_2026\FASK_2026\0x_Zdrojove_Kody\Konzola\Konzola\Inventura\FormInv_PredlohaList.cs(2775,46): warning CS0168: Promìnná ex je deklarovaná, ale nikdy se nepoužívá. [C:\Users\ratho\OneDrive\Plocha\work_2026\FASK_2026\0x_Zdrojove_Kody\Konzola\Konzola\Konzola.csproj]
  C:\Users\ratho\OneDrive\Plocha\work_2026\FASK_2026\0x_Zdrojove_Kody\Konzola\Konzola\Ciselniky\FormPracovniciList.cs(1782,50): warning CS0168: Promìnná ex je deklarovaná, ale nikdy se nepoužívá. [C:\Users\ratho\OneDrive\Plocha\work_2026\FASK_2026\0x_Zdrojove_Kody\Konzola\Konzola\Konzola.csproj]
  C:\Users\ratho\OneDrive\Plocha\work_2026\FASK_2026\0x_Zdrojove_Kody\Konzola\Konzola\Ciselniky\FormPracovniciList.cs(1897,46): warning CS0168: Promìnná ex je deklarovaná, ale nikdy se nepoužívá. [C:\Users\ratho\OneDrive\Plocha\work_2026\FASK_2026\0x_Zdrojove_Kody\Konzola\Konzola\Konzola.csproj]
  C:\Users\ratho\OneDrive\Plocha\work_2026\FASK_2026\0x_Zdrojove_Kody\Konzola\Konzola\Ciselniky\FormPracovniciList.cs(2449,22): warning CS0219: Promìnná coSeStalo má pøiøazenou hodnotu, ale nikdy se nepoužívá. [C:\Users\ratho\OneDrive\Plocha\work_2026\FASK_2026\0x_Zdrojove_Kody\Konzola\Konzola\Konzola.csproj]
  C:\Users\ratho\OneDrive\Plocha\work_2026\FASK_2026\0x_Zdrojove_Kody\Konzola\Konzola\Ciselniky\FormPracovniciList.cs(2357,18): warning CS0219: Promìnná uspech má pøiøazenou hodnotu, ale nikdy se nepoužívá. [C:\Users\ratho\OneDrive\Plocha\work_2026\FASK_2026\0x_Zdrojove_Kody\Konzola\Konzola\Konzola.csproj]
  C:\Users\ratho\OneDrive\Plocha\work_2026\FASK_2026\0x_Zdrojove_Kody\Konzola\Konzola\Sklady\FormTransakceSPredlohou.cs(1457,50): warning CS0168: Promìnná ex je deklarovaná, ale nikdy se nepoužívá. [C:\Users\ratho\OneDrive\Plocha\work_2026\FASK_2026\0x_Zdrojove_Kody\Konzola\Konzola\Konzola.csproj]
  C:\Users\ratho\OneDrive\Plocha\work_2026\FASK_2026\0x_Zdrojove_Kody\Konzola\Konzola\Sklady\FormTransakceSPredlohou.cs(1476,34): warning CS0168: Promìnná ex je deklarovaná, ale nikdy se nepoužívá. [C:\Users\ratho\OneDrive\Plocha\work_2026\FASK_2026\0x_Zdrojove_Kody\Konzola\Konzola\Konzola.csproj]
  C:\Users\ratho\OneDrive\Plocha\work_2026\FASK_2026\0x_Zdrojove_Kody\Konzola\Konzola\Ciselniky\FormLokaceTypyList.cs(1273,50): warning CS0168: Promìnná ex je deklarovaná, ale nikdy se nepoužívá. [C:\Users\ratho\OneDrive\Plocha\work_2026\FASK_2026\0x_Zdrojove_Kody\Konzola\Konzola\Konzola.csproj]
  C:\Users\ratho\OneDrive\Plocha\work_2026\FASK_2026\0x_Zdrojove_Kody\Konzola\Konzola\SkladLokace\FormSkladLokaceStavList.cs(1561,50): warning CS0168: Promìnná ex je deklarovaná, ale nikdy se nepoužívá. [C:\Users\ratho\OneDrive\Plocha\work_2026\FASK_2026\0x_Zdrojove_Kody\Konzola\Konzola\Konzola.csproj]
  C:\Users\ratho\OneDrive\Plocha\work_2026\FASK_2026\0x_Zdrojove_Kody\Konzola\Konzola\Sklady\FormSkladStavLokaceList.cs(2063,50): warning CS0168: Promìnná ex je deklarovaná, ale nikdy se nepoužívá. [C:\Users\ratho\OneDrive\Plocha\work_2026\FASK_2026\0x_Zdrojove_Kody\Konzola\Konzola\Konzola.csproj]
  C:\Users\ratho\OneDrive\Plocha\work_2026\FASK_2026\0x_Zdrojove_Kody\Konzola\Konzola\Ciselniky\FormLokaceTypyList.cs(1506,46): warning CS0168: Promìnná ex je deklarovaná, ale nikdy se nepoužívá. [C:\Users\ratho\OneDrive\Plocha\work_2026\FASK_2026\0x_Zdrojove_Kody\Konzola\Konzola\Konzola.csproj]
  C:\Users\ratho\OneDrive\Plocha\work_2026\FASK_2026\0x_Zdrojove_Kody\Konzola\Konzola\Vyroba\Ciselnik\Form_Stroje.cs(1618,46): warning CS0168: Promìnná ex je deklarovaná, ale nikdy se nepoužívá. [C:\Users\ratho\OneDrive\Plocha\work_2026\FASK_2026\0x_Zdrojove_Kody\Konzola\Konzola\Konzola.csproj]
  C:\Users\ratho\OneDrive\Plocha\work_2026\FASK_2026\0x_Zdrojove_Kody\Konzola\Konzola\Sklady\FormSkladStavLokaceList.cs(2298,46): warning CS0168: Promìnná ex je deklarovaná, ale nikdy se nepoužívá. [C:\Users\ratho\OneDrive\Plocha\work_2026\FASK_2026\0x_Zdrojove_Kody\Konzola\Konzola\Konzola.csproj]
  C:\Users\ratho\OneDrive\Plocha\work_2026\FASK_2026\0x_Zdrojove_Kody\Konzola\Konzola\Vyroba\Transakce\FormVyrobniPrikazList.cs(860,50): warning CS0168: Promìnná ex je deklarovaná, ale nikdy se nepoužívá. [C:\Users\ratho\OneDrive\Plocha\work_2026\FASK_2026\0x_Zdrojove_Kody\Konzola\Konzola\Konzola.csproj]
  C:\Users\ratho\OneDrive\Plocha\work_2026\FASK_2026\0x_Zdrojove_Kody\Konzola\Konzola\Ciselniky\FormSkladyList.cs(1649,50): warning CS0168: Promìnná ex je deklarovaná, ale nikdy se nepoužívá. [C:\Users\ratho\OneDrive\Plocha\work_2026\FASK_2026\0x_Zdrojove_Kody\Konzola\Konzola\Konzola.csproj]
  C:\Users\ratho\OneDrive\Plocha\work_2026\FASK_2026\0x_Zdrojove_Kody\Konzola\Konzola\Ciselniky\FormSkladyList.cs(1882,46): warning CS0168: Promìnná ex je deklarovaná, ale nikdy se nepoužívá. [C:\Users\ratho\OneDrive\Plocha\work_2026\FASK_2026\0x_Zdrojove_Kody\Konzola\Konzola\Konzola.csproj]
  C:\Users\ratho\OneDrive\Plocha\work_2026\FASK_2026\0x_Zdrojove_Kody\Konzola\Konzola\Sklady\FormTransakceSPredlohou.cs(2252,46): warning CS0168: Promìnná ex je deklarovaná, ale nikdy se nepoužívá. [C:\Users\ratho\OneDrive\Plocha\work_2026\FASK_2026\0x_Zdrojove_Kody\Konzola\Konzola\Konzola.csproj]
  C:\Users\ratho\OneDrive\Plocha\work_2026\FASK_2026\0x_Zdrojove_Kody\Konzola\Konzola\Vyroba\Ciselnik\Form_Stroje.cs(1843,46): warning CS0168: Promìnná ex je deklarovaná, ale nikdy se nepoužívá. [C:\Users\ratho\OneDrive\Plocha\work_2026\FASK_2026\0x_Zdrojove_Kody\Konzola\Konzola\Konzola.csproj]
  C:\Users\ratho\OneDrive\Plocha\work_2026\FASK_2026\0x_Zdrojove_Kody\Konzola\Konzola\Sklady\FormSkladStavLokaceList.cs(2550,50): warning CS0168: Promìnná ex je deklarovaná, ale nikdy se nepoužívá. [C:\Users\ratho\OneDrive\Plocha\work_2026\FASK_2026\0x_Zdrojove_Kody\Konzola\Konzola\Konzola.csproj]
  C:\Users\ratho\OneDrive\Plocha\work_2026\FASK_2026\0x_Zdrojove_Kody\Konzola\Konzola\Sklady\FormSkladPohybList.cs(1388,50): warning CS0168: Promìnná ex je deklarovaná, ale nikdy se nepoužívá. [C:\Users\ratho\OneDrive\Plocha\work_2026\FASK_2026\0x_Zdrojove_Kody\Konzola\Konzola\Konzola.csproj]
  C:\Users\ratho\OneDrive\Plocha\work_2026\FASK_2026\0x_Zdrojove_Kody\Konzola\Konzola\Sklady\FormTransakceSPredlohou.cs(2504,50): warning CS0168: Promìnná ex je deklarovaná, ale nikdy se nepoužívá. [C:\Users\ratho\OneDrive\Plocha\work_2026\FASK_2026\0x_Zdrojove_Kody\Konzola\Konzola\Konzola.csproj]
  C:\Users\ratho\OneDrive\Plocha\work_2026\FASK_2026\0x_Zdrojove_Kody\Konzola\Konzola\Ciselniky\FormLokaceTypyList.cs(1758,50): warning CS0168: Promìnná ex je deklarovaná, ale nikdy se nepoužívá. [C:\Users\ratho\OneDrive\Plocha\work_2026\FASK_2026\0x_Zdrojove_Kody\Konzola\Konzola\Konzola.csproj]
  C:\Users\ratho\OneDrive\Plocha\work_2026\FASK_2026\0x_Zdrojove_Kody\Konzola\Konzola\Ciselniky\FormSkladyList.cs(2172,50): warning CS0168: Promìnná ex je deklarovaná, ale nikdy se nepoužívá. [C:\Users\ratho\OneDrive\Plocha\work_2026\FASK_2026\0x_Zdrojove_Kody\Konzola\Konzola\Konzola.csproj]
  C:\Users\ratho\OneDrive\Plocha\work_2026\FASK_2026\0x_Zdrojove_Kody\Konzola\Konzola\VolnyPohyb\FormVolnyPohybNasnimaneList.cs(1796,54): warning CS0168: Promìnná ex je deklarovaná, ale nikdy se nepoužívá. [C:\Users\ratho\OneDrive\Plocha\work_2026\FASK_2026\0x_Zdrojove_Kody\Konzola\Konzola\Konzola.csproj]
  C:\Users\ratho\OneDrive\Plocha\work_2026\FASK_2026\0x_Zdrojove_Kody\Konzola\Konzola\Ciselniky\FormLokaceTypyList.cs(1873,46): warning CS0168: Promìnná ex je deklarovaná, ale nikdy se nepoužívá. [C:\Users\ratho\OneDrive\Plocha\work_2026\FASK_2026\0x_Zdrojove_Kody\Konzola\Konzola\Konzola.csproj]
  C:\Users\ratho\OneDrive\Plocha\work_2026\FASK_2026\0x_Zdrojove_Kody\Konzola\Konzola\Ciselniky\FormZboziList.cs(982,22): warning CS0219: Promìnná coSeStalo má pøiøazenou hodnotu, ale nikdy se nepoužívá. [C:\Users\ratho\OneDrive\Plocha\work_2026\FASK_2026\0x_Zdrojove_Kody\Konzola\Konzola\Konzola.csproj]
  C:\Users\ratho\OneDrive\Plocha\work_2026\FASK_2026\0x_Zdrojove_Kody\Konzola\Konzola\Sklady\FormSkladStavLokaceList.cs(2665,46): warning CS0168: Promìnná ex je deklarovaná, ale nikdy se nepoužívá. [C:\Users\ratho\OneDrive\Plocha\work_2026\FASK_2026\0x_Zdrojove_Kody\Konzola\Konzola\Konzola.csproj]
  C:\Users\ratho\OneDrive\Plocha\work_2026\FASK_2026\0x_Zdrojove_Kody\Konzola\Konzola\Vyroba\Ciselnik\Form_Moduly.cs(540,71): warning CS0219: Promìnná newMachinesDefinitionrow má pøiøazenou hodnotu, ale nikdy se nepoužívá. [C:\Users\ratho\OneDrive\Plocha\work_2026\FASK_2026\0x_Zdrojove_Kody\Konzola\Konzola\Konzola.csproj]
  C:\Users\ratho\OneDrive\Plocha\work_2026\FASK_2026\0x_Zdrojove_Kody\Konzola\Konzola\Sklady\FormTransakceSPredlohou.cs(2619,46): warning CS0168: Promìnná ex je deklarovaná, ale nikdy se nepoužívá. [C:\Users\ratho\OneDrive\Plocha\work_2026\FASK_2026\0x_Zdrojove_Kody\Konzola\Konzola\Konzola.csproj]
  C:\Users\ratho\OneDrive\Plocha\work_2026\FASK_2026\0x_Zdrojove_Kody\Konzola\Konzola\Vyroba\Rozbory\Form_MachineStateSetList_RozborOdvoduSSS.cs(1701,46): warning CS0168: Promìnná ex je deklarovaná, ale nikdy se nepoužívá. [C:\Users\ratho\OneDrive\Plocha\work_2026\FASK_2026\0x_Zdrojove_Kody\Konzola\Konzola\Konzola.csproj]
  C:\Users\ratho\OneDrive\Plocha\work_2026\FASK_2026\0x_Zdrojove_Kody\Konzola\Konzola\VolnyPohyb\FormVolnyPohybNasnimaneList.cs(2055,46): warning CS0168: Promìnná ex je deklarovaná, ale nikdy se nepoužívá. [C:\Users\ratho\OneDrive\Plocha\work_2026\FASK_2026\0x_Zdrojove_Kody\Konzola\Konzola\Konzola.csproj]
  C:\Users\ratho\OneDrive\Plocha\work_2026\FASK_2026\0x_Zdrojove_Kody\Konzola\Konzola\Sklady\FormSkladPohybList.cs(1635,46): warning CS0168: Promìnná ex je deklarovaná, ale nikdy se nepoužívá. [C:\Users\ratho\OneDrive\Plocha\work_2026\FASK_2026\0x_Zdrojove_Kody\Konzola\Konzola\Konzola.csproj]
  C:\Users\ratho\OneDrive\Plocha\work_2026\FASK_2026\0x_Zdrojove_Kody\Konzola\Konzola\Vyroba\Ciselnik\Form_Stroje.cs(2132,50): warning CS0168: Promìnná ex je deklarovaná, ale nikdy se nepoužívá. [C:\Users\ratho\OneDrive\Plocha\work_2026\FASK_2026\0x_Zdrojove_Kody\Konzola\Konzola\Konzola.csproj]
  C:\Users\ratho\OneDrive\Plocha\work_2026\FASK_2026\0x_Zdrojove_Kody\Konzola\Konzola\Vyroba\Ciselnik\Form_Stroje.cs(2387,46): warning CS0168: Promìnná ex je deklarovaná, ale nikdy se nepoužívá. [C:\Users\ratho\OneDrive\Plocha\work_2026\FASK_2026\0x_Zdrojove_Kody\Konzola\Konzola\Konzola.csproj]
  C:\Users\ratho\OneDrive\Plocha\work_2026\FASK_2026\0x_Zdrojove_Kody\Konzola\Konzola\Vyroba\Rozbory\Form_MachineStateSetList_RozborOdvoduSSS.cs(1926,46): warning CS0168: Promìnná ex je deklarovaná, ale nikdy se nepoužívá. [C:\Users\ratho\OneDrive\Plocha\work_2026\FASK_2026\0x_Zdrojove_Kody\Konzola\Konzola\Konzola.csproj]
  C:\Users\ratho\OneDrive\Plocha\work_2026\FASK_2026\0x_Zdrojove_Kody\Konzola\Konzola\Vyroba\Rozbory\FormOdvod_EventsList.cs(1850,50): warning CS0168: Promìnná ex je deklarovaná, ale nikdy se nepoužívá. [C:\Users\ratho\OneDrive\Plocha\work_2026\FASK_2026\0x_Zdrojove_Kody\Konzola\Konzola\Konzola.csproj]
  C:\Users\ratho\OneDrive\Plocha\work_2026\FASK_2026\0x_Zdrojove_Kody\Konzola\Konzola\Vyroba\Rozbory\FormOdvod_EventsList.cs(2126,46): warning CS0168: Promìnná ex je deklarovaná, ale nikdy se nepoužívá. [C:\Users\ratho\OneDrive\Plocha\work_2026\FASK_2026\0x_Zdrojove_Kody\Konzola\Konzola\Konzola.csproj]
  C:\Users\ratho\OneDrive\Plocha\work_2026\FASK_2026\0x_Zdrojove_Kody\Konzola\Konzola\Vyroba\Rozbory\FormOdvod_MachineStateSetList .cs(1669,46): warning CS0168: Promìnná ex je deklarovaná, ale nikdy se nepoužívá. [C:\Users\ratho\OneDrive\Plocha\work_2026\FASK_2026\0x_Zdrojove_Kody\Konzola\Konzola\Konzola.csproj]
  C:\Users\ratho\OneDrive\Plocha\work_2026\FASK_2026\0x_Zdrojove_Kody\Konzola\Konzola\Vyroba\Transakce\FormVyrobniPrikazList.cs(1751,18): warning CS0219: Promìnná work má pøiøazenou hodnotu, ale nikdy se nepoužívá. [C:\Users\ratho\OneDrive\Plocha\work_2026\FASK_2026\0x_Zdrojove_Kody\Konzola\Konzola\Konzola.csproj]
  C:\Users\ratho\OneDrive\Plocha\work_2026\FASK_2026\0x_Zdrojove_Kody\Konzola\Konzola\Sklady\FormSkladPohybList.cs(1887,50): warning CS0168: Promìnná ex je deklarovaná, ale nikdy se nepoužívá. [C:\Users\ratho\OneDrive\Plocha\work_2026\FASK_2026\0x_Zdrojove_Kody\Konzola\Konzola\Konzola.csproj]
  C:\Users\ratho\OneDrive\Plocha\work_2026\FASK_2026\0x_Zdrojove_Kody\Konzola\Konzola\VolnyPohyb\FormVolnyPohybNasnimaneList.cs(2302,50): warning CS0168: Promìnná ex je deklarovaná, ale nikdy se nepoužívá. [C:\Users\ratho\OneDrive\Plocha\work_2026\FASK_2026\0x_Zdrojove_Kody\Konzola\Konzola\Konzola.csproj]
  C:\Users\ratho\OneDrive\Plocha\work_2026\FASK_2026\0x_Zdrojove_Kody\Konzola\Konzola\Ciselniky\FormSkladyList.cs(2287,46): warning CS0168: Promìnná ex je deklarovaná, ale nikdy se nepoužívá. [C:\Users\ratho\OneDrive\Plocha\work_2026\FASK_2026\0x_Zdrojove_Kody\Konzola\Konzola\Konzola.csproj]
  C:\Users\ratho\OneDrive\Plocha\work_2026\FASK_2026\0x_Zdrojove_Kody\Konzola\Konzola\Vyroba\Rozbory\FormOdvod_EventsErrList.cs(1537,46): warning CS0168: Promìnná ex je deklarovaná, ale nikdy se nepoužívá. [C:\Users\ratho\OneDrive\Plocha\work_2026\FASK_2026\0x_Zdrojove_Kody\Konzola\Konzola\Konzola.csproj]
  C:\Users\ratho\OneDrive\Plocha\work_2026\FASK_2026\0x_Zdrojove_Kody\Konzola\Konzola\Vyroba\Rozbory\FormOdvod_EventsList.cs(2378,50): warning CS0168: Promìnná ex je deklarovaná, ale nikdy se nepoužívá. [C:\Users\ratho\OneDrive\Plocha\work_2026\FASK_2026\0x_Zdrojove_Kody\Konzola\Konzola\Konzola.csproj]
  C:\Users\ratho\OneDrive\Plocha\work_2026\FASK_2026\0x_Zdrojove_Kody\Konzola\Konzola\Vyroba\Rozbory\FormOdvod_MachineStateSetList .cs(1894,46): warning CS0168: Promìnná ex je deklarovaná, ale nikdy se nepoužívá. [C:\Users\ratho\OneDrive\Plocha\work_2026\FASK_2026\0x_Zdrojove_Kody\Konzola\Konzola\Konzola.csproj]
  C:\Users\ratho\OneDrive\Plocha\work_2026\FASK_2026\0x_Zdrojove_Kody\Konzola\Konzola\Vyroba\Rozbory\Form_MachineStateSetList_RozborOdvoduSSS.cs(2215,50): warning CS0168: Promìnná ex je deklarovaná, ale nikdy se nepoužívá. [C:\Users\ratho\OneDrive\Plocha\work_2026\FASK_2026\0x_Zdrojove_Kody\Konzola\Konzola\Konzola.csproj]
  C:\Users\ratho\OneDrive\Plocha\work_2026\FASK_2026\0x_Zdrojove_Kody\Konzola\Konzola\VolnyPohyb\FormVolnyPohybNasnimaneList.cs(2417,46): warning CS0168: Promìnná ex je deklarovaná, ale nikdy se nepoužívá. [C:\Users\ratho\OneDrive\Plocha\work_2026\FASK_2026\0x_Zdrojove_Kody\Konzola\Konzola\Konzola.csproj]
  C:\Users\ratho\OneDrive\Plocha\work_2026\FASK_2026\0x_Zdrojove_Kody\Konzola\Konzola\Vyroba\Rozbory\FormOdvod_EventsList.cs(2493,46): warning CS0168: Promìnná ex je deklarovaná, ale nikdy se nepoužívá. [C:\Users\ratho\OneDrive\Plocha\work_2026\FASK_2026\0x_Zdrojove_Kody\Konzola\Konzola\Konzola.csproj]
  C:\Users\ratho\OneDrive\Plocha\work_2026\FASK_2026\0x_Zdrojove_Kody\Konzola\Konzola\Ciselniky\FormLokaceVariantySortimentList.cs(1324,50): warning CS0168: Promìnná ex je deklarovaná, ale nikdy se nepoužívá. [C:\Users\ratho\OneDrive\Plocha\work_2026\FASK_2026\0x_Zdrojove_Kody\Konzola\Konzola\Konzola.csproj]
  C:\Users\ratho\OneDrive\Plocha\work_2026\FASK_2026\0x_Zdrojove_Kody\Konzola\Konzola\Ciselniky\FormLokaceVariantySortimentList.cs(1556,46): warning CS0168: Promìnná ex je deklarovaná, ale nikdy se nepoužívá. [C:\Users\ratho\OneDrive\Plocha\work_2026\FASK_2026\0x_Zdrojove_Kody\Konzola\Konzola\Konzola.csproj]
  C:\Users\ratho\OneDrive\Plocha\work_2026\FASK_2026\0x_Zdrojove_Kody\Konzola\Konzola\Vyroba\Rozbory\FormOdvod_EventsErrList.cs(1869,50): warning CS0168: Promìnná ex je deklarovaná, ale nikdy se nepoužívá. [C:\Users\ratho\OneDrive\Plocha\work_2026\FASK_2026\0x_Zdrojove_Kody\Konzola\Konzola\Konzola.csproj]
  C:\Users\ratho\OneDrive\Plocha\work_2026\FASK_2026\0x_Zdrojove_Kody\Konzola\Konzola\Vydej\FormVydejNasnimaneList.cs(1494,13): warning CS0162: Byl zjištìn nedosažitelný kód. [C:\Users\ratho\OneDrive\Plocha\work_2026\FASK_2026\0x_Zdrojove_Kody\Konzola\Konzola\Konzola.csproj]
  C:\Users\ratho\OneDrive\Plocha\work_2026\FASK_2026\0x_Zdrojove_Kody\Konzola\Konzola\Sklady\FormSkladPohybList.cs(2002,46): warning CS0168: Promìnná ex je deklarovaná, ale nikdy se nepoužívá. [C:\Users\ratho\OneDrive\Plocha\work_2026\FASK_2026\0x_Zdrojove_Kody\Konzola\Konzola\Konzola.csproj]
  C:\Users\ratho\OneDrive\Plocha\work_2026\FASK_2026\0x_Zdrojove_Kody\Konzola\Konzola\Vyroba\Rozbory\FormOdvod_EventsErrList.cs(1984,46): warning CS0168: Promìnná ex je deklarovaná, ale nikdy se nepoužívá. [C:\Users\ratho\OneDrive\Plocha\work_2026\FASK_2026\0x_Zdrojove_Kody\Konzola\Konzola\Konzola.csproj]
  C:\Users\ratho\OneDrive\Plocha\work_2026\FASK_2026\0x_Zdrojove_Kody\Konzola\Konzola\Vyroba\Rozbory\FormOdvod_MachineStateSetList .cs(2146,50): warning CS0168: Promìnná ex je deklarovaná, ale nikdy se nepoužívá. [C:\Users\ratho\OneDrive\Plocha\work_2026\FASK_2026\0x_Zdrojove_Kody\Konzola\Konzola\Konzola.csproj]
  C:\Users\ratho\OneDrive\Plocha\work_2026\FASK_2026\0x_Zdrojove_Kody\Konzola\Konzola\Vyroba\Rozbory\FormOdvod_MachineStateSetList .cs(2261,46): warning CS0168: Promìnná ex je deklarovaná, ale nikdy se nepoužívá. [C:\Users\ratho\OneDrive\Plocha\work_2026\FASK_2026\0x_Zdrojove_Kody\Konzola\Konzola\Konzola.csproj]
  C:\Users\ratho\OneDrive\Plocha\work_2026\FASK_2026\0x_Zdrojove_Kody\Konzola\Konzola\Vyroba\Rozbory\FormProduction_SN_List.cs(1069,46): warning CS0168: Promìnná ex je deklarovaná, ale nikdy se nepoužívá. [C:\Users\ratho\OneDrive\Plocha\work_2026\FASK_2026\0x_Zdrojove_Kody\Konzola\Konzola\Konzola.csproj]
  C:\Users\ratho\OneDrive\Plocha\work_2026\FASK_2026\0x_Zdrojove_Kody\Konzola\Konzola\Vyroba\Rozbory\FormProductionSourcesEdit2.cs(816,30): warning CS0168: Promìnná ex je deklarovaná, ale nikdy se nepoužívá. [C:\Users\ratho\OneDrive\Plocha\work_2026\FASK_2026\0x_Zdrojove_Kody\Konzola\Konzola\Konzola.csproj]
  C:\Users\ratho\OneDrive\Plocha\work_2026\FASK_2026\0x_Zdrojove_Kody\Konzola\Konzola\Vydej\FormVydejNasnimaneList.cs(1639,46): warning CS0168: Promìnná ex je deklarovaná, ale nikdy se nepoužívá. [C:\Users\ratho\OneDrive\Plocha\work_2026\FASK_2026\0x_Zdrojove_Kody\Konzola\Konzola\Konzola.csproj]
  C:\Users\ratho\OneDrive\Plocha\work_2026\FASK_2026\0x_Zdrojove_Kody\Konzola\Konzola\Vyroba\Rozbory\Form_MachineStateSetList_RozborOdvoduSSS.cs(2470,46): warning CS0168: Promìnná ex je deklarovaná, ale nikdy se nepoužívá. [C:\Users\ratho\OneDrive\Plocha\work_2026\FASK_2026\0x_Zdrojove_Kody\Konzola\Konzola\Konzola.csproj]
  C:\Users\ratho\OneDrive\Plocha\work_2026\FASK_2026\0x_Zdrojove_Kody\Konzola\Konzola\Ciselniky\FormLokaceVariantySortimentList.cs(1808,50): warning CS0168: Promìnná ex je deklarovaná, ale nikdy se nepoužívá. [C:\Users\ratho\OneDrive\Plocha\work_2026\FASK_2026\0x_Zdrojove_Kody\Konzola\Konzola\Konzola.csproj]
  C:\Users\ratho\OneDrive\Plocha\work_2026\FASK_2026\0x_Zdrojove_Kody\Konzola\Konzola\Vydej\FormVydejNasnimaneList.cs(1891,50): warning CS0168: Promìnná ex je deklarovaná, ale nikdy se nepoužívá. [C:\Users\ratho\OneDrive\Plocha\work_2026\FASK_2026\0x_Zdrojove_Kody\Konzola\Konzola\Konzola.csproj]
  C:\Users\ratho\OneDrive\Plocha\work_2026\FASK_2026\0x_Zdrojove_Kody\Konzola\Konzola\Vydej\FormVydejNasnimaneList.cs(2006,46): warning CS0168: Promìnná ex je deklarovaná, ale nikdy se nepoužívá. [C:\Users\ratho\OneDrive\Plocha\work_2026\FASK_2026\0x_Zdrojove_Kody\Konzola\Konzola\Konzola.csproj]
  C:\Users\ratho\OneDrive\Plocha\work_2026\FASK_2026\0x_Zdrojove_Kody\Konzola\Konzola\Vyroba\Rozbory\FormProduction_SN_List.cs(1841,50): warning CS0168: Promìnná ex je deklarovaná, ale nikdy se nepoužívá. [C:\Users\ratho\OneDrive\Plocha\work_2026\FASK_2026\0x_Zdrojove_Kody\Konzola\Konzola\Konzola.csproj]
  C:\Users\ratho\OneDrive\Plocha\work_2026\FASK_2026\0x_Zdrojove_Kody\Konzola\Konzola\Planovani\FormPlanovaniVyrobyList.cs(3612,22): warning CS0219: Promìnná coSeStalo má pøiøazenou hodnotu, ale nikdy se nepoužívá. [C:\Users\ratho\OneDrive\Plocha\work_2026\FASK_2026\0x_Zdrojove_Kody\Konzola\Konzola\Konzola.csproj]
  C:\Users\ratho\OneDrive\Plocha\work_2026\FASK_2026\0x_Zdrojove_Kody\Konzola\Konzola\Planovani\FormPlanovaniVyrobyList.cs(3520,18): warning CS0219: Promìnná uspech má pøiøazenou hodnotu, ale nikdy se nepoužívá. [C:\Users\ratho\OneDrive\Plocha\work_2026\FASK_2026\0x_Zdrojove_Kody\Konzola\Konzola\Konzola.csproj]
  C:\Users\ratho\OneDrive\Plocha\work_2026\FASK_2026\0x_Zdrojove_Kody\Konzola\Konzola\Vyroba\Rozbory\FormProduction_SN_List.cs(1956,46): warning CS0168: Promìnná ex je deklarovaná, ale nikdy se nepoužívá. [C:\Users\ratho\OneDrive\Plocha\work_2026\FASK_2026\0x_Zdrojove_Kody\Konzola\Konzola\Konzola.csproj]
  C:\Users\ratho\OneDrive\Plocha\work_2026\FASK_2026\0x_Zdrojove_Kody\Konzola\Konzola\Vyroba\Rozbory\FormProductionList.cs(1100,24): warning CS0618: FormProductionEdit je zastaralá: Stara funkcionalita, nove se pouziva 'FormProductionEdit2', kde je mozno editovat vice dat. [C:\Users\ratho\OneDrive\Plocha\work_2026\FASK_2026\0x_Zdrojove_Kody\Konzola\Konzola\Konzola.csproj]
  C:\Users\ratho\OneDrive\Plocha\work_2026\FASK_2026\0x_Zdrojove_Kody\Konzola\Konzola\Vyroba\Rozbory\FormProductionList.cs(1100,57): warning CS0618: FormProductionEdit je zastaralá: Stara funkcionalita, nove se pouziva 'FormProductionEdit2', kde je mozno editovat vice dat. [C:\Users\ratho\OneDrive\Plocha\work_2026\FASK_2026\0x_Zdrojove_Kody\Konzola\Konzola\Konzola.csproj]
  C:\Users\ratho\OneDrive\Plocha\work_2026\FASK_2026\0x_Zdrojove_Kody\Konzola\Konzola\Vyroba\Transakce\FormVyrobniPrikazList.cs(4003,46): warning CS0168: Promìnná ex je deklarovaná, ale nikdy se nepoužívá. [C:\Users\ratho\OneDrive\Plocha\work_2026\FASK_2026\0x_Zdrojove_Kody\Konzola\Konzola\Konzola.csproj]
  C:\Users\ratho\OneDrive\Plocha\work_2026\FASK_2026\0x_Zdrojove_Kody\Konzola\Konzola\Vyroba\Ciselnik\FormVazbyMaterialy.cs(2195,50): warning CS0168: Promìnná ex je deklarovaná, ale nikdy se nepoužívá. [C:\Users\ratho\OneDrive\Plocha\work_2026\FASK_2026\0x_Zdrojove_Kody\Konzola\Konzola\Konzola.csproj]
  C:\Users\ratho\OneDrive\Plocha\work_2026\FASK_2026\0x_Zdrojove_Kody\Konzola\Konzola\Vydej\FormDavkyVydejeList.cs(1533,50): warning CS0168: Promìnná ex je deklarovaná, ale nikdy se nepoužívá. [C:\Users\ratho\OneDrive\Plocha\work_2026\FASK_2026\0x_Zdrojove_Kody\Konzola\Konzola\Konzola.csproj]
  C:\Users\ratho\OneDrive\Plocha\work_2026\FASK_2026\0x_Zdrojove_Kody\Konzola\Konzola\Vydej\FormDavkyVydejeList.cs(1552,34): warning CS0168: Promìnná ex je deklarovaná, ale nikdy se nepoužívá. [C:\Users\ratho\OneDrive\Plocha\work_2026\FASK_2026\0x_Zdrojove_Kody\Konzola\Konzola\Konzola.csproj]
  C:\Users\ratho\OneDrive\Plocha\work_2026\FASK_2026\0x_Zdrojove_Kody\Konzola\Konzola\Vyroba\Ciselnik\FormVazbyMaterialy.cs(2422,46): warning CS0168: Promìnná ex je deklarovaná, ale nikdy se nepoužívá. [C:\Users\ratho\OneDrive\Plocha\work_2026\FASK_2026\0x_Zdrojove_Kody\Konzola\Konzola\Konzola.csproj]
  C:\Users\ratho\OneDrive\Plocha\work_2026\FASK_2026\0x_Zdrojove_Kody\Konzola\Konzola\Ciselniky\FormLokaceVariantySortimentList.cs(1923,46): warning CS0168: Promìnná ex je deklarovaná, ale nikdy se nepoužívá. [C:\Users\ratho\OneDrive\Plocha\work_2026\FASK_2026\0x_Zdrojove_Kody\Konzola\Konzola\Konzola.csproj]
  C:\Users\ratho\OneDrive\Plocha\work_2026\FASK_2026\0x_Zdrojove_Kody\Konzola\Konzola\Vyroba\Ciselnik\FormVazbyMaterialy.cs(2776,50): warning CS0168: Promìnná ex je deklarovaná, ale nikdy se nepoužívá. [C:\Users\ratho\OneDrive\Plocha\work_2026\FASK_2026\0x_Zdrojove_Kody\Konzola\Konzola\Konzola.csproj]
  C:\Users\ratho\OneDrive\Plocha\work_2026\FASK_2026\0x_Zdrojove_Kody\Konzola\Konzola\Vyroba\Ciselnik\FormVazbyMaterialy.cs(2898,46): warning CS0168: Promìnná ex je deklarovaná, ale nikdy se nepoužívá. [C:\Users\ratho\OneDrive\Plocha\work_2026\FASK_2026\0x_Zdrojove_Kody\Konzola\Konzola\Konzola.csproj]
  C:\Users\ratho\OneDrive\Plocha\work_2026\FASK_2026\0x_Zdrojove_Kody\Konzola\Konzola\Vyroba\Ciselnik\FormVazbyMaterialy.cs(3353,18): warning CS0219: Promìnná uspech má pøiøazenou hodnotu, ale nikdy se nepoužívá. [C:\Users\ratho\OneDrive\Plocha\work_2026\FASK_2026\0x_Zdrojove_Kody\Konzola\Konzola\Konzola.csproj]
  C:\Users\ratho\OneDrive\Plocha\work_2026\FASK_2026\0x_Zdrojove_Kody\Konzola\Konzola\Vyroba\Ciselnik\Form_Moduly.cs(1626,46): warning CS0168: Promìnná ex je deklarovaná, ale nikdy se nepoužívá. [C:\Users\ratho\OneDrive\Plocha\work_2026\FASK_2026\0x_Zdrojove_Kody\Konzola\Konzola\Konzola.csproj]
  C:\Users\ratho\OneDrive\Plocha\work_2026\FASK_2026\0x_Zdrojove_Kody\Konzola\Konzola\Vydej\FormDavkyVydejeList.cs(2328,46): warning CS0168: Promìnná ex je deklarovaná, ale nikdy se nepoužívá. [C:\Users\ratho\OneDrive\Plocha\work_2026\FASK_2026\0x_Zdrojove_Kody\Konzola\Konzola\Konzola.csproj]
  C:\Users\ratho\OneDrive\Plocha\work_2026\FASK_2026\0x_Zdrojove_Kody\Konzola\Konzola\Vyroba\Transakce\FormVyrobniPrikazList.cs(5109,50): warning CS0168: Promìnná ex je deklarovaná, ale nikdy se nepoužívá. [C:\Users\ratho\OneDrive\Plocha\work_2026\FASK_2026\0x_Zdrojove_Kody\Konzola\Konzola\Konzola.csproj]
  C:\Users\ratho\OneDrive\Plocha\work_2026\FASK_2026\0x_Zdrojove_Kody\Konzola\Konzola\Vydej\FormDavkyVydejeList.cs(2580,50): warning CS0168: Promìnná ex je deklarovaná, ale nikdy se nepoužívá. [C:\Users\ratho\OneDrive\Plocha\work_2026\FASK_2026\0x_Zdrojove_Kody\Konzola\Konzola\Konzola.csproj]
  C:\Users\ratho\OneDrive\Plocha\work_2026\FASK_2026\0x_Zdrojove_Kody\Konzola\Konzola\Vyroba\Ciselnik\FormSkupinyList.cs(894,50): warning CS0168: Promìnná ex je deklarovaná, ale nikdy se nepoužívá. [C:\Users\ratho\OneDrive\Plocha\work_2026\FASK_2026\0x_Zdrojove_Kody\Konzola\Konzola\Konzola.csproj]
  C:\Users\ratho\OneDrive\Plocha\work_2026\FASK_2026\0x_Zdrojove_Kody\Konzola\Konzola\Vydej\FormDavkyVydejeList.cs(2695,46): warning CS0168: Promìnná ex je deklarovaná, ale nikdy se nepoužívá. [C:\Users\ratho\OneDrive\Plocha\work_2026\FASK_2026\0x_Zdrojove_Kody\Konzola\Konzola\Konzola.csproj]
  C:\Users\ratho\OneDrive\Plocha\work_2026\FASK_2026\0x_Zdrojove_Kody\Konzola\Konzola\Ciselniky\FormZboziList.cs(1980,46): warning CS0168: Promìnná ex je deklarovaná, ale nikdy se nepoužívá. [C:\Users\ratho\OneDrive\Plocha\work_2026\FASK_2026\0x_Zdrojove_Kody\Konzola\Konzola\Konzola.csproj]
  C:\Users\ratho\OneDrive\Plocha\work_2026\FASK_2026\0x_Zdrojove_Kody\Konzola\Konzola\Vyroba\Rozbory\FormProductionSourecesList.cs(1588,46): warning CS0168: Promìnná ex je deklarovaná, ale nikdy se nepoužívá. [C:\Users\ratho\OneDrive\Plocha\work_2026\FASK_2026\0x_Zdrojove_Kody\Konzola\Konzola\Konzola.csproj]
  C:\Users\ratho\OneDrive\Plocha\work_2026\FASK_2026\0x_Zdrojove_Kody\Konzola\Konzola\Vydej\FormDavkyVydejeList.cs(3056,13): warning CS0162: Byl zjištìn nedosažitelný kód. [C:\Users\ratho\OneDrive\Plocha\work_2026\FASK_2026\0x_Zdrojove_Kody\Konzola\Konzola\Konzola.csproj]
  C:\Users\ratho\OneDrive\Plocha\work_2026\FASK_2026\0x_Zdrojove_Kody\Konzola\Konzola\Vyroba\Rozbory\FormProductionSourecesList.cs(1931,50): warning CS0168: Promìnná ex je deklarovaná, ale nikdy se nepoužívá. [C:\Users\ratho\OneDrive\Plocha\work_2026\FASK_2026\0x_Zdrojove_Kody\Konzola\Konzola\Konzola.csproj]
  C:\Users\ratho\OneDrive\Plocha\work_2026\FASK_2026\0x_Zdrojove_Kody\Konzola\Konzola\Vyroba\Rozbory\FormProductionSourecesList.cs(2046,46): warning CS0168: Promìnná ex je deklarovaná, ale nikdy se nepoužívá. [C:\Users\ratho\OneDrive\Plocha\work_2026\FASK_2026\0x_Zdrojove_Kody\Konzola\Konzola\Konzola.csproj]
  C:\Users\ratho\OneDrive\Plocha\work_2026\FASK_2026\0x_Zdrojove_Kody\Konzola\Konzola\Planovani\FormPlanovaniVyrobyList.cs(4235,46): warning CS0168: Promìnná ex je deklarovaná, ale nikdy se nepoužívá. [C:\Users\ratho\OneDrive\Plocha\work_2026\FASK_2026\0x_Zdrojove_Kody\Konzola\Konzola\Konzola.csproj]
  C:\Users\ratho\OneDrive\Plocha\work_2026\FASK_2026\0x_Zdrojove_Kody\Konzola\Konzola\Vyroba\Ciselnik\Form_Moduly.cs(1851,46): warning CS0168: Promìnná ex je deklarovaná, ale nikdy se nepoužívá. [C:\Users\ratho\OneDrive\Plocha\work_2026\FASK_2026\0x_Zdrojove_Kody\Konzola\Konzola\Konzola.csproj]
  C:\Users\ratho\OneDrive\Plocha\work_2026\FASK_2026\0x_Zdrojove_Kody\Konzola\Konzola\Vyroba\Ciselnik\FormSkupinyList.cs(1124,46): warning CS0168: Promìnná ex je deklarovaná, ale nikdy se nepoužívá. [C:\Users\ratho\OneDrive\Plocha\work_2026\FASK_2026\0x_Zdrojove_Kody\Konzola\Konzola\Konzola.csproj]
  C:\Users\ratho\OneDrive\Plocha\work_2026\FASK_2026\0x_Zdrojove_Kody\Konzola\Konzola\Vyroba\Ciselnik\Form_Moduly.cs(2140,50): warning CS0168: Promìnná ex je deklarovaná, ale nikdy se nepoužívá. [C:\Users\ratho\OneDrive\Plocha\work_2026\FASK_2026\0x_Zdrojove_Kody\Konzola\Konzola\Konzola.csproj]
  C:\Users\ratho\OneDrive\Plocha\work_2026\FASK_2026\0x_Zdrojove_Kody\Konzola\Konzola\Vyroba\Ciselnik\Form_Moduly.cs(2395,46): warning CS0168: Promìnná ex je deklarovaná, ale nikdy se nepoužívá. [C:\Users\ratho\OneDrive\Plocha\work_2026\FASK_2026\0x_Zdrojove_Kody\Konzola\Konzola\Konzola.csproj]
  C:\Users\ratho\OneDrive\Plocha\work_2026\FASK_2026\0x_Zdrojove_Kody\Konzola\Konzola\Ciselniky\FormZboziList.cs(2312,50): warning CS0168: Promìnná ex je deklarovaná, ale nikdy se nepoužívá. [C:\Users\ratho\OneDrive\Plocha\work_2026\FASK_2026\0x_Zdrojove_Kody\Konzola\Konzola\Konzola.csproj]
  C:\Users\ratho\OneDrive\Plocha\work_2026\FASK_2026\0x_Zdrojove_Kody\Konzola\Konzola\Ciselniky\FormZboziList.cs(2427,46): warning CS0168: Promìnná ex je deklarovaná, ale nikdy se nepoužívá. [C:\Users\ratho\OneDrive\Plocha\work_2026\FASK_2026\0x_Zdrojove_Kody\Konzola\Konzola\Konzola.csproj]
  C:\Users\ratho\OneDrive\Plocha\work_2026\FASK_2026\0x_Zdrojove_Kody\Konzola\Konzola\Planovani\FormPlanovaniVyrobyList.cs(4487,50): warning CS0168: Promìnná ex je deklarovaná, ale nikdy se nepoužívá. [C:\Users\ratho\OneDrive\Plocha\work_2026\FASK_2026\0x_Zdrojove_Kody\Konzola\Konzola\Konzola.csproj]
  C:\Users\ratho\OneDrive\Plocha\work_2026\FASK_2026\0x_Zdrojove_Kody\Konzola\Konzola\Vyroba\Ciselnik\FormSkupinyList.cs(1413,50): warning CS0168: Promìnná ex je deklarovaná, ale nikdy se nepoužívá. [C:\Users\ratho\OneDrive\Plocha\work_2026\FASK_2026\0x_Zdrojove_Kody\Konzola\Konzola\Konzola.csproj]
  C:\Users\ratho\OneDrive\Plocha\work_2026\FASK_2026\0x_Zdrojove_Kody\Konzola\Konzola\Planovani\FormPlanovaniVyrobyList.cs(4602,46): warning CS0168: Promìnná ex je deklarovaná, ale nikdy se nepoužívá. [C:\Users\ratho\OneDrive\Plocha\work_2026\FASK_2026\0x_Zdrojove_Kody\Konzola\Konzola\Konzola.csproj]
  C:\Users\ratho\OneDrive\Plocha\work_2026\FASK_2026\0x_Zdrojove_Kody\Konzola\Konzola\Vyroba\Ciselnik\FormSkupinyList.cs(1528,46): warning CS0168: Promìnná ex je deklarovaná, ale nikdy se nepoužívá. [C:\Users\ratho\OneDrive\Plocha\work_2026\FASK_2026\0x_Zdrojove_Kody\Konzola\Konzola\Konzola.csproj]
  C:\Users\ratho\OneDrive\Plocha\work_2026\FASK_2026\0x_Zdrojove_Kody\Konzola\Konzola\Vyroba\Rozbory\FormProductionList.cs(2896,46): warning CS0168: Promìnná ex je deklarovaná, ale nikdy se nepoužívá. [C:\Users\ratho\OneDrive\Plocha\work_2026\FASK_2026\0x_Zdrojove_Kody\Konzola\Konzola\Konzola.csproj]
  C:\Users\ratho\OneDrive\Plocha\work_2026\FASK_2026\0x_Zdrojove_Kody\Konzola\Konzola\Vyroba\Rozbory\FormProductionList.cs(3148,50): warning CS0168: Promìnná ex je deklarovaná, ale nikdy se nepoužívá. [C:\Users\ratho\OneDrive\Plocha\work_2026\FASK_2026\0x_Zdrojove_Kody\Konzola\Konzola\Konzola.csproj]
  C:\Users\ratho\OneDrive\Plocha\work_2026\FASK_2026\0x_Zdrojove_Kody\Konzola\Konzola\Vyroba\Rozbory\FormProductionList.cs(3263,46): warning CS0168: Promìnná ex je deklarovaná, ale nikdy se nepoužívá. [C:\Users\ratho\OneDrive\Plocha\work_2026\FASK_2026\0x_Zdrojove_Kody\Konzola\Konzola\Konzola.csproj]
  C:\Users\ratho\OneDrive\Plocha\work_2026\FASK_2026\0x_Zdrojove_Kody\Konzola\Konzola\Program.cs(12,37): warning CS0169: Pole Program.splash se nikdy nepoužívá. [C:\Users\ratho\OneDrive\Plocha\work_2026\FASK_2026\0x_Zdrojove_Kody\Konzola\Konzola\Konzola.csproj]
  C:\Users\ratho\OneDrive\Plocha\work_2026\FASK_2026\0x_Zdrojove_Kody\Konzola\Konzola\Scanner\ScannerNone.cs(29,51): warning CS0067: Událost ScannerNone.DataReady se nikdy nepoužívá. [C:\Users\ratho\OneDrive\Plocha\work_2026\FASK_2026\0x_Zdrojove_Kody\Konzola\Konzola\Konzola.csproj]
  C:\Users\ratho\OneDrive\Plocha\work_2026\FASK_2026\0x_Zdrojove_Kody\Konzola\Konzola\Ciselniky\FormZboziList.cs(31,22): warning CS0414: Pole FormZboziList.opravneniArchivace má pøiøazenou hodnotu, ale nikdy se nepoužívá. [C:\Users\ratho\OneDrive\Plocha\work_2026\FASK_2026\0x_Zdrojove_Kody\Konzola\Konzola\Konzola.csproj]
  C:\Users\ratho\OneDrive\Plocha\work_2026\FASK_2026\0x_Zdrojove_Kody\Konzola\Konzola\Vyroba\Ciselnik\Form_Moduly.cs(31,22): warning CS0414: Pole Form_Moduly.opravneniImport má pøiøazenou hodnotu, ale nikdy se nepoužívá. [C:\Users\ratho\OneDrive\Plocha\work_2026\FASK_2026\0x_Zdrojove_Kody\Konzola\Konzola\Konzola.csproj]
  C:\Users\ratho\OneDrive\Plocha\work_2026\FASK_2026\0x_Zdrojove_Kody\Konzola\Konzola\Vyroba\Ciselnik\FormVazbyMaterialy.cs(26,22): warning CS0414: Pole FormVazbyMaterialy.opravneniArchivace má pøiøazenou hodnotu, ale nikdy se nepoužívá. [C:\Users\ratho\OneDrive\Plocha\work_2026\FASK_2026\0x_Zdrojove_Kody\Konzola\Konzola\Konzola.csproj]
  C:\Users\ratho\OneDrive\Plocha\work_2026\FASK_2026\0x_Zdrojove_Kody\Konzola\Konzola\Ciselniky\FormLokace.cs(33,22): warning CS0414: Pole FormLokace.opravneniArchivace má pøiøazenou hodnotu, ale nikdy se nepoužívá. [C:\Users\ratho\OneDrive\Plocha\work_2026\FASK_2026\0x_Zdrojove_Kody\Konzola\Konzola\Konzola.csproj]
  C:\Users\ratho\OneDrive\Plocha\work_2026\FASK_2026\0x_Zdrojove_Kody\Konzola\Konzola\Vyroba\Rozbory\FormProductionSourecesList.cs(26,22): warning CS0414: Pole FormProductionSourecesList.opravneniArchivace má pøiøazenou hodnotu, ale nikdy se nepoužívá. [C:\Users\ratho\OneDrive\Plocha\work_2026\FASK_2026\0x_Zdrojove_Kody\Konzola\Konzola\Konzola.csproj]
  C:\Users\ratho\OneDrive\Plocha\work_2026\FASK_2026\0x_Zdrojove_Kody\Konzola\Konzola\Planovani\FormPlanovaniVyrobyList.cs(146,22): warning CS0414: Pole FormPlanovaniVyrobyList.opravneniEditace má pøiøazenou hodnotu, ale nikdy se nepoužívá. [C:\Users\ratho\OneDrive\Plocha\work_2026\FASK_2026\0x_Zdrojove_Kody\Konzola\Konzola\Konzola.csproj]
  C:\Users\ratho\OneDrive\Plocha\work_2026\FASK_2026\0x_Zdrojove_Kody\Konzola\Konzola\Ciselniky\FormLokaceVariantySortimentList.cs(28,22): warning CS0414: Pole FormLokaceVariantySortimentList.opravneniArchivace má pøiøazenou hodnotu, ale nikdy se nepoužívá. [C:\Users\ratho\OneDrive\Plocha\work_2026\FASK_2026\0x_Zdrojove_Kody\Konzola\Konzola\Konzola.csproj]
  C:\Users\ratho\OneDrive\Plocha\work_2026\FASK_2026\0x_Zdrojove_Kody\Konzola\Konzola\Ciselniky\FormStrediskaList.cs(26,22): warning CS0414: Pole FormStrediskaList.opravneniArchivace má pøiøazenou hodnotu, ale nikdy se nepoužívá. [C:\Users\ratho\OneDrive\Plocha\work_2026\FASK_2026\0x_Zdrojove_Kody\Konzola\Konzola\Konzola.csproj]
  C:\Users\ratho\OneDrive\Plocha\work_2026\FASK_2026\0x_Zdrojove_Kody\Konzola\Konzola\Ciselniky\FormTypyDokladuList.cs(24,22): warning CS0414: Pole FormTypyDokladuList.opravneniImport má pøiøazenou hodnotu, ale nikdy se nepoužívá. [C:\Users\ratho\OneDrive\Plocha\work_2026\FASK_2026\0x_Zdrojove_Kody\Konzola\Konzola\Konzola.csproj]
  C:\Users\ratho\OneDrive\Plocha\work_2026\FASK_2026\0x_Zdrojove_Kody\Konzola\Konzola\Ciselniky\FormOdberateleList.cs(26,22): warning CS0414: Pole FormOdberateleList.opravneniArchivace má pøiøazenou hodnotu, ale nikdy se nepoužívá. [C:\Users\ratho\OneDrive\Plocha\work_2026\FASK_2026\0x_Zdrojove_Kody\Konzola\Konzola\Konzola.csproj]
  C:\Users\ratho\OneDrive\Plocha\work_2026\FASK_2026\0x_Zdrojove_Kody\Konzola\Konzola\Vyroba\Rozbory\FormOdvod_EventsList.cs(241,22): warning CS0414: Pole FormOdvod_EventsList.opravneniImport má pøiøazenou hodnotu, ale nikdy se nepoužívá. [C:\Users\ratho\OneDrive\Plocha\work_2026\FASK_2026\0x_Zdrojove_Kody\Konzola\Konzola\Konzola.csproj]
  C:\Users\ratho\OneDrive\Plocha\work_2026\FASK_2026\0x_Zdrojove_Kody\Konzola\Konzola\Forms\Spolecne\FormVyrabenePolozky.cs(174,22): warning CS0414: Pole FormVyrabenePolozky.opravneniImport má pøiøazenou hodnotu, ale nikdy se nepoužívá. [C:\Users\ratho\OneDrive\Plocha\work_2026\FASK_2026\0x_Zdrojove_Kody\Konzola\Konzola\Konzola.csproj]
  C:\Users\ratho\OneDrive\Plocha\work_2026\FASK_2026\0x_Zdrojove_Kody\Konzola\Konzola\Vyroba\Rozbory\FormProductionList.cs(343,22): warning CS0414: Pole FormProductionList.opravneniImport má pøiøazenou hodnotu, ale nikdy se nepoužívá. [C:\Users\ratho\OneDrive\Plocha\work_2026\FASK_2026\0x_Zdrojove_Kody\Konzola\Konzola\Konzola.csproj]
  C:\Users\ratho\OneDrive\Plocha\work_2026\FASK_2026\0x_Zdrojove_Kody\Konzola\Konzola\Ciselniky\FormTypyDokladuList.cs(25,22): warning CS0414: Pole FormTypyDokladuList.opravneniArchivace má pøiøazenou hodnotu, ale nikdy se nepoužívá. [C:\Users\ratho\OneDrive\Plocha\work_2026\FASK_2026\0x_Zdrojove_Kody\Konzola\Konzola\Konzola.csproj]
  C:\Users\ratho\OneDrive\Plocha\work_2026\FASK_2026\0x_Zdrojove_Kody\Konzola\Konzola\Planovani\FormPlanovaniVyrobyList.cs(148,22): warning CS0414: Pole FormPlanovaniVyrobyList.opravneniArchivace má pøiøazenou hodnotu, ale nikdy se nepoužívá. [C:\Users\ratho\OneDrive\Plocha\work_2026\FASK_2026\0x_Zdrojove_Kody\Konzola\Konzola\Konzola.csproj]
  C:\Users\ratho\OneDrive\Plocha\work_2026\FASK_2026\0x_Zdrojove_Kody\Konzola\Konzola\ImportniMustky\FormImport_SKzNC_List.cs(29,22): warning CS0414: Pole FormImport_SKzNC_List.opravneniArchivace má pøiøazenou hodnotu, ale nikdy se nepoužívá. [C:\Users\ratho\OneDrive\Plocha\work_2026\FASK_2026\0x_Zdrojove_Kody\Konzola\Konzola\Konzola.csproj]
  C:\Users\ratho\OneDrive\Plocha\work_2026\FASK_2026\0x_Zdrojove_Kody\Konzola\Konzola\Ciselniky\FormPracovniciList.cs(71,22): warning CS0414: Pole FormPracovniciList.opravneniArchivace má pøiøazenou hodnotu, ale nikdy se nepoužívá. [C:\Users\ratho\OneDrive\Plocha\work_2026\FASK_2026\0x_Zdrojove_Kody\Konzola\Konzola\Konzola.csproj]
  C:\Users\ratho\OneDrive\Plocha\work_2026\FASK_2026\0x_Zdrojove_Kody\Konzola\Konzola\Ciselniky\FormSkladyList.cs(37,22): warning CS0414: Pole FormSkladyList.opravneniArchivace má pøiøazenou hodnotu, ale nikdy se nepoužívá. [C:\Users\ratho\OneDrive\Plocha\work_2026\FASK_2026\0x_Zdrojove_Kody\Konzola\Konzola\Konzola.csproj]
  C:\Users\ratho\OneDrive\Plocha\work_2026\FASK_2026\0x_Zdrojove_Kody\Konzola\Konzola\Vyroba\Rozbory\FormProductionSourecesList.cs(25,22): warning CS0414: Pole FormProductionSourecesList.opravneniImport má pøiøazenou hodnotu, ale nikdy se nepoužívá. [C:\Users\ratho\OneDrive\Plocha\work_2026\FASK_2026\0x_Zdrojove_Kody\Konzola\Konzola\Konzola.csproj]
  C:\Users\ratho\OneDrive\Plocha\work_2026\FASK_2026\0x_Zdrojove_Kody\Konzola\Konzola\Ciselniky\FormPracovniciList.cs(69,22): warning CS0414: Pole FormPracovniciList.opravneniEditace má pøiøazenou hodnotu, ale nikdy se nepoužívá. [C:\Users\ratho\OneDrive\Plocha\work_2026\FASK_2026\0x_Zdrojove_Kody\Konzola\Konzola\Konzola.csproj]
  C:\Users\ratho\OneDrive\Plocha\work_2026\FASK_2026\0x_Zdrojove_Kody\Konzola\Konzola\Ciselniky\FormLokaceMapaList.cs(33,22): warning CS0414: Pole FormLokaceMapaList.opravneniArchivace má pøiøazenou hodnotu, ale nikdy se nepoužívá. [C:\Users\ratho\OneDrive\Plocha\work_2026\FASK_2026\0x_Zdrojove_Kody\Konzola\Konzola\Konzola.csproj]
  C:\Users\ratho\OneDrive\Plocha\work_2026\FASK_2026\0x_Zdrojove_Kody\Konzola\Konzola\Ciselniky\FormLokaceVariantySortimentList.cs(27,22): warning CS0414: Pole FormLokaceVariantySortimentList.opravneniImport má pøiøazenou hodnotu, ale nikdy se nepoužívá. [C:\Users\ratho\OneDrive\Plocha\work_2026\FASK_2026\0x_Zdrojove_Kody\Konzola\Konzola\Konzola.csproj]
  C:\Users\ratho\OneDrive\Plocha\work_2026\FASK_2026\0x_Zdrojove_Kody\Konzola\Konzola\Vyroba\Rozbory\FormOdvod_EventsList.cs(240,22): warning CS0414: Pole FormOdvod_EventsList.opravneniEditace má pøiøazenou hodnotu, ale nikdy se nepoužívá. [C:\Users\ratho\OneDrive\Plocha\work_2026\FASK_2026\0x_Zdrojove_Kody\Konzola\Konzola\Konzola.csproj]
  C:\Users\ratho\OneDrive\Plocha\work_2026\FASK_2026\0x_Zdrojove_Kody\Konzola\Konzola\Ciselniky\FormLokaceTypyList.cs(26,22): warning CS0414: Pole FormLokaceTypyList.opravneniArchivace má pøiøazenou hodnotu, ale nikdy se nepoužívá. [C:\Users\ratho\OneDrive\Plocha\work_2026\FASK_2026\0x_Zdrojove_Kody\Konzola\Konzola\Konzola.csproj]
  C:\Users\ratho\OneDrive\Plocha\work_2026\FASK_2026\0x_Zdrojove_Kody\Konzola\Konzola\Ciselniky\FormLokaceTypyList.cs(25,22): warning CS0414: Pole FormLokaceTypyList.opravneniImport má pøiøazenou hodnotu, ale nikdy se nepoužívá. [C:\Users\ratho\OneDrive\Plocha\work_2026\FASK_2026\0x_Zdrojove_Kody\Konzola\Konzola\Konzola.csproj]
  C:\Users\ratho\OneDrive\Plocha\work_2026\FASK_2026\0x_Zdrojove_Kody\Konzola\Konzola\Vyroba\Ciselnik\Form_Stroje.cs(31,22): warning CS0414: Pole Form_Stroje.opravneniImport má pøiøazenou hodnotu, ale nikdy se nepoužívá. [C:\Users\ratho\OneDrive\Plocha\work_2026\FASK_2026\0x_Zdrojove_Kody\Konzola\Konzola\Konzola.csproj]


C:\Users\ratho\OneDrive\Plocha\work_2026\FASK_2026\0x_Zdrojove_Kody\Konzola\Konzola.sln (Build cíl) (1) ->
"C:\Users\ratho\OneDrive\Plocha\work_2026\FASK_2026\0x_Zdrojove_Kody\Konzola\RFID_DLR-DK001\RFID_DLR_DK001_Provider.csproj" (výchozí cíl) (27) ->
(cíl ResolveAssemblyReferences) -> 
  C:\Program Files\Microsoft Visual Studio\18\Community\MSBuild\Current\Bin\Microsoft.Common.CurrentVersion.targets(2453,5): warning MSB3270: Došlo k neshodì mezi architekturou procesoru MSIL v sestavovaném projektu a architekturou procesoru x86 pro odkaz C:\Users\ratho\OneDrive\Plocha\work_2026\FASK_2026\0x_Zdrojove_Kody\!Build!\Konzola\Debug\Konzola.exe. Tato neshoda mùže zpùsobit bìhové chyby. Zvažte zmìnu cílové architektury procesoru ve vašem projektu prostøednictvím nástroje Správce konfigurace tak, aby architektura procesoru projektu odpovídala architekturám procesoru odkazù. Mùžete také použít závislost na odkazech, jejichž architektura procesoru odpovídá cílové architektuøe procesoru ve vašem projektu. [C:\Users\ratho\OneDrive\Plocha\work_2026\FASK_2026\0x_Zdrojove_Kody\Konzola\RFID_DLR-DK001\RFID_DLR_DK001_Provider.csproj]


C:\Users\ratho\OneDrive\Plocha\work_2026\FASK_2026\0x_Zdrojove_Kody\Konzola\Konzola.sln (Build cíl) (1) ->
"C:\Users\ratho\OneDrive\Plocha\work_2026\FASK_2026\0x_Zdrojove_Kody\Konzola\RFID_SR-5102\RFID_SR_5102_Provider.csproj" (výchozí cíl) (28) ->
  C:\Program Files\Microsoft Visual Studio\18\Community\MSBuild\Current\Bin\Microsoft.Common.CurrentVersion.targets(2453,5): warning MSB3270: Došlo k neshodì mezi architekturou procesoru MSIL v sestavovaném projektu a architekturou procesoru x86 pro odkaz C:\Users\ratho\OneDrive\Plocha\work_2026\FASK_2026\0x_Zdrojove_Kody\!Build!\Konzola\Debug\Konzola.exe. Tato neshoda mùže zpùsobit bìhové chyby. Zvažte zmìnu cílové architektury procesoru ve vašem projektu prostøednictvím nástroje Správce konfigurace tak, aby architektura procesoru projektu odpovídala architekturám procesoru odkazù. Mùžete také použít závislost na odkazech, jejichž architektura procesoru odpovídá cílové architektuøe procesoru ve vašem projektu. [C:\Users\ratho\OneDrive\Plocha\work_2026\FASK_2026\0x_Zdrojove_Kody\Konzola\RFID_SR-5102\RFID_SR_5102_Provider.csproj]


C:\Users\ratho\OneDrive\Plocha\work_2026\FASK_2026\0x_Zdrojove_Kody\Konzola\Konzola.sln (Build cíl) (1) ->
"C:\Users\ratho\OneDrive\Plocha\work_2026\FASK_2026\0x_Zdrojove_Kody\Konzola\RFID_SR-5102\RFID_SR_5102_Provider.csproj" (výchozí cíl) (28) ->
(cíl CoreCompile) -> 
  C:\Users\ratho\OneDrive\Plocha\work_2026\FASK_2026\0x_Zdrojove_Kody\Konzola\RFID_SR-5102\RFID_SR_5102_Provider.cs(115,45): warning CS0162: Byl zjištìn nedosažitelný kód. [C:\Users\ratho\OneDrive\Plocha\work_2026\FASK_2026\0x_Zdrojove_Kody\Konzola\RFID_SR-5102\RFID_SR_5102_Provider.csproj]

    202 upozornìní
    Poèet chyb: 0

FileLogger provedl zápis do: C:\Users\ratho\OneDrive\Plocha\work_2026\FASK_2026\konzola-build.log.

Uplynulý èas 00:00:46.62
